# Noesis .obj export.
#
mtllib unused.mtl
g
v  1552.000000 -2432.000000 0.000000
v  1552.000000 -2560.000000 0.000000
v  1664.000000 -2560.000000 0.000000
v  1664.000000 -2432.000000 0.000000
v  1248.000000 -2528.000000 0.000000
v  1384.000000 -2592.000000 0.000000
v  1472.000000 -2560.000000 0.000000
v  1472.000000 -2432.000000 0.000000
v  1216.000000 -2880.000000 0.000000
v  1344.000000 -2880.000000 0.000000
v  1472.000000 -2432.000000 0.000000
v  1472.000000 -2560.000000 0.000000
v  1536.000000 -2560.000000 0.000000
v  1536.000000 -2432.000000 0.000000
v  1536.000000 -2432.000000 0.000000
v  1536.000000 -2560.000000 0.000000
v  1552.000000 -2560.000000 0.000000
v  1552.000000 -2432.000000 0.000000
v  2496.000000 -2618.666748 0.000000
v  2496.000000 -2592.000000 0.000000
v  2336.000000 -2592.000000 0.000000
v  2112.000000 -2554.666748 0.000000
v  2112.000000 -2560.000000 0.000000
v  2144.000000 -2560.000000 0.000000
v  2112.000000 -2309.333252 0.000000
v  2144.000000 -2304.000000 0.000000
v  2112.000000 -2592.000000 0.000000
v  2112.000000 -2752.000000 0.000000
v  2336.000000 -2752.000000 0.000000
v  2496.000000 -2752.000000 0.000000
v  2496.000000 -2560.000000 0.000000
v  2336.000000 -2560.000000 0.000000
v  2336.000000 -2272.000000 0.000000
v  2496.000000 -2245.333252 0.000000
v  2496.000000 -2112.000000 0.000000
v  2336.000000 -2112.000000 0.000000
v  2112.000000 -2304.000000 0.000000
v  2496.000000 -2272.000000 0.000000
v  2144.000000 -2112.000000 0.000000
v  2144.000000 -2272.000000 0.000000
v  2112.000000 -2112.000000 0.000000
v  2112.000000 -2272.000000 0.000000
v  1784.000000 -2272.000000 0.000000
v  1664.000000 -2272.000000 0.000000
v  1664.000000 -2304.000000 0.000000
v  1784.000000 -2304.000000 0.000000
v  1664.000000 -2312.000000 0.000000
v  1784.000000 -2312.000000 0.000000
v  1784.000000 -2232.000000 0.000000
v  1784.000000 -2112.000000 0.000000
v  1664.000000 -2112.000000 0.000000
v  1664.000000 -2232.000000 0.000000
v  1992.000000 -2304.000000 0.000000
v  1992.000000 -2272.000000 0.000000
v  1992.000000 -2312.000000 0.000000
v  2112.000000 -2312.000000 0.000000
v  2112.000000 -2232.000000 0.000000
v  1992.000000 -2232.000000 0.000000
v  1992.000000 -2112.000000 0.000000
v  1784.000000 -2560.000000 0.000000
v  1664.000000 -2560.000000 0.000000
v  1664.000000 -2592.000000 0.000000
v  1784.000000 -2592.000000 0.000000
v  1664.000000 -2632.000000 0.000000
v  1784.000000 -2632.000000 0.000000
v  1664.000000 -2752.000000 0.000000
v  1784.000000 -2752.000000 0.000000
v  1784.000000 -2552.000000 0.000000
v  1664.000000 -2552.000000 0.000000
v  1992.000000 -2552.000000 0.000000
v  1992.000000 -2560.000000 0.000000
v  2112.000000 -2552.000000 0.000000
v  1992.000000 -2592.000000 0.000000
v  1992.000000 -2632.000000 0.000000
v  2112.000000 -2632.000000 0.000000
v  1992.000000 -2752.000000 0.000000
v  1792.000000 -2304.000000 0.000000
v  1784.000000 -2304.000000 0.000000
v  1784.000000 -2312.000000 0.000000
v  1792.000000 -2312.000000 0.000000
v  1792.000000 -2240.000000 0.000000
v  1792.000000 -2232.000000 0.000000
v  1784.000000 -2232.000000 0.000000
v  1784.000000 -2240.000000 0.000000
v  1984.000000 -2312.000000 0.000000
v  1992.000000 -2312.000000 0.000000
v  1992.000000 -2304.000000 0.000000
v  1984.000000 -2304.000000 0.000000
v  1992.000000 -2240.000000 0.000000
v  1984.000000 -2240.000000 0.000000
v  1992.000000 -2232.000000 0.000000
v  1984.000000 -2232.000000 0.000000
v  1792.000000 -2624.000000 0.000000
v  1784.000000 -2624.000000 0.000000
v  1784.000000 -2632.000000 0.000000
v  1792.000000 -2632.000000 0.000000
v  1792.000000 -2560.000000 0.000000
v  1792.000000 -2552.000000 0.000000
v  1784.000000 -2552.000000 0.000000
v  1784.000000 -2560.000000 0.000000
v  1984.000000 -2632.000000 0.000000
v  1992.000000 -2632.000000 0.000000
v  1992.000000 -2624.000000 0.000000
v  1984.000000 -2624.000000 0.000000
v  1992.000000 -2560.000000 0.000000
v  1984.000000 -2560.000000 0.000000
v  1992.000000 -2552.000000 0.000000
v  1984.000000 -2552.000000 0.000000
v  320.000000 -3200.000000 -8.000000
v  320.000000 -3264.000000 -8.000000
v  496.000000 -3136.000000 -8.000000
v  256.000000 -3136.000000 -8.000000
v  96.000000 -3136.000000 -8.000000
v  128.000000 -3200.000000 -8.000000
v  256.000000 -3200.000000 -8.000000
v  256.000000 -3072.000000 -8.000000
v  256.000000 -3008.000000 -8.000000
v  128.000000 -3008.000000 -8.000000
v  64.000000 -3072.000000 -8.000000
v  320.000000 -3136.000000 -8.000000
v  472.000000 -3072.000000 -8.000000
v  320.000000 -3072.000000 -8.000000
v  448.000000 -3008.000000 -8.000000
v  320.000000 -3008.000000 -8.000000
v  256.000000 -3328.000000 -8.000000
v  256.000000 -3264.000000 -8.000000
v  192.000000 -3392.000000 -8.000000
v  256.000000 -3392.000000 -8.000000
v  128.000000 -3456.000000 -8.000000
v  256.000000 -3456.000000 -8.000000
v  96.000000 -3328.000000 -8.000000
v  64.000000 -3392.000000 -8.000000
v  128.000000 -3264.000000 -8.000000
v  320.000000 -3456.000000 -8.000000
v  448.000000 -3456.000000 -8.000000
v  472.000000 -3392.000000 -8.000000
v  320.000000 -3392.000000 -8.000000
v  320.000000 -3328.000000 -8.000000
v  496.000000 -3328.000000 -8.000000
v  224.000000 -3200.000000 40.000000
v  224.000000 -3264.000000 40.000000
v  256.000000 -3264.000000 40.000000
v  256.000000 -3200.000000 40.000000
v  192.000000 -3200.000000 56.000000
v  192.000000 -3264.000000 56.000000
v  224.000000 -3264.000000 56.000000
v  224.000000 -3200.000000 56.000000
v  160.000000 -3200.000000 72.000000
v  160.000000 -3264.000000 72.000000
v  192.000000 -3264.000000 72.000000
v  192.000000 -3200.000000 72.000000
v  -208.000000 -3264.000000 104.000000
v  -266.666656 -3322.666748 104.000000
v  -256.000000 -3328.000000 104.000000
v  -64.000000 -3328.000000 104.000000
v  -64.000000 -3264.000000 104.000000
v  -240.000000 -3264.000000 104.000000
v  -320.000000 -3296.000000 104.000000
v  -320.000000 -3264.000000 104.000000
v  -224.000000 -3280.000000 104.000000
v  -256.000000 -3248.000000 104.000000
v  -320.000000 -3184.000000 104.000000
v  -256.000000 -3264.000000 104.000000
v  -320.000000 -3168.000000 104.000000
v  -256.000000 -3216.000000 104.000000
v  -256.000000 -3136.000000 104.000000
v  -272.000000 -3232.000000 104.000000
v  -240.000000 -3200.000000 104.000000
v  -176.000000 -3136.000000 104.000000
v  -256.000000 -3200.000000 104.000000
v  -208.000000 -3200.000000 104.000000
v  -144.000000 -3200.000000 104.000000
v  -80.000000 -3136.000000 104.000000
v  -224.000000 -3184.000000 104.000000
v  -192.000000 -3264.000000 104.000000
v  -64.000000 -3136.000000 104.000000
v  -192.000000 -3248.000000 104.000000
v  -192.000000 -3216.000000 104.000000
v  -176.000000 -3232.000000 104.000000
v  -192.000000 -3200.000000 104.000000
v  64.000000 -3072.000000 104.000000
v  48.000000 -3072.000000 104.000000
v  -64.000000 -3136.000000 104.000000
v  -64.000000 -3328.000000 104.000000
v  48.000000 -3392.000000 104.000000
v  64.000000 -3392.000000 104.000000
v  128.000000 -3264.000000 104.000000
v  128.000000 -3200.000000 104.000000
v  128.000000 -3200.000000 88.000000
v  128.000000 -3264.000000 88.000000
v  160.000000 -3264.000000 88.000000
v  160.000000 -3200.000000 88.000000
v  1216.000000 -3072.000000 0.000000
v  1344.000000 -3104.000000 0.000000
v  968.000000 -2880.000000 0.000000
v  896.000000 -3072.000000 0.000000
v  1280.000000 -3552.000000 0.000000
v  1344.000000 -3552.000000 0.000000
v  1344.000000 -3360.000000 0.000000
v  1216.000000 -3392.000000 0.000000
v  832.000000 -3552.000000 0.000000
v  1152.000000 -3648.000000 0.000000
v  960.000000 -3648.000000 0.000000
v  896.000000 -3392.000000 0.000000
v  704.000000 -3552.000000 0.000000
v  832.000000 -2944.000000 0.000000
v  704.000000 -2944.000000 0.000000
v  1024.000000 -3648.000000 0.000000
v  1024.000000 -3680.000000 0.000000
v  1088.000000 -3680.000000 0.000000
v  1088.000000 -3648.000000 0.000000
v  512.000000 -3304.000000 -8.000000
v  512.000000 -3328.000000 -8.000000
v  680.000000 -3360.000000 -8.000000
v  704.000000 -3360.000000 -8.000000
v  704.000000 -3104.000000 -8.000000
v  680.000000 -3104.000000 -8.000000
v  496.000000 -3304.000000 -8.000000
v  512.000000 -3160.000000 -8.000000
v  496.000000 -3160.000000 -8.000000
v  512.000000 -3136.000000 -8.000000
v  288.000000 -3200.000000 8.000000
v  288.000000 -3264.000000 8.000000
v  320.000000 -3264.000000 8.000000
v  320.000000 -3200.000000 8.000000
v  256.000000 -3200.000000 24.000000
v  256.000000 -3264.000000 24.000000
v  288.000000 -3264.000000 24.000000
v  288.000000 -3200.000000 24.000000
v  2752.000000 -2560.000000 -16.000000
v  2624.000000 -2784.000000 -16.000000
v  2752.000000 -2784.000000 -16.000000
v  2944.000000 -2656.000000 -16.000000
v  2520.000000 -2688.000000 -8.000000
v  2624.000000 -2784.000000 -8.000000
v  2752.000000 -2560.000000 -8.000000
v  2496.000000 -2560.000000 -8.000000
v  2496.000000 -2688.000000 -8.000000
v  3360.000000 -3648.000000 -48.000000
v  3328.000000 -3744.000000 -48.000000
v  3328.000000 -3968.000000 -48.000000
v  3520.000000 -3904.000000 -48.000000
v  3520.000000 -3584.000000 -48.000000
v  3472.000000 -3520.000000 -48.000000
v  3448.000000 -3520.000000 -48.000000
v  3352.000000 -3568.000000 -48.000000
v  3352.000000 -3592.000000 -48.000000
v  3408.000000 -3432.000000 96.000000
v  3312.000000 -3496.000000 96.000000
v  3352.000000 -3568.000000 96.000000
v  3448.000000 -3520.000000 96.000000
v  3472.000000 -3432.000000 96.000000
v  3616.000000 -3776.000000 104.000000
v  3584.000000 -3904.000000 104.000000
v  3680.000000 -3904.000000 104.000000
v  3744.000000 -3808.000000 104.000000
v  3680.000000 -3552.000000 104.000000
v  3584.000000 -3840.000000 104.000000
v  3680.000000 -3392.000000 104.000000
v  3648.000000 -3264.000000 104.000000
v  3552.000000 -3392.000000 104.000000
v  3552.000000 -3552.000000 104.000000
v  3360.000000 -2880.000000 104.000000
v  3320.000000 -3040.000000 104.000000
v  3400.000000 -3152.000000 104.000000
v  3416.000000 -3152.000000 104.000000
v  3456.000000 -3032.000000 104.000000
v  3304.000000 -3040.000000 104.000000
v  3496.000000 -3032.000000 104.000000
v  3808.000000 -3264.000000 104.000000
v  3584.000000 -2880.000000 104.000000
v  3200.000000 -3744.000000 -48.000000
v  3200.000000 -3968.000000 -48.000000
v  3328.000000 -3968.000000 -48.000000
v  3328.000000 -3744.000000 -48.000000
v  3520.000000 -3840.000000 104.000000
v  3520.000000 -3904.000000 104.000000

vt  24.250000 38.000000 0.000000
vt  24.250000 40.000000 0.000000
vt  26.000000 40.000000 0.000000
vt  26.000000 38.000000 0.000000
vt  19.500000 39.500000 0.000000
vt  21.625000 40.500000 0.000000
vt  23.000000 40.000000 0.000000
vt  23.000000 38.000000 0.000000
vt  19.000000 45.000000 0.000000
vt  21.000000 45.000000 0.000000
vt  23.000000 38.000000 0.000000
vt  23.000000 40.000000 0.000000
vt  24.000000 40.000000 0.000000
vt  24.000000 38.000000 0.000000
vt  24.000000 38.000000 0.000000
vt  24.000000 40.000000 0.000000
vt  24.250000 40.000000 0.000000
vt  24.250000 38.000000 0.000000
vt  39.000000 40.916668 0.000000
vt  39.000000 40.500000 0.000000
vt  36.500000 40.500000 0.000000
vt  33.000000 39.916668 0.000000
vt  33.000000 40.000000 0.000000
vt  33.500000 40.000000 0.000000
vt  33.000000 36.083332 0.000000
vt  33.500000 36.000000 0.000000
vt  33.000000 40.500000 0.000000
vt  33.000000 43.000000 0.000000
vt  36.500000 43.000000 0.000000
vt  39.000000 43.000000 0.000000
vt  39.000000 40.000000 0.000000
vt  36.500000 40.000000 0.000000
vt  36.500000 35.500000 0.000000
vt  39.000000 35.083332 0.000000
vt  39.000000 33.000000 0.000000
vt  36.500000 33.000000 0.000000
vt  33.000000 36.000000 0.000000
vt  39.000000 35.500000 0.000000
vt  33.500000 33.000000 0.000000
vt  33.500000 35.500000 0.000000
vt  33.000000 33.000000 0.000000
vt  33.000000 35.500000 0.000000
vt  27.875000 35.500000 0.000000
vt  26.000000 35.500000 0.000000
vt  26.000000 36.000000 0.000000
vt  27.875000 36.000000 0.000000
vt  26.000000 36.125000 0.000000
vt  27.875000 36.125000 0.000000
vt  27.875000 34.875000 0.000000
vt  27.875000 33.000000 0.000000
vt  26.000000 33.000000 0.000000
vt  26.000000 34.875000 0.000000
vt  31.125000 36.000000 0.000000
vt  31.125000 35.500000 0.000000
vt  31.125000 36.125000 0.000000
vt  33.000000 36.125000 0.000000
vt  33.000000 34.875000 0.000000
vt  31.125000 34.875000 0.000000
vt  31.125000 33.000000 0.000000
vt  27.875000 40.000000 0.000000
vt  26.000000 40.000000 0.000000
vt  26.000000 40.500000 0.000000
vt  27.875000 40.500000 0.000000
vt  26.000000 41.125000 0.000000
vt  27.875000 41.125000 0.000000
vt  26.000000 43.000000 0.000000
vt  27.875000 43.000000 0.000000
vt  27.875000 39.875000 0.000000
vt  26.000000 39.875000 0.000000
vt  31.125000 39.875000 0.000000
vt  31.125000 40.000000 0.000000
vt  33.000000 39.875000 0.000000
vt  31.125000 40.500000 0.000000
vt  31.125000 41.125000 0.000000
vt  33.000000 41.125000 0.000000
vt  31.125000 43.000000 0.000000
vt  28.000000 36.000000 0.000000
vt  27.875000 36.000000 0.000000
vt  27.875000 36.125000 0.000000
vt  28.000000 36.125000 0.000000
vt  28.000000 35.000000 0.000000
vt  28.000000 34.875000 0.000000
vt  27.875000 34.875000 0.000000
vt  27.875000 35.000000 0.000000
vt  31.000000 36.125000 0.000000
vt  31.125000 36.125000 0.000000
vt  31.125000 36.000000 0.000000
vt  31.000000 36.000000 0.000000
vt  31.125000 35.000000 0.000000
vt  31.000000 35.000000 0.000000
vt  31.125000 34.875000 0.000000
vt  31.000000 34.875000 0.000000
vt  28.000000 41.000000 0.000000
vt  27.875000 41.000000 0.000000
vt  27.875000 41.125000 0.000000
vt  28.000000 41.125000 0.000000
vt  28.000000 40.000000 0.000000
vt  28.000000 39.875000 0.000000
vt  27.875000 39.875000 0.000000
vt  27.875000 40.000000 0.000000
vt  31.000000 41.125000 0.000000
vt  31.125000 41.125000 0.000000
vt  31.125000 41.000000 0.000000
vt  31.000000 41.000000 0.000000
vt  31.125000 40.000000 0.000000
vt  31.000000 40.000000 0.000000
vt  31.125000 39.875000 0.000000
vt  31.000000 39.875000 0.000000
vt  5.000000 50.000000 0.000000
vt  5.000000 51.000000 0.000000
vt  7.750000 49.000000 0.000000
vt  4.000000 49.000000 0.000000
vt  1.500000 49.000000 0.000000
vt  2.000000 50.000000 0.000000
vt  4.000000 50.000000 0.000000
vt  4.000000 48.000000 0.000000
vt  4.000000 47.000000 0.000000
vt  2.000000 47.000000 0.000000
vt  1.000000 48.000000 0.000000
vt  5.000000 49.000000 0.000000
vt  7.375000 48.000000 0.000000
vt  5.000000 48.000000 0.000000
vt  7.000000 47.000000 0.000000
vt  5.000000 47.000000 0.000000
vt  4.000000 52.000000 0.000000
vt  4.000000 51.000000 0.000000
vt  3.000000 53.000000 0.000000
vt  4.000000 53.000000 0.000000
vt  2.000000 54.000000 0.000000
vt  4.000000 54.000000 0.000000
vt  1.500000 52.000000 0.000000
vt  1.000000 53.000000 0.000000
vt  2.000000 51.000000 0.000000
vt  5.000000 54.000000 0.000000
vt  7.000000 54.000000 0.000000
vt  7.375000 53.000000 0.000000
vt  5.000000 53.000000 0.000000
vt  5.000000 52.000000 0.000000
vt  7.750000 52.000000 0.000000
vt  3.500000 50.000000 0.000000
vt  3.500000 51.000000 0.000000
vt  4.000000 51.000000 0.000000
vt  4.000000 50.000000 0.000000
vt  3.000000 50.000000 0.000000
vt  3.000000 51.000000 0.000000
vt  3.500000 51.000000 0.000000
vt  3.500000 50.000000 0.000000
vt  2.500000 50.000000 0.000000
vt  2.500000 51.000000 0.000000
vt  3.000000 51.000000 0.000000
vt  3.000000 50.000000 0.000000
vt  -3.250000 51.000000 0.000000
vt  -4.166667 51.916668 0.000000
vt  -4.000000 52.000000 0.000000
vt  -1.000000 52.000000 0.000000
vt  -1.000000 51.000000 0.000000
vt  -3.750000 51.000000 0.000000
vt  -5.000000 51.500000 0.000000
vt  -5.000000 51.000000 0.000000
vt  -3.500000 51.250000 0.000000
vt  -4.000000 50.750000 0.000000
vt  -5.000000 49.750000 0.000000
vt  -4.000000 51.000000 0.000000
vt  -5.000000 49.500000 0.000000
vt  -4.000000 50.250000 0.000000
vt  -4.000000 49.000000 0.000000
vt  -4.250000 50.500000 0.000000
vt  -3.750000 50.000000 0.000000
vt  -2.750000 49.000000 0.000000
vt  -4.000000 50.000000 0.000000
vt  -3.250000 50.000000 0.000000
vt  -2.250000 50.000000 0.000000
vt  -1.250000 49.000000 0.000000
vt  -3.500000 49.750000 0.000000
vt  -3.000000 51.000000 0.000000
vt  -1.000000 49.000000 0.000000
vt  -3.000000 50.750000 0.000000
vt  -3.000000 50.250000 0.000000
vt  -2.750000 50.500000 0.000000
vt  -3.000000 50.000000 0.000000
vt  1.000000 48.000000 0.000000
vt  0.750000 48.000000 0.000000
vt  -1.000000 49.000000 0.000000
vt  -1.000000 52.000000 0.000000
vt  0.750000 53.000000 0.000000
vt  1.000000 53.000000 0.000000
vt  2.000000 51.000000 0.000000
vt  2.000000 50.000000 0.000000
vt  2.000000 50.000000 0.000000
vt  2.000000 51.000000 0.000000
vt  2.500000 51.000000 0.000000
vt  2.500000 50.000000 0.000000
vt  19.000000 48.000000 0.000000
vt  21.000000 48.500000 0.000000
vt  15.125000 45.000000 0.000000
vt  14.000000 48.000000 0.000000
vt  20.000000 55.500000 0.000000
vt  21.000000 55.500000 0.000000
vt  21.000000 52.500000 0.000000
vt  19.000000 53.000000 0.000000
vt  13.000000 55.500000 0.000000
vt  18.000000 57.000000 0.000000
vt  15.000000 57.000000 0.000000
vt  14.000000 53.000000 0.000000
vt  11.000000 55.500000 0.000000
vt  13.000000 46.000000 0.000000
vt  11.000000 46.000000 0.000000
vt  16.000000 57.000000 0.000000
vt  16.000000 57.500000 0.000000
vt  17.000000 57.500000 0.000000
vt  17.000000 57.000000 0.000000
vt  8.000000 51.625000 0.000000
vt  8.000000 52.000000 0.000000
vt  10.625000 52.500000 0.000000
vt  11.000000 52.500000 0.000000
vt  11.000000 48.500000 0.000000
vt  10.625000 48.500000 0.000000
vt  7.750000 51.625000 0.000000
vt  8.000000 49.375000 0.000000
vt  7.750000 49.375000 0.000000
vt  8.000000 49.000000 0.000000
vt  4.500000 50.000000 0.000000
vt  4.500000 51.000000 0.000000
vt  5.000000 51.000000 0.000000
vt  5.000000 50.000000 0.000000
vt  4.000000 50.000000 0.000000
vt  4.000000 51.000000 0.000000
vt  4.500000 51.000000 0.000000
vt  4.500000 50.000000 0.000000
vt  43.000000 40.000000 0.000000
vt  41.000000 43.500000 0.000000
vt  43.000000 43.500000 0.000000
vt  46.000000 41.500000 0.000000
vt  39.375000 42.000000 0.000000
vt  41.000000 43.500000 0.000000
vt  43.000000 40.000000 0.000000
vt  39.000000 40.000000 0.000000
vt  39.000000 42.000000 0.000000
vt  52.500000 57.000000 0.000000
vt  52.000000 58.500000 0.000000
vt  52.000000 62.000000 0.000000
vt  55.000000 61.000000 0.000000
vt  55.000000 56.000000 0.000000
vt  54.250000 55.000000 0.000000
vt  53.875000 55.000000 0.000000
vt  52.375000 55.750000 0.000000
vt  52.375000 56.125000 0.000000
vt  53.250000 53.625000 0.000000
vt  51.750000 54.625000 0.000000
vt  52.375000 55.750000 0.000000
vt  53.875000 55.000000 0.000000
vt  54.250000 53.625000 0.000000
vt  56.500000 59.000000 0.000000
vt  56.000000 61.000000 0.000000
vt  57.500000 61.000000 0.000000
vt  58.500000 59.500000 0.000000
vt  57.500000 55.500000 0.000000
vt  56.000000 60.000000 0.000000
vt  57.500000 53.000000 0.000000
vt  57.000000 51.000000 0.000000
vt  55.500000 53.000000 0.000000
vt  55.500000 55.500000 0.000000
vt  52.500000 45.000000 0.000000
vt  51.875000 47.500000 0.000000
vt  53.125000 49.250000 0.000000
vt  53.375000 49.250000 0.000000
vt  54.000000 47.375000 0.000000
vt  51.625000 47.500000 0.000000
vt  54.625000 47.375000 0.000000
vt  59.500000 51.000000 0.000000
vt  56.000000 45.000000 0.000000
vt  50.000000 58.500000 0.000000
vt  50.000000 62.000000 0.000000
vt  52.000000 62.000000 0.000000
vt  52.000000 58.500000 0.000000
vt  55.000000 60.000000 0.000000
vt  55.000000 61.000000 0.000000

vn  0.000000 0.000000 1.000000
vn  0.000000 0.000000 1.000000
vn  0.000000 0.000000 1.000000
vn  0.000000 0.000000 1.000000
vn  0.000000 0.000000 1.000000
vn  0.000000 0.000000 1.000000
vn  0.000000 0.000000 1.000000
vn  0.000000 0.000000 1.000000
vn  0.000000 0.000000 1.000000
vn  0.000000 0.000000 1.000000
vn  0.000000 0.000000 1.000000
vn  0.000000 0.000000 1.000000
vn  0.000000 0.000000 1.000000
vn  0.000000 0.000000 1.000000
vn  0.000000 0.000000 1.000000
vn  0.000000 0.000000 1.000000
vn  0.000000 0.000000 1.000000
vn  0.000000 0.000000 1.000000
vn  0.000000 0.000000 1.000000
vn  0.000000 0.000000 1.000000
vn  0.000000 0.000000 1.000000
vn  0.000000 0.000000 1.000000
vn  0.000000 0.000000 1.000000
vn  0.000000 0.000000 1.000000
vn  0.000000 0.000000 1.000000
vn  0.000000 0.000000 1.000000
vn  0.000000 0.000000 1.000000
vn  0.000000 0.000000 1.000000
vn  0.000000 0.000000 1.000000
vn  0.000000 0.000000 1.000000
vn  0.000000 0.000000 1.000000
vn  0.000000 0.000000 1.000000
vn  0.000000 0.000000 1.000000
vn  0.000000 0.000000 1.000000
vn  0.000000 0.000000 1.000000
vn  0.000000 0.000000 1.000000
vn  0.000000 0.000000 1.000000
vn  0.000000 0.000000 1.000000
vn  0.000000 0.000000 1.000000
vn  0.000000 0.000000 1.000000
vn  0.000000 0.000000 1.000000
vn  0.000000 0.000000 1.000000
vn  0.000000 0.000000 1.000000
vn  0.000000 0.000000 1.000000
vn  0.000000 0.000000 1.000000
vn  0.000000 0.000000 1.000000
vn  0.000000 0.000000 1.000000
vn  0.000000 0.000000 1.000000
vn  0.000000 0.000000 1.000000
vn  0.000000 0.000000 1.000000
vn  0.000000 0.000000 1.000000
vn  0.000000 0.000000 1.000000
vn  0.000000 0.000000 1.000000
vn  0.000000 0.000000 1.000000
vn  0.000000 0.000000 1.000000
vn  0.000000 0.000000 1.000000
vn  0.000000 0.000000 1.000000
vn  0.000000 0.000000 1.000000
vn  0.000000 0.000000 1.000000
vn  0.000000 0.000000 1.000000
vn  0.000000 0.000000 1.000000
vn  0.000000 0.000000 1.000000
vn  0.000000 0.000000 1.000000
vn  0.000000 0.000000 1.000000
vn  0.000000 0.000000 1.000000
vn  0.000000 0.000000 1.000000
vn  0.000000 0.000000 1.000000
vn  0.000000 0.000000 1.000000
vn  0.000000 0.000000 1.000000
vn  0.000000 0.000000 1.000000
vn  0.000000 0.000000 1.000000
vn  0.000000 0.000000 1.000000
vn  0.000000 0.000000 1.000000
vn  0.000000 0.000000 1.000000
vn  0.000000 0.000000 1.000000
vn  0.000000 0.000000 1.000000
vn  0.000000 0.000000 1.000000
vn  0.000000 0.000000 1.000000
vn  0.000000 0.000000 1.000000
vn  0.000000 0.000000 1.000000
vn  0.000000 0.000000 1.000000
vn  0.000000 0.000000 1.000000
vn  0.000000 0.000000 1.000000
vn  0.000000 0.000000 1.000000
vn  0.000000 0.000000 1.000000
vn  0.000000 0.000000 1.000000
vn  0.000000 0.000000 1.000000
vn  0.000000 0.000000 1.000000
vn  0.000000 0.000000 1.000000
vn  0.000000 0.000000 1.000000
vn  0.000000 0.000000 1.000000
vn  0.000000 0.000000 1.000000
vn  0.000000 0.000000 1.000000
vn  0.000000 0.000000 1.000000
vn  0.000000 0.000000 1.000000
vn  0.000000 0.000000 1.000000
vn  0.000000 0.000000 1.000000
vn  0.000000 0.000000 1.000000
vn  0.000000 0.000000 1.000000
vn  0.000000 0.000000 1.000000
vn  0.000000 0.000000 1.000000
vn  0.000000 0.000000 1.000000
vn  0.000000 0.000000 1.000000
vn  0.000000 0.000000 1.000000
vn  0.000000 0.000000 1.000000
vn  0.000000 0.000000 1.000000
vn  0.000000 0.000000 1.000000
vn  0.000000 0.000000 1.000000
vn  0.000000 0.000000 1.000000
vn  0.000000 0.000000 1.000000
vn  0.000000 0.000000 1.000000
vn  0.000000 0.000000 1.000000
vn  0.000000 0.000000 1.000000
vn  0.000000 0.000000 1.000000
vn  0.000000 0.000000 1.000000
vn  0.000000 0.000000 1.000000
vn  0.000000 0.000000 1.000000
vn  0.000000 0.000000 1.000000
vn  0.000000 0.000000 1.000000
vn  0.000000 0.000000 1.000000
vn  0.000000 0.000000 1.000000
vn  0.000000 0.000000 1.000000
vn  0.000000 0.000000 1.000000
vn  0.000000 0.000000 1.000000
vn  0.000000 0.000000 1.000000
vn  0.000000 0.000000 1.000000
vn  0.000000 0.000000 1.000000
vn  0.000000 0.000000 1.000000
vn  0.000000 0.000000 1.000000
vn  0.000000 0.000000 1.000000
vn  0.000000 0.000000 1.000000
vn  0.000000 0.000000 1.000000
vn  0.000000 0.000000 1.000000
vn  0.000000 0.000000 1.000000
vn  0.000000 0.000000 1.000000
vn  0.000000 0.000000 1.000000
vn  0.000000 0.000000 1.000000
vn  0.000000 0.000000 1.000000
vn  0.000000 0.000000 1.000000
vn  0.000000 0.000000 1.000000
vn  0.000000 0.000000 1.000000
vn  0.000000 0.000000 1.000000
vn  0.000000 0.000000 1.000000
vn  0.000000 0.000000 1.000000
vn  0.000000 0.000000 1.000000
vn  0.000000 0.000000 1.000000
vn  0.000000 0.000000 1.000000
vn  0.000000 0.000000 1.000000
vn  0.000000 0.000000 1.000000
vn  0.000000 0.000000 1.000000
vn  0.000000 0.000000 1.000000
vn  0.000000 0.000000 1.000000
vn  0.000000 0.000000 1.000000
vn  0.000000 0.000000 1.000000
vn  0.000000 0.000000 1.000000
vn  0.000000 0.000000 1.000000
vn  0.000000 0.000000 1.000000
vn  0.000000 0.000000 1.000000
vn  0.000000 0.000000 1.000000
vn  0.000000 0.000000 1.000000
vn  0.000000 0.000000 1.000000
vn  0.000000 0.000000 1.000000
vn  0.000000 0.000000 1.000000
vn  0.000000 0.000000 1.000000
vn  0.000000 0.000000 1.000000
vn  0.000000 0.000000 1.000000
vn  0.000000 0.000000 1.000000
vn  0.000000 0.000000 1.000000
vn  0.000000 0.000000 1.000000
vn  0.000000 0.000000 1.000000
vn  0.000000 0.000000 1.000000
vn  0.000000 0.000000 1.000000
vn  0.000000 0.000000 1.000000
vn  0.000000 0.000000 1.000000
vn  0.000000 0.000000 1.000000
vn  0.000000 0.000000 1.000000
vn  0.000000 0.000000 1.000000
vn  0.000000 0.000000 1.000000
vn  0.000000 0.000000 1.000000
vn  0.000000 0.000000 1.000000
vn  0.000000 0.000000 1.000000
vn  0.000000 0.000000 1.000000
vn  0.000000 0.000000 1.000000
vn  0.000000 0.000000 1.000000
vn  0.000000 0.000000 1.000000
vn  0.000000 0.000000 1.000000
vn  0.000000 0.000000 1.000000
vn  0.000000 0.000000 1.000000
vn  0.000000 0.000000 1.000000
vn  0.000000 0.000000 1.000000
vn  0.000000 0.000000 1.000000
vn  0.000000 0.000000 1.000000
vn  0.000000 0.000000 1.000000
vn  0.000000 0.000000 1.000000
vn  0.000000 0.000000 1.000000
vn  0.000000 0.000000 1.000000
vn  0.000000 0.000000 1.000000
vn  0.000000 0.000000 1.000000
vn  0.000000 0.000000 1.000000
vn  0.000000 0.000000 1.000000
vn  0.000000 0.000000 1.000000
vn  0.000000 0.000000 1.000000
vn  0.000000 0.000000 1.000000
vn  0.000000 0.000000 1.000000
vn  0.000000 0.000000 1.000000
vn  0.000000 0.000000 1.000000
vn  0.000000 0.000000 1.000000
vn  0.000000 0.000000 1.000000
vn  0.000000 0.000000 1.000000
vn  0.000000 0.000000 1.000000
vn  0.000000 0.000000 1.000000
vn  0.000000 0.000000 1.000000
vn  0.000000 0.000000 1.000000
vn  0.000000 0.000000 1.000000
vn  0.000000 0.000000 1.000000
vn  0.000000 0.000000 1.000000
vn  0.000000 0.000000 1.000000
vn  0.000000 0.000000 1.000000
vn  0.000000 0.000000 1.000000
vn  0.000000 0.000000 1.000000
vn  0.000000 0.000000 1.000000
vn  0.000000 0.000000 1.000000
vn  0.000000 0.000000 1.000000
vn  0.000000 0.000000 1.000000
vn  0.000000 0.000000 1.000000
vn  0.000000 0.000000 1.000000
vn  0.000000 0.000000 1.000000
vn  0.000000 0.000000 1.000000
vn  0.000000 0.000000 1.000000
vn  0.000000 0.000000 1.000000
vn  0.000000 0.000000 1.000000
vn  0.000000 0.000000 1.000000
vn  0.000000 0.000000 1.000000
vn  0.000000 0.000000 1.000000
vn  0.000000 0.000000 1.000000
vn  0.000000 0.000000 1.000000
vn  0.000000 0.000000 1.000000
vn  0.000000 0.000000 1.000000
vn  0.000000 0.000000 1.000000
vn  0.000000 0.000000 1.000000
vn  0.000000 0.000000 1.000000
vn  0.000000 0.000000 1.000000
vn  0.000000 0.000000 1.000000
vn  0.000000 0.000000 1.000000
vn  0.000000 0.000000 1.000000
vn  0.000000 0.000000 1.000000
vn  0.000000 0.000000 1.000000
vn  0.000000 0.000000 1.000000
vn  0.000000 0.000000 1.000000
vn  0.000000 0.000000 1.000000
vn  0.000000 0.000000 1.000000
vn  0.000000 0.000000 1.000000
vn  0.000000 0.000000 1.000000
vn  0.000000 0.000000 1.000000
vn  0.000000 0.000000 1.000000
vn  0.000000 0.000000 1.000000
vn  0.000000 0.000000 1.000000
vn  0.000000 0.000000 1.000000
vn  0.000000 0.000000 1.000000
vn  0.000000 0.000000 1.000000
vn  0.000000 0.000000 1.000000
vn  0.000000 0.000000 1.000000
vn  0.000000 0.000000 1.000000
vn  0.000000 0.000000 1.000000
vn  0.000000 0.000000 1.000000
vn  0.000000 0.000000 1.000000
vn  0.000000 0.000000 1.000000
vn  0.000000 0.000000 1.000000
vn  0.000000 0.000000 1.000000
vn  0.000000 0.000000 1.000000
vn  0.000000 0.000000 1.000000
vn  0.000000 0.000000 1.000000
vn  0.000000 0.000000 1.000000
vn  0.000000 0.000000 1.000000
vn  0.000000 0.000000 1.000000
vn  0.000000 0.000000 1.000000
vn  0.000000 0.000000 1.000000

g rdmobj00
usemtl FLOOR4_8
f  1/1/1 2/2/2 3/3/3
f  4/4/4 1/1/1 3/3/3
f  5/5/5 6/6/6 7/7/7
f  8/8/8 5/5/5 7/7/7
f  5/5/5 9/9/9 10/10/10
f  6/6/6 5/5/5 10/10/10
f  11/11/11 12/12/12 13/13/13
f  14/14/14 11/11/11 13/13/13
f  15/15/15 16/16/16 17/17/17
f  18/18/18 15/15/15 17/17/17
f  19/19/19 20/20/20 21/21/21
f  22/22/22 23/23/23 24/24/24
f  25/25/25 22/22/22 24/24/24
f  26/26/26 25/25/25 24/24/24
f  21/21/21 27/27/27 28/28/28
f  21/21/21 29/29/29 19/19/19
f  29/29/29 21/21/21 28/28/28
f  29/29/29 30/30/30 19/19/19
f  21/21/21 20/20/20 31/31/31
f  32/32/32 21/21/21 31/31/31
f  31/31/31 33/33/33 32/32/32
f  33/33/33 34/34/34 35/35/35
f  36/36/36 33/33/33 35/35/35
f  37/37/37 25/25/25 26/26/26
f  38/38/38 33/33/33 31/31/31
f  38/38/38 34/34/34 33/33/33
f  39/39/39 33/33/33 36/36/36
f  40/40/40 33/33/33 39/39/39
f  40/40/40 39/39/39 41/41/41
f  42/42/42 40/40/40 41/41/41
f  43/43/43 44/44/44 45/45/45
f  46/46/46 43/43/43 45/45/45
f  46/46/46 45/45/45 47/47/47
f  48/48/48 46/46/46 47/47/47
f  49/49/49 50/50/50 51/51/51
f  52/52/52 44/44/44 43/43/43
f  49/49/49 52/52/52 43/43/43
f  52/52/52 49/49/49 51/51/51
f  53/53/53 37/37/37 42/42/42
f  54/54/54 53/53/53 42/42/42
f  53/53/53 55/55/55 37/37/37
f  55/55/55 56/56/56 37/37/37
f  54/54/54 42/42/42 57/57/57
f  58/58/58 54/54/54 57/57/57
f  58/58/58 57/57/57 41/41/41
f  59/59/59 50/50/50 49/49/49
f  59/59/59 58/58/58 41/41/41
f  58/58/58 59/59/59 49/49/49
f  60/60/60 61/61/61 62/62/62
f  63/63/63 60/60/60 62/62/62
f  63/63/63 62/62/62 64/64/64
f  65/65/65 63/63/63 64/64/64
f  65/65/65 64/64/64 66/66/66
f  67/67/67 65/65/65 66/66/66
f  68/68/68 48/48/48 47/47/47
f  69/69/69 61/61/61 60/60/60
f  69/69/69 68/68/68 47/47/47
f  68/68/68 69/69/69 60/60/60
f  68/68/68 70/70/70 48/48/48
f  70/70/70 55/55/55 48/48/48
f  70/70/70 71/71/71 23/23/23
f  70/70/70 72/72/72 55/55/55
f  72/72/72 56/56/56 55/55/55
f  72/72/72 70/70/70 23/23/23
f  73/73/73 27/27/27 23/23/23
f  71/71/71 73/73/73 23/23/23
f  73/73/73 74/74/74 27/27/27
f  74/74/74 65/65/65 67/67/67
f  74/74/74 75/75/75 27/27/27
f  74/74/74 76/76/76 75/75/75
f  76/76/76 74/74/74 67/67/67
f  76/76/76 28/28/28 75/75/75
f  77/77/77 78/78/78 79/79/79
f  80/80/80 77/77/77 79/79/79
f  81/81/81 82/82/82 83/83/83
f  84/84/84 78/78/78 77/77/77
f  84/84/84 81/81/81 83/83/83
f  81/81/81 84/84/84 77/77/77
f  85/85/85 86/86/86 87/87/87
f  88/88/88 85/85/85 87/87/87
f  88/88/88 77/77/77 80/80/80
f  85/85/85 88/88/88 80/80/80
f  81/81/81 77/77/77 88/88/88
f  88/88/88 87/87/87 89/89/89
f  90/90/90 88/88/88 89/89/89
f  90/90/90 81/81/81 88/88/88
f  90/90/90 89/89/89 91/91/91
f  92/92/92 82/82/82 81/81/81
f  92/92/92 90/90/90 91/91/91
f  90/90/90 92/92/92 81/81/81
f  93/93/93 94/94/94 95/95/95
f  96/96/96 93/93/93 95/95/95
f  97/97/97 98/98/98 99/99/99
f  100/100/100 94/94/94 93/93/93
f  100/100/100 97/97/97 99/99/99
f  97/97/97 100/100/100 93/93/93
f  101/101/101 102/102/102 103/103/103
f  104/104/104 101/101/101 103/103/103
f  104/104/104 93/93/93 96/96/96
f  101/101/101 104/104/104 96/96/96
f  97/97/97 93/93/93 104/104/104
f  104/104/104 103/103/103 105/105/105
f  106/106/106 104/104/104 105/105/105
f  106/106/106 97/97/97 104/104/104
f  106/106/106 105/105/105 107/107/107
f  106/106/106 108/108/108 97/97/97
f  108/108/108 98/98/98 97/97/97
f  108/108/108 106/106/106 107/107/107
f  109/109/109 110/110/110 111/111/111
f  112/112/112 113/113/113 114/114/114
f  115/115/115 112/112/112 114/114/114
f  116/116/116 117/117/117 118/118/118
f  119/119/119 116/116/116 118/118/118
f  112/112/112 119/119/119 113/113/113
f  116/116/116 119/119/119 112/112/112
f  120/120/120 112/112/112 115/115/115
f  109/109/109 120/120/120 115/115/115
f  120/120/120 109/109/109 111/111/111
f  120/120/120 111/111/111 121/121/121
f  122/122/122 120/120/120 121/121/121
f  122/122/122 121/121/121 123/123/123
f  124/124/124 117/117/117 116/116/116
f  122/122/122 124/124/124 116/116/116
f  124/124/124 122/122/122 123/123/123
f  125/125/125 110/110/110 126/126/126
f  125/125/125 127/127/127 128/128/128
f  128/128/128 127/127/127 129/129/129
f  130/130/130 128/128/128 129/129/129
f  125/125/125 131/131/131 129/129/129
f  131/131/131 132/132/132 129/129/129
f  131/131/131 125/125/125 133/133/133
f  133/133/133 125/125/125 126/126/126
f  134/134/134 135/135/135 136/136/136
f  137/137/137 134/134/134 136/136/136
f  134/134/134 137/137/137 130/130/130
f  137/137/137 128/128/128 130/130/130
f  110/110/110 138/138/138 111/111/111
f  138/138/138 110/110/110 125/125/125
f  137/137/137 136/136/136 139/139/139
f  138/138/138 139/139/139 111/111/111
f  138/138/138 137/137/137 139/139/139
f  140/140/140 141/141/141 142/142/142
f  143/143/143 140/140/140 142/142/142
f  144/144/144 145/145/145 146/146/146
f  147/147/147 144/144/144 146/146/146
f  148/148/148 149/149/149 150/150/150
f  151/151/151 148/148/148 150/150/150
f  152/152/152 153/153/153 154/154/154
f  155/155/155 152/152/152 154/154/154
f  156/156/156 152/152/152 155/155/155
f  153/153/153 157/157/157 158/158/158
f  157/157/157 159/159/159 158/158/158
f  160/160/160 152/152/152 157/157/157
f  160/160/160 157/157/157 153/153/153
f  161/161/161 162/162/162 159/159/159
f  163/163/163 157/157/157 161/161/161
f  163/163/163 161/161/161 159/159/159
f  164/164/164 165/165/165 166/166/166
f  162/162/162 165/165/165 164/164/164
f  167/167/167 165/165/165 162/162/162
f  167/167/167 161/161/161 165/165/165
f  168/168/168 169/169/169 166/166/166
f  170/170/170 168/168/168 166/166/166
f  170/170/170 165/165/165 168/168/168
f  171/171/171 172/172/172 173/173/173
f  169/169/169 171/171/171 173/173/173
f  174/174/174 168/168/168 171/171/171
f  174/174/174 171/171/171 169/169/169
f  173/173/173 175/175/175 176/176/176
f  175/175/175 156/156/156 176/176/176
f  177/177/177 152/152/152 175/175/175
f  177/177/177 175/175/175 173/173/173
f  178/178/178 179/179/179 172/172/172
f  177/177/177 179/179/179 178/178/178
f  180/180/180 178/178/178 172/172/172
f  180/180/180 171/171/171 178/178/178
f  181/181/181 182/182/182 183/183/183
f  184/184/184 181/181/181 183/183/183
f  185/185/185 181/181/181 184/184/184
f  186/186/186 181/181/181 185/185/185
f  187/187/187 181/181/181 186/186/186
f  188/188/188 181/181/181 187/187/187
f  189/189/189 190/190/190 191/191/191
f  192/192/192 189/189/189 191/191/191
f  193/193/193 194/194/194 10/10/10
f  10/10/10 195/195/195 193/193/193
f  195/195/195 196/196/196 193/193/193
f  197/197/197 198/198/198 199/199/199
f  200/200/200 197/197/197 199/199/199
f  200/200/200 201/201/201 197/197/197
f  197/197/197 201/201/201 202/202/202
f  201/201/201 203/203/203 202/202/202
f  200/200/200 204/204/204 201/201/201
f  204/204/204 205/205/205 201/201/201
f  204/204/204 196/196/196 205/205/205
f  205/205/205 196/196/196 206/206/206
f  196/196/196 195/195/195 206/206/206
f  206/206/206 207/207/207 205/205/205
f  208/208/208 209/209/209 210/210/210
f  211/211/211 208/208/208 210/210/210
f  212/212/212 213/213/213 214/214/214
f  215/215/215 212/212/212 214/214/214
f  216/216/216 212/212/212 215/215/215
f  216/216/216 217/217/217 212/212/212
f  212/212/212 217/217/217 218/218/218
f  217/217/217 219/219/219 218/218/218
f  219/219/219 220/220/220 218/218/218
f  217/217/217 221/221/221 219/219/219
f  222/222/222 223/223/223 224/224/224
f  225/225/225 222/222/222 224/224/224
f  226/226/226 227/227/227 228/228/228
f  229/229/229 226/226/226 228/228/228
f  230/230/230 231/231/231 232/232/232
f  233/233/233 230/230/230 232/232/232
f  234/234/234 235/235/235 236/236/236
f  236/236/236 237/237/237 234/234/234
f  237/237/237 238/238/238 234/234/234
f  239/239/239 240/240/240 241/241/241
f  242/242/242 239/239/239 241/241/241
f  243/243/243 239/239/239 242/242/242
f  243/243/243 244/244/244 239/239/239
f  244/244/244 245/245/245 246/246/246
f  239/239/239 244/244/244 247/247/247
f  247/247/247 244/244/244 246/246/246
f  248/248/248 249/249/249 250/250/250
f  251/251/251 248/248/248 250/250/250
f  252/252/252 248/248/248 251/251/251
f  253/253/253 254/254/254 255/255/255
f  256/256/256 253/253/253 255/255/255
f  257/257/257 253/253/253 256/256/256
f  253/253/253 258/258/258 254/254/254
f  257/257/257 259/259/259 260/260/260
f  261/261/261 257/257/257 260/260/260
f  262/262/262 257/257/257 261/261/261
f  253/253/253 257/257/257 262/262/262
f  263/263/263 264/264/264 265/265/265
f  266/266/266 263/263/263 265/265/265
f  267/267/267 263/263/263 266/266/266
f  264/264/264 268/268/268 265/265/265
f  263/263/263 267/267/267 269/269/269
f  260/260/260 259/259/259 270/270/270
f  269/269/269 260/260/260 270/270/270
f  269/269/269 270/270/270 271/271/271
f  263/263/263 269/269/269 271/271/271
f  272/272/272 273/273/273 274/274/274
f  275/275/275 272/272/272 274/274/274
f  258/258/258 276/276/276 254/254/254
f  276/276/276 277/277/277 254/254/254

g
v  1664.000000 -2432.000000 72.000000
v  1664.000000 -2560.000000 72.000000
v  1552.000000 -2560.000000 72.000000
v  1552.000000 -2432.000000 72.000000
v  1472.000000 -2432.000000 144.000000
v  1472.000000 -2560.000000 144.000000
v  1384.000000 -2592.000000 144.000000
v  1248.000000 -2528.000000 144.000000
v  1216.000000 -2880.000000 144.000000
v  1344.000000 -2880.000000 144.000000
v  2336.000000 -2592.000000 224.000000
v  2496.000000 -2592.000000 224.000000
v  2496.000000 -2618.666748 224.000000
v  2144.000000 -2560.000000 224.000000
v  2112.000000 -2560.000000 224.000000
v  2112.000000 -2554.666748 224.000000
v  2144.000000 -2304.000000 224.000000
v  2112.000000 -2309.333252 224.000000
v  2336.000000 -2752.000000 224.000000
v  2112.000000 -2592.000000 224.000000
v  2112.000000 -2752.000000 224.000000
v  2496.000000 -2752.000000 224.000000
v  2336.000000 -2560.000000 224.000000
v  2496.000000 -2560.000000 224.000000
v  2336.000000 -2112.000000 224.000000
v  2496.000000 -2112.000000 224.000000
v  2496.000000 -2245.333252 224.000000
v  2336.000000 -2272.000000 224.000000
v  2112.000000 -2304.000000 224.000000
v  2496.000000 -2272.000000 224.000000
v  2144.000000 -2272.000000 224.000000
v  2144.000000 -2112.000000 224.000000
v  2112.000000 -2272.000000 224.000000
v  2112.000000 -2112.000000 224.000000
v  1784.000000 -2304.000000 224.000000
v  1664.000000 -2304.000000 224.000000
v  1664.000000 -2272.000000 224.000000
v  1784.000000 -2272.000000 224.000000
v  1784.000000 -2312.000000 224.000000
v  1664.000000 -2312.000000 224.000000
v  1664.000000 -2232.000000 224.000000
v  1664.000000 -2112.000000 224.000000
v  1784.000000 -2112.000000 224.000000
v  1784.000000 -2232.000000 224.000000
v  1992.000000 -2272.000000 224.000000
v  1992.000000 -2304.000000 224.000000
v  2112.000000 -2312.000000 224.000000
v  1992.000000 -2312.000000 224.000000
v  1992.000000 -2232.000000 224.000000
v  2112.000000 -2232.000000 224.000000
v  1992.000000 -2112.000000 224.000000
v  1784.000000 -2592.000000 224.000000
v  1664.000000 -2592.000000 224.000000
v  1664.000000 -2560.000000 224.000000
v  1784.000000 -2560.000000 224.000000
v  1784.000000 -2632.000000 224.000000
v  1664.000000 -2632.000000 224.000000
v  1784.000000 -2752.000000 224.000000
v  1664.000000 -2752.000000 224.000000
v  1664.000000 -2552.000000 224.000000
v  1784.000000 -2552.000000 224.000000
v  2112.000000 -2552.000000 224.000000
v  1992.000000 -2560.000000 224.000000
v  1992.000000 -2552.000000 224.000000
v  1992.000000 -2592.000000 224.000000
v  2112.000000 -2632.000000 224.000000
v  1992.000000 -2632.000000 224.000000
v  1992.000000 -2752.000000 224.000000
v  1792.000000 -2312.000000 224.000000
v  1784.000000 -2312.000000 224.000000
v  1784.000000 -2304.000000 224.000000
v  1792.000000 -2304.000000 224.000000
v  1784.000000 -2240.000000 224.000000
v  1784.000000 -2232.000000 224.000000
v  1792.000000 -2232.000000 224.000000
v  1792.000000 -2240.000000 224.000000
v  1984.000000 -2304.000000 224.000000
v  1992.000000 -2304.000000 224.000000
v  1992.000000 -2312.000000 224.000000
v  1984.000000 -2312.000000 224.000000
v  1984.000000 -2240.000000 224.000000
v  1992.000000 -2240.000000 224.000000
v  1984.000000 -2232.000000 224.000000
v  1992.000000 -2232.000000 224.000000
v  1792.000000 -2632.000000 224.000000
v  1784.000000 -2632.000000 224.000000
v  1784.000000 -2624.000000 224.000000
v  1792.000000 -2624.000000 224.000000
v  1784.000000 -2560.000000 224.000000
v  1784.000000 -2552.000000 224.000000
v  1792.000000 -2552.000000 224.000000
v  1792.000000 -2560.000000 224.000000
v  1984.000000 -2624.000000 224.000000
v  1992.000000 -2624.000000 224.000000
v  1992.000000 -2632.000000 224.000000
v  1984.000000 -2632.000000 224.000000
v  1984.000000 -2560.000000 224.000000
v  1992.000000 -2560.000000 224.000000
v  1984.000000 -2552.000000 224.000000
v  1992.000000 -2552.000000 224.000000
v  1184.000000 -3072.000000 120.000000
v  1184.000000 -3104.000000 120.000000
v  928.000000 -3104.000000 120.000000
v  928.000000 -3072.000000 120.000000
v  1184.000000 -3360.000000 120.000000
v  1184.000000 -3392.000000 120.000000
v  928.000000 -3392.000000 120.000000
v  928.000000 -3360.000000 120.000000
v  896.000000 -3360.000000 120.000000
v  896.000000 -3104.000000 120.000000
v  1344.000000 -2880.000000 72.000000
v  1344.000000 -3104.000000 72.000000
v  1216.000000 -3072.000000 72.000000
v  896.000000 -3072.000000 72.000000
v  968.000000 -2880.000000 72.000000
v  1216.000000 -3392.000000 72.000000
v  1344.000000 -3360.000000 72.000000
v  1344.000000 -3552.000000 72.000000
v  1280.000000 -3552.000000 72.000000
v  1152.000000 -3648.000000 72.000000
v  960.000000 -3648.000000 72.000000
v  832.000000 -3552.000000 72.000000
v  704.000000 -3552.000000 72.000000
v  896.000000 -3392.000000 72.000000
v  704.000000 -2944.000000 72.000000
v  832.000000 -2944.000000 72.000000
v  1344.000000 -3104.000000 200.000000
v  1344.000000 -3360.000000 200.000000
v  1216.000000 -3392.000000 200.000000
v  1216.000000 -3360.000000 200.000000
v  928.000000 -3360.000000 200.000000
v  928.000000 -3104.000000 200.000000
v  1216.000000 -3104.000000 200.000000
v  1216.000000 -3072.000000 200.000000
v  1088.000000 -3648.000000 72.000000
v  1088.000000 -3680.000000 72.000000
v  1024.000000 -3680.000000 72.000000
v  1024.000000 -3648.000000 72.000000
v  704.000000 -3104.000000 120.000000
v  704.000000 -3360.000000 120.000000
v  680.000000 -3360.000000 120.000000
v  512.000000 -3328.000000 120.000000
v  512.000000 -3304.000000 120.000000
v  496.000000 -3304.000000 120.000000
v  512.000000 -3160.000000 120.000000
v  680.000000 -3104.000000 120.000000
v  496.000000 -3160.000000 120.000000
v  512.000000 -3136.000000 120.000000
v  2944.000000 -2656.000000 72.000000
v  2752.000000 -2784.000000 72.000000
v  2624.000000 -2784.000000 72.000000
v  2752.000000 -2560.000000 72.000000
v  2520.000000 -2688.000000 72.000000
v  2496.000000 -2688.000000 72.000000
v  2496.000000 -2560.000000 72.000000
v  2944.000000 -3536.000000 176.000000
v  2752.000000 -3584.000000 176.000000
v  2752.000000 -3360.000000 176.000000
v  3072.000000 -3648.000000 176.000000
v  3072.000000 -4000.000000 176.000000
v  2944.000000 -4000.000000 176.000000
v  2944.000000 -3648.000000 176.000000
v  3312.000000 -3496.000000 176.000000
v  3352.000000 -3568.000000 176.000000
v  3264.000000 -3616.000000 176.000000
v  3104.000000 -3552.000000 176.000000
v  3280.000000 -3320.000000 176.000000
v  3408.000000 -3432.000000 176.000000
v  2984.000000 -3200.000000 176.000000
v  3136.000000 -3072.000000 176.000000
v  3304.000000 -3040.000000 176.000000
v  3400.000000 -3152.000000 176.000000
v  3472.000000 -3432.000000 176.000000
v  3472.000000 -3432.000000 176.000000
v  3448.000000 -3520.000000 176.000000
v  3352.000000 -3568.000000 176.000000
v  3312.000000 -3496.000000 176.000000
v  3408.000000 -3432.000000 176.000000
v  3072.000000 -3648.000000 176.000000
v  2944.000000 -3536.000000 176.000000
v  3112.000000 -3360.000000 176.000000
v  2976.000000 -3072.000000 176.000000
v  2752.000000 -3048.000000 176.000000
v  3048.000000 -2880.000000 176.000000
v  3048.000000 -2944.000000 176.000000
v  2816.000000 -3232.000000 176.000000
v  2752.000000 -3360.000000 176.000000
v  2752.000000 -3048.000000 176.000000
v  2752.000000 -2912.000000 176.000000
v  2880.000000 -2912.000000 176.000000
v  2880.000000 -2880.000000 176.000000
v  2752.000000 -2800.000000 176.000000
v  2752.000000 -2784.000000 176.000000
v  2944.000000 -2656.000000 176.000000
v  2960.000000 -2656.000000 176.000000
v  3048.000000 -2880.000000 176.000000
v  3104.000000 -4128.000000 48.000000
v  3104.000000 -4160.000000 48.000000
v  2912.000000 -4160.000000 48.000000
v  2912.000000 -4128.000000 48.000000
v  2944.000000 -4032.000000 48.000000
v  3072.000000 -4032.000000 48.000000
v  2688.000000 -4544.000000 48.000000
v  2688.000000 -4128.000000 48.000000
v  2816.000000 -4128.000000 48.000000
v  2856.000000 -4160.000000 48.000000
v  2856.000000 -4384.000000 48.000000
v  3160.000000 -4384.000000 48.000000
v  3328.000000 -4544.000000 48.000000
v  2912.000000 -4384.000000 48.000000
v  2912.000000 -4352.000000 48.000000
v  3104.000000 -4352.000000 48.000000
v  3104.000000 -4384.000000 48.000000
v  3160.000000 -4160.000000 48.000000
v  3200.000000 -4128.000000 48.000000
v  3328.000000 -4128.000000 48.000000
v  3072.000000 -4000.000000 48.000000
v  3072.000000 -4016.000000 48.000000
v  2944.000000 -4016.000000 48.000000
v  2944.000000 -4000.000000 48.000000
v  2992.000000 -4608.000000 72.000000
v  2944.000000 -4608.000000 72.000000
v  2944.000000 -4600.000000 72.000000
v  2992.000000 -4600.000000 72.000000
v  2944.000000 -4592.000000 72.000000
v  2944.000000 -4544.000000 72.000000
v  2992.000000 -4544.000000 72.000000
v  2992.000000 -4592.000000 72.000000
v  3024.000000 -4600.000000 72.000000
v  3072.000000 -4600.000000 72.000000
v  3072.000000 -4608.000000 72.000000
v  3024.000000 -4608.000000 72.000000
v  3024.000000 -4592.000000 72.000000
v  3072.000000 -4592.000000 72.000000
v  3024.000000 -4544.000000 72.000000
v  3072.000000 -4544.000000 72.000000
v  3040.000000 -4608.000000 48.000000
v  3040.000000 -4632.000000 48.000000
v  2976.000000 -4632.000000 48.000000
v  2976.000000 -4608.000000 48.000000
v  3040.000000 -4648.000000 48.000000
v  3040.000000 -4672.000000 48.000000
v  2976.000000 -4672.000000 48.000000
v  2976.000000 -4648.000000 48.000000

vt  26.000000 38.000000 0.000000
vt  26.000000 40.000000 0.000000
vt  24.250000 40.000000 0.000000
vt  24.250000 38.000000 0.000000
vt  23.000000 38.000000 0.000000
vt  23.000000 40.000000 0.000000
vt  21.625000 40.500000 0.000000
vt  19.500000 39.500000 0.000000
vt  19.000000 45.000000 0.000000
vt  21.000000 45.000000 0.000000
vt  36.500000 40.500000 0.000000
vt  39.000000 40.500000 0.000000
vt  39.000000 40.916668 0.000000
vt  33.500000 40.000000 0.000000
vt  33.000000 40.000000 0.000000
vt  33.000000 39.916668 0.000000
vt  33.500000 36.000000 0.000000
vt  33.000000 36.083332 0.000000
vt  36.500000 43.000000 0.000000
vt  33.000000 40.500000 0.000000
vt  33.000000 43.000000 0.000000
vt  39.000000 43.000000 0.000000
vt  36.500000 40.000000 0.000000
vt  39.000000 40.000000 0.000000
vt  36.500000 33.000000 0.000000
vt  39.000000 33.000000 0.000000
vt  39.000000 35.083332 0.000000
vt  36.500000 35.500000 0.000000
vt  33.000000 36.000000 0.000000
vt  39.000000 35.500000 0.000000
vt  33.500000 35.500000 0.000000
vt  33.500000 33.000000 0.000000
vt  33.000000 35.500000 0.000000
vt  33.000000 33.000000 0.000000
vt  27.875000 36.000000 0.000000
vt  26.000000 36.000000 0.000000
vt  26.000000 35.500000 0.000000
vt  27.875000 35.500000 0.000000
vt  27.875000 36.125000 0.000000
vt  26.000000 36.125000 0.000000
vt  26.000000 34.875000 0.000000
vt  26.000000 33.000000 0.000000
vt  27.875000 33.000000 0.000000
vt  27.875000 34.875000 0.000000
vt  31.125000 35.500000 0.000000
vt  31.125000 36.000000 0.000000
vt  33.000000 36.125000 0.000000
vt  31.125000 36.125000 0.000000
vt  31.125000 34.875000 0.000000
vt  33.000000 34.875000 0.000000
vt  31.125000 33.000000 0.000000
vt  27.875000 40.500000 0.000000
vt  26.000000 40.500000 0.000000
vt  26.000000 40.000000 0.000000
vt  27.875000 40.000000 0.000000
vt  27.875000 41.125000 0.000000
vt  26.000000 41.125000 0.000000
vt  27.875000 43.000000 0.000000
vt  26.000000 43.000000 0.000000
vt  26.000000 39.875000 0.000000
vt  27.875000 39.875000 0.000000
vt  33.000000 39.875000 0.000000
vt  31.125000 40.000000 0.000000
vt  31.125000 39.875000 0.000000
vt  31.125000 40.500000 0.000000
vt  33.000000 41.125000 0.000000
vt  31.125000 41.125000 0.000000
vt  31.125000 43.000000 0.000000
vt  28.000000 36.125000 0.000000
vt  27.875000 36.125000 0.000000
vt  27.875000 36.000000 0.000000
vt  28.000000 36.000000 0.000000
vt  27.875000 35.000000 0.000000
vt  27.875000 34.875000 0.000000
vt  28.000000 34.875000 0.000000
vt  28.000000 35.000000 0.000000
vt  31.000000 36.000000 0.000000
vt  31.125000 36.000000 0.000000
vt  31.125000 36.125000 0.000000
vt  31.000000 36.125000 0.000000
vt  31.000000 35.000000 0.000000
vt  31.125000 35.000000 0.000000
vt  31.000000 34.875000 0.000000
vt  31.125000 34.875000 0.000000
vt  28.000000 41.125000 0.000000
vt  27.875000 41.125000 0.000000
vt  27.875000 41.000000 0.000000
vt  28.000000 41.000000 0.000000
vt  27.875000 40.000000 0.000000
vt  27.875000 39.875000 0.000000
vt  28.000000 39.875000 0.000000
vt  28.000000 40.000000 0.000000
vt  31.000000 41.000000 0.000000
vt  31.125000 41.000000 0.000000
vt  31.125000 41.125000 0.000000
vt  31.000000 41.125000 0.000000
vt  31.000000 40.000000 0.000000
vt  31.125000 40.000000 0.000000
vt  31.000000 39.875000 0.000000
vt  31.125000 39.875000 0.000000
vt  18.500000 48.000000 0.000000
vt  18.500000 48.500000 0.000000
vt  14.500000 48.500000 0.000000
vt  14.500000 48.000000 0.000000
vt  18.500000 52.500000 0.000000
vt  18.500000 53.000000 0.000000
vt  14.500000 53.000000 0.000000
vt  14.500000 52.500000 0.000000
vt  14.000000 52.500000 0.000000
vt  14.000000 48.500000 0.000000
vt  21.000000 45.000000 0.000000
vt  21.000000 48.500000 0.000000
vt  19.000000 48.000000 0.000000
vt  14.000000 48.000000 0.000000
vt  15.125000 45.000000 0.000000
vt  19.000000 53.000000 0.000000
vt  21.000000 52.500000 0.000000
vt  21.000000 55.500000 0.000000
vt  20.000000 55.500000 0.000000
vt  18.000000 57.000000 0.000000
vt  15.000000 57.000000 0.000000
vt  13.000000 55.500000 0.000000
vt  11.000000 55.500000 0.000000
vt  14.000000 53.000000 0.000000
vt  11.000000 46.000000 0.000000
vt  13.000000 46.000000 0.000000
vt  21.000000 48.500000 0.000000
vt  21.000000 52.500000 0.000000
vt  19.000000 53.000000 0.000000
vt  19.000000 52.500000 0.000000
vt  14.500000 52.500000 0.000000
vt  14.500000 48.500000 0.000000
vt  19.000000 48.500000 0.000000
vt  19.000000 48.000000 0.000000
vt  17.000000 57.000000 0.000000
vt  17.000000 57.500000 0.000000
vt  16.000000 57.500000 0.000000
vt  16.000000 57.000000 0.000000
vt  11.000000 48.500000 0.000000
vt  11.000000 52.500000 0.000000
vt  10.625000 52.500000 0.000000
vt  8.000000 52.000000 0.000000
vt  8.000000 51.625000 0.000000
vt  7.750000 51.625000 0.000000
vt  8.000000 49.375000 0.000000
vt  10.625000 48.500000 0.000000
vt  7.750000 49.375000 0.000000
vt  8.000000 49.000000 0.000000
vt  46.000000 41.500000 0.000000
vt  43.000000 43.500000 0.000000
vt  41.000000 43.500000 0.000000
vt  43.000000 40.000000 0.000000
vt  39.375000 42.000000 0.000000
vt  39.000000 42.000000 0.000000
vt  39.000000 40.000000 0.000000
vt  46.000000 55.250000 0.000000
vt  43.000000 56.000000 0.000000
vt  43.000000 52.500000 0.000000
vt  48.000000 57.000000 0.000000
vt  48.000000 62.500000 0.000000
vt  46.000000 62.500000 0.000000
vt  46.000000 57.000000 0.000000
vt  51.750000 54.625000 0.000000
vt  52.375000 55.750000 0.000000
vt  51.000000 56.500000 0.000000
vt  48.500000 55.500000 0.000000
vt  51.250000 51.875000 0.000000
vt  53.250000 53.625000 0.000000
vt  46.625000 50.000000 0.000000
vt  49.000000 48.000000 0.000000
vt  51.625000 47.500000 0.000000
vt  53.125000 49.250000 0.000000
vt  54.250000 53.625000 0.000000
vt  54.250000 53.625000 0.000000
vt  53.875000 55.000000 0.000000
vt  52.375000 55.750000 0.000000
vt  51.750000 54.625000 0.000000
vt  53.250000 53.625000 0.000000
vt  48.000000 57.000000 0.000000
vt  46.000000 55.250000 0.000000
vt  48.625000 52.500000 0.000000
vt  46.500000 48.000000 0.000000
vt  43.000000 47.625000 0.000000
vt  47.625000 45.000000 0.000000
vt  47.625000 46.000000 0.000000
vt  44.000000 50.500000 0.000000
vt  43.000000 52.500000 0.000000
vt  43.000000 47.625000 0.000000
vt  43.000000 45.500000 0.000000
vt  45.000000 45.500000 0.000000
vt  45.000000 45.000000 0.000000
vt  43.000000 43.750000 0.000000
vt  43.000000 43.500000 0.000000
vt  46.000000 41.500000 0.000000
vt  46.250000 41.500000 0.000000
vt  47.625000 45.000000 0.000000
vt  48.500000 64.500000 0.000000
vt  48.500000 65.000000 0.000000
vt  45.500000 65.000000 0.000000
vt  45.500000 64.500000 0.000000
vt  46.000000 63.000000 0.000000
vt  48.000000 63.000000 0.000000
vt  42.000000 71.000000 0.000000
vt  42.000000 64.500000 0.000000
vt  44.000000 64.500000 0.000000
vt  44.625000 65.000000 0.000000
vt  44.625000 68.500000 0.000000
vt  49.375000 68.500000 0.000000
vt  52.000000 71.000000 0.000000
vt  45.500000 68.500000 0.000000
vt  45.500000 68.000000 0.000000
vt  48.500000 68.000000 0.000000
vt  48.500000 68.500000 0.000000
vt  49.375000 65.000000 0.000000
vt  50.000000 64.500000 0.000000
vt  52.000000 64.500000 0.000000
vt  48.000000 62.500000 0.000000
vt  48.000000 62.750000 0.000000
vt  46.000000 62.750000 0.000000
vt  46.000000 62.500000 0.000000
vt  46.750000 72.000000 0.000000
vt  46.000000 72.000000 0.000000
vt  46.000000 71.875000 0.000000
vt  46.750000 71.875000 0.000000
vt  46.000000 71.750000 0.000000
vt  46.000000 71.000000 0.000000
vt  46.750000 71.000000 0.000000
vt  46.750000 71.750000 0.000000
vt  47.250000 71.875000 0.000000
vt  48.000000 71.875000 0.000000
vt  48.000000 72.000000 0.000000
vt  47.250000 72.000000 0.000000
vt  47.250000 71.750000 0.000000
vt  48.000000 71.750000 0.000000
vt  47.250000 71.000000 0.000000
vt  48.000000 71.000000 0.000000
vt  47.500000 72.000000 0.000000
vt  47.500000 72.375000 0.000000
vt  46.500000 72.375000 0.000000
vt  46.500000 72.000000 0.000000
vt  47.500000 72.625000 0.000000
vt  47.500000 73.000000 0.000000
vt  46.500000 73.000000 0.000000
vt  46.500000 72.625000 0.000000

vn  0.000000 0.000000 -1.000000
vn  0.000000 0.000000 -1.000000
vn  0.000000 0.000000 -1.000000
vn  0.000000 0.000000 -1.000000
vn  0.000000 0.000000 -1.000000
vn  0.000000 0.000000 -1.000000
vn  0.000000 0.000000 -1.000000
vn  0.000000 0.000000 -1.000000
vn  0.000000 0.000000 -1.000000
vn  0.000000 0.000000 -1.000000
vn  0.000000 0.000000 -1.000000
vn  0.000000 0.000000 -1.000000
vn  0.000000 0.000000 -1.000000
vn  0.000000 0.000000 -1.000000
vn  0.000000 0.000000 -1.000000
vn  0.000000 0.000000 -1.000000
vn  0.000000 0.000000 -1.000000
vn  0.000000 0.000000 -1.000000
vn  0.000000 0.000000 -1.000000
vn  0.000000 0.000000 -1.000000
vn  0.000000 0.000000 -1.000000
vn  0.000000 0.000000 -1.000000
vn  0.000000 0.000000 -1.000000
vn  0.000000 0.000000 -1.000000
vn  0.000000 0.000000 -1.000000
vn  0.000000 0.000000 -1.000000
vn  0.000000 0.000000 -1.000000
vn  0.000000 0.000000 -1.000000
vn  0.000000 0.000000 -1.000000
vn  0.000000 0.000000 -1.000000
vn  0.000000 0.000000 -1.000000
vn  0.000000 0.000000 -1.000000
vn  0.000000 0.000000 -1.000000
vn  0.000000 0.000000 -1.000000
vn  0.000000 0.000000 -1.000000
vn  0.000000 0.000000 -1.000000
vn  0.000000 0.000000 -1.000000
vn  0.000000 0.000000 -1.000000
vn  0.000000 0.000000 -1.000000
vn  0.000000 0.000000 -1.000000
vn  0.000000 0.000000 -1.000000
vn  0.000000 0.000000 -1.000000
vn  0.000000 0.000000 -1.000000
vn  0.000000 0.000000 -1.000000
vn  0.000000 0.000000 -1.000000
vn  0.000000 0.000000 -1.000000
vn  0.000000 0.000000 -1.000000
vn  0.000000 0.000000 -1.000000
vn  0.000000 0.000000 -1.000000
vn  0.000000 0.000000 -1.000000
vn  0.000000 0.000000 -1.000000
vn  0.000000 0.000000 -1.000000
vn  0.000000 0.000000 -1.000000
vn  0.000000 0.000000 -1.000000
vn  0.000000 0.000000 -1.000000
vn  0.000000 0.000000 -1.000000
vn  0.000000 0.000000 -1.000000
vn  0.000000 0.000000 -1.000000
vn  0.000000 0.000000 -1.000000
vn  0.000000 0.000000 -1.000000
vn  0.000000 0.000000 -1.000000
vn  0.000000 0.000000 -1.000000
vn  0.000000 0.000000 -1.000000
vn  0.000000 0.000000 -1.000000
vn  0.000000 0.000000 -1.000000
vn  0.000000 0.000000 -1.000000
vn  0.000000 0.000000 -1.000000
vn  0.000000 0.000000 -1.000000
vn  0.000000 0.000000 -1.000000
vn  0.000000 0.000000 -1.000000
vn  0.000000 0.000000 -1.000000
vn  0.000000 0.000000 -1.000000
vn  0.000000 0.000000 -1.000000
vn  0.000000 0.000000 -1.000000
vn  0.000000 0.000000 -1.000000
vn  0.000000 0.000000 -1.000000
vn  0.000000 0.000000 -1.000000
vn  0.000000 0.000000 -1.000000
vn  0.000000 0.000000 -1.000000
vn  0.000000 0.000000 -1.000000
vn  0.000000 0.000000 -1.000000
vn  0.000000 0.000000 -1.000000
vn  0.000000 0.000000 -1.000000
vn  0.000000 0.000000 -1.000000
vn  0.000000 0.000000 -1.000000
vn  0.000000 0.000000 -1.000000
vn  0.000000 0.000000 -1.000000
vn  0.000000 0.000000 -1.000000
vn  0.000000 0.000000 -1.000000
vn  0.000000 0.000000 -1.000000
vn  0.000000 0.000000 -1.000000
vn  0.000000 0.000000 -1.000000
vn  0.000000 0.000000 -1.000000
vn  0.000000 0.000000 -1.000000
vn  0.000000 0.000000 -1.000000
vn  0.000000 0.000000 -1.000000
vn  0.000000 0.000000 -1.000000
vn  0.000000 0.000000 -1.000000
vn  0.000000 0.000000 -1.000000
vn  0.000000 0.000000 -1.000000
vn  0.000000 0.000000 -1.000000
vn  0.000000 0.000000 -1.000000
vn  0.000000 0.000000 -1.000000
vn  0.000000 0.000000 -1.000000
vn  0.000000 0.000000 -1.000000
vn  0.000000 0.000000 -1.000000
vn  0.000000 0.000000 -1.000000
vn  0.000000 0.000000 -1.000000
vn  0.000000 0.000000 -1.000000
vn  0.000000 0.000000 -1.000000
vn  0.000000 0.000000 -1.000000
vn  0.000000 0.000000 -1.000000
vn  0.000000 0.000000 -1.000000
vn  0.000000 0.000000 -1.000000
vn  0.000000 0.000000 -1.000000
vn  0.000000 0.000000 -1.000000
vn  0.000000 0.000000 -1.000000
vn  0.000000 0.000000 -1.000000
vn  0.000000 0.000000 -1.000000
vn  0.000000 0.000000 -1.000000
vn  0.000000 0.000000 -1.000000
vn  0.000000 0.000000 -1.000000
vn  0.000000 0.000000 -1.000000
vn  0.000000 0.000000 -1.000000
vn  0.000000 0.000000 -1.000000
vn  0.000000 0.000000 -1.000000
vn  0.000000 0.000000 -1.000000
vn  0.000000 0.000000 -1.000000
vn  0.000000 0.000000 -1.000000
vn  0.000000 0.000000 -1.000000
vn  0.000000 0.000000 -1.000000
vn  0.000000 0.000000 -1.000000
vn  0.000000 0.000000 -1.000000
vn  0.000000 0.000000 -1.000000
vn  0.000000 0.000000 -1.000000
vn  0.000000 0.000000 -1.000000
vn  0.000000 0.000000 -1.000000
vn  0.000000 0.000000 -1.000000
vn  0.000000 0.000000 -1.000000
vn  0.000000 0.000000 -1.000000
vn  0.000000 0.000000 -1.000000
vn  0.000000 0.000000 -1.000000
vn  0.000000 0.000000 -1.000000
vn  0.000000 0.000000 -1.000000
vn  0.000000 0.000000 -1.000000
vn  0.000000 0.000000 -1.000000
vn  0.000000 0.000000 -1.000000
vn  0.000000 0.000000 -1.000000
vn  0.000000 0.000000 -1.000000
vn  0.000000 0.000000 -1.000000
vn  0.000000 0.000000 -1.000000
vn  0.000000 0.000000 -1.000000
vn  0.000000 0.000000 -1.000000
vn  0.000000 0.000000 -1.000000
vn  0.000000 0.000000 -1.000000
vn  0.000000 0.000000 -1.000000
vn  0.000000 0.000000 -1.000000
vn  0.000000 0.000000 -1.000000
vn  0.000000 0.000000 -1.000000
vn  0.000000 0.000000 -1.000000
vn  0.000000 0.000000 -1.000000
vn  0.000000 0.000000 -1.000000
vn  0.000000 0.000000 -1.000000
vn  0.000000 0.000000 -1.000000
vn  0.000000 0.000000 -1.000000
vn  0.000000 0.000000 -1.000000
vn  0.000000 0.000000 -1.000000
vn  0.000000 0.000000 -1.000000
vn  0.000000 0.000000 -1.000000
vn  0.000000 0.000000 -1.000000
vn  0.000000 0.000000 -1.000000
vn  0.000000 0.000000 -1.000000
vn  0.000000 0.000000 -1.000000
vn  0.000000 0.000000 -1.000000
vn  0.000000 0.000000 -1.000000
vn  0.000000 0.000000 -1.000000
vn  0.000000 0.000000 -1.000000
vn  0.000000 0.000000 -1.000000
vn  0.000000 0.000000 -1.000000
vn  0.000000 0.000000 -1.000000
vn  0.000000 0.000000 -1.000000
vn  0.000000 0.000000 -1.000000
vn  0.000000 0.000000 -1.000000
vn  0.000000 0.000000 -1.000000
vn  0.000000 0.000000 -1.000000
vn  0.000000 0.000000 -1.000000
vn  0.000000 0.000000 -1.000000
vn  0.000000 0.000000 -1.000000
vn  0.000000 0.000000 -1.000000
vn  0.000000 0.000000 -1.000000
vn  0.000000 0.000000 -1.000000
vn  0.000000 0.000000 -1.000000
vn  0.000000 0.000000 -1.000000
vn  0.000000 0.000000 -1.000000
vn  0.000000 0.000000 -1.000000
vn  0.000000 0.000000 -1.000000
vn  0.000000 0.000000 -1.000000
vn  0.000000 0.000000 -1.000000
vn  0.000000 0.000000 -1.000000
vn  0.000000 0.000000 -1.000000
vn  0.000000 0.000000 -1.000000
vn  0.000000 0.000000 -1.000000
vn  0.000000 0.000000 -1.000000
vn  0.000000 0.000000 -1.000000
vn  0.000000 0.000000 -1.000000
vn  0.000000 0.000000 -1.000000
vn  0.000000 0.000000 -1.000000
vn  0.000000 0.000000 -1.000000
vn  0.000000 0.000000 -1.000000
vn  0.000000 0.000000 -1.000000
vn  0.000000 0.000000 -1.000000
vn  0.000000 0.000000 -1.000000
vn  0.000000 0.000000 -1.000000
vn  0.000000 0.000000 -1.000000
vn  0.000000 0.000000 -1.000000
vn  0.000000 0.000000 -1.000000
vn  0.000000 0.000000 -1.000000
vn  0.000000 0.000000 -1.000000
vn  0.000000 0.000000 -1.000000
vn  0.000000 0.000000 -1.000000
vn  0.000000 0.000000 -1.000000
vn  0.000000 0.000000 -1.000000
vn  0.000000 0.000000 -1.000000
vn  0.000000 0.000000 -1.000000
vn  0.000000 0.000000 -1.000000
vn  0.000000 0.000000 -1.000000
vn  0.000000 0.000000 -1.000000
vn  0.000000 0.000000 -1.000000
vn  0.000000 0.000000 -1.000000
vn  0.000000 0.000000 -1.000000
vn  0.000000 0.000000 -1.000000
vn  0.000000 0.000000 -1.000000
vn  0.000000 0.000000 -1.000000
vn  0.000000 0.000000 -1.000000
vn  0.000000 0.000000 -1.000000
vn  0.000000 0.000000 -1.000000
vn  0.000000 0.000000 -1.000000
vn  0.000000 0.000000 -1.000000
vn  0.000000 0.000000 -1.000000
vn  0.000000 0.000000 -1.000000
vn  0.000000 0.000000 -1.000000
vn  0.000000 0.000000 -1.000000
vn  0.000000 0.000000 -1.000000
vn  0.000000 0.000000 -1.000000

g rdmobj01
usemtl CEIL3_5
f  278/278/278 279/279/279 280/280/280
f  281/281/281 278/278/278 280/280/280
f  282/282/282 283/283/283 284/284/284
f  285/285/285 282/282/282 284/284/284
f  285/285/285 284/284/284 286/286/286
f  284/284/284 287/287/287 286/286/286
f  288/288/288 289/289/289 290/290/290
f  291/291/291 292/292/292 293/293/293
f  293/293/293 294/294/294 291/291/291
f  295/295/295 294/294/294 293/293/293
f  288/288/288 296/296/296 297/297/297
f  296/296/296 298/298/298 297/297/297
f  299/299/299 288/288/288 290/290/290
f  296/296/296 288/288/288 299/299/299
f  288/288/288 300/300/300 289/289/289
f  300/300/300 301/301/301 289/289/289
f  302/302/302 303/303/303 304/304/304
f  305/305/305 302/302/302 304/304/304
f  306/306/306 294/294/294 295/295/295
f  305/305/305 307/307/307 300/300/300
f  305/305/305 304/304/304 307/307/307
f  307/307/307 301/301/301 300/300/300
f  305/305/305 308/308/308 302/302/302
f  308/308/308 309/309/309 302/302/302
f  308/308/308 310/310/310 309/309/309
f  310/310/310 311/311/311 309/309/309
f  312/312/312 313/313/313 314/314/314
f  315/315/315 312/312/312 314/314/314
f  312/312/312 316/316/316 313/313/313
f  316/316/316 317/317/317 313/313/313
f  318/318/318 319/319/319 320/320/320
f  321/321/321 315/315/315 314/314/314
f  321/321/321 318/318/318 320/320/320
f  318/318/318 321/321/321 314/314/314
f  322/322/322 310/310/310 306/306/306
f  323/323/323 322/322/322 306/306/306
f  323/323/323 306/306/306 324/324/324
f  325/325/325 323/323/323 324/324/324
f  322/322/322 326/326/326 310/310/310
f  326/326/326 321/321/321 320/320/320
f  326/326/326 327/327/327 310/310/310
f  326/326/326 328/328/328 327/327/327
f  328/328/328 311/311/311 327/327/327
f  328/328/328 326/326/326 320/320/320
f  329/329/329 330/330/330 331/331/331
f  332/332/332 329/329/329 331/331/331
f  329/329/329 333/333/333 330/330/330
f  333/333/333 334/334/334 330/330/330
f  333/333/333 335/335/335 334/334/334
f  335/335/335 336/336/336 334/334/334
f  337/337/337 317/317/317 316/316/316
f  337/337/337 338/338/338 331/331/331
f  338/338/338 316/316/316 325/325/325
f  338/338/338 332/332/332 331/331/331
f  338/338/338 337/337/337 316/316/316
f  339/339/339 292/292/292 340/340/340
f  340/340/340 292/292/292 297/297/297
f  341/341/341 325/325/325 324/324/324
f  341/341/341 339/339/339 340/340/340
f  341/341/341 338/338/338 325/325/325
f  339/339/339 341/341/341 324/324/324
f  342/342/342 340/340/340 297/297/297
f  342/342/342 297/297/297 343/343/343
f  344/344/344 342/342/342 343/343/343
f  344/344/344 343/343/343 298/298/298
f  344/344/344 345/345/345 333/333/333
f  345/345/345 335/335/335 333/333/333
f  345/345/345 344/344/344 298/298/298
f  346/346/346 347/347/347 348/348/348
f  349/349/349 346/346/346 348/348/348
f  350/350/350 351/351/351 352/352/352
f  350/350/350 353/353/353 348/348/348
f  353/353/353 350/350/350 352/352/352
f  353/353/353 349/349/349 348/348/348
f  354/354/354 355/355/355 356/356/356
f  357/357/357 346/346/346 349/349/349
f  357/357/357 354/354/354 356/356/356
f  354/354/354 357/357/357 349/349/349
f  358/358/358 353/353/353 352/352/352
f  354/354/354 358/358/358 355/355/355
f  358/358/358 359/359/359 355/355/355
f  360/360/360 358/358/358 352/352/352
f  358/358/358 360/360/360 359/359/359
f  360/360/360 361/361/361 359/359/359
f  362/362/362 363/363/363 364/364/364
f  365/365/365 362/362/362 364/364/364
f  366/366/366 367/367/367 368/368/368
f  369/369/369 366/366/366 368/368/368
f  369/369/369 365/365/365 364/364/364
f  366/366/366 369/369/369 364/364/364
f  370/370/370 371/371/371 372/372/372
f  373/373/373 370/370/370 372/372/372
f  373/373/373 362/362/362 365/365/365
f  370/370/370 373/373/373 365/365/365
f  370/370/370 374/374/374 371/371/371
f  374/374/374 369/369/369 368/368/368
f  374/374/374 375/375/375 371/371/371
f  376/376/376 374/374/374 368/368/368
f  374/374/374 376/376/376 375/375/375
f  376/376/376 377/377/377 375/375/375
f  378/378/378 379/379/379 380/380/380
f  381/381/381 378/378/378 380/380/380
f  382/382/382 383/383/383 384/384/384
f  385/385/385 382/382/382 384/384/384
f  385/385/385 386/386/386 387/387/387
f  380/380/380 385/385/385 387/387/387
f  388/388/388 389/389/389 390/390/390
f  388/388/388 390/390/390 391/391/391
f  392/392/392 388/388/388 391/391/391
f  393/393/393 394/394/394 395/395/395
f  396/396/396 393/393/393 395/395/395
f  393/393/393 396/396/396 397/397/397
f  398/398/398 393/393/393 397/397/397
f  399/399/399 393/393/393 398/398/398
f  393/393/393 399/399/399 400/400/400
f  391/391/391 400/400/400 392/392/392
f  400/400/400 391/391/391 401/401/401
f  401/401/401 393/393/393 400/400/400
f  400/400/400 402/402/402 403/403/403
f  400/400/400 403/403/403 392/392/392
f  404/404/404 405/405/405 406/406/406
f  407/407/407 404/404/404 406/406/406
f  404/404/404 407/407/407 408/408/408
f  409/409/409 404/404/404 408/408/408
f  410/410/410 411/411/411 404/404/404
f  412/412/412 413/413/413 414/414/414
f  415/415/415 412/412/412 414/414/414
f  416/416/416 417/417/417 418/418/418
f  419/419/419 416/416/416 418/418/418
f  420/420/420 416/416/416 419/419/419
f  416/416/416 420/420/420 421/421/421
f  422/422/422 416/416/416 421/421/421
f  423/423/423 416/416/416 422/422/422
f  421/421/421 424/424/424 422/422/422
f  422/422/422 425/425/425 423/423/423
f  426/426/426 427/427/427 428/428/428
f  429/429/429 426/426/426 428/428/428
f  429/429/429 428/428/428 430/430/430
f  429/429/429 430/430/430 431/431/431
f  432/432/432 429/429/429 431/431/431
f  433/433/433 434/434/434 435/435/435
f  433/433/433 436/436/436 434/434/434
f  436/436/436 437/437/437 438/438/438
f  436/436/436 439/439/439 434/434/434
f  439/439/439 436/436/436 438/438/438
f  440/440/440 441/441/441 442/442/442
f  443/443/443 440/440/440 442/442/442
f  440/440/440 443/443/443 444/444/444
f  445/445/445 440/440/440 444/444/444
f  444/444/444 446/446/446 447/447/447
f  448/448/448 444/444/444 447/447/447
f  449/449/449 444/444/444 448/448/448
f  444/444/444 449/449/449 450/450/450
f  445/445/445 444/444/444 450/450/450
f  451/451/451 452/452/452 453/453/453
f  454/454/454 451/451/451 453/453/453
f  455/455/455 451/451/451 454/454/454
f  443/443/443 442/442/442 456/456/456
f  457/457/457 443/443/443 456/456/456
f  444/444/444 443/443/443 458/458/458
f  443/443/443 457/457/457 458/458/458
f  459/459/459 447/447/447 446/446/446
f  447/447/447 459/459/459 448/448/448
f  459/459/459 460/460/460 461/461/461
f  459/459/459 462/462/462 448/448/448
f  462/462/462 459/459/459 461/461/461
f  460/460/460 459/459/459 463/463/463
f  463/463/463 459/459/459 446/446/446
f  446/446/446 444/444/444 463/463/463
f  444/444/444 458/458/458 463/463/463
f  458/458/458 457/457/457 464/464/464
f  463/463/463 464/464/464 460/460/460
f  463/463/463 458/458/458 464/464/464
f  465/465/465 466/466/466 467/467/467
f  468/468/468 469/469/469 470/470/470
f  471/471/471 468/468/468 470/470/470
f  472/472/472 468/468/468 471/471/471
f  473/473/473 467/467/467 468/468/468
f  473/473/473 468/468/468 472/472/472
f  473/473/473 465/465/465 467/467/467
f  474/474/474 475/475/475 476/476/476
f  477/477/477 474/474/474 476/476/476
f  478/478/478 474/474/474 477/477/477
f  479/479/479 474/474/474 478/478/478
f  480/480/480 481/481/481 482/482/482
f  483/483/483 480/480/480 482/482/482
f  484/484/484 480/480/480 483/483/483
f  480/480/480 484/484/484 485/485/485
f  486/486/486 480/480/480 485/485/485
f  487/487/487 488/488/488 489/489/489
f  490/490/490 487/487/487 489/489/489
f  485/485/485 491/491/491 492/492/492
f  486/486/486 485/485/485 493/493/493
f  493/493/493 485/485/485 492/492/492
f  494/494/494 495/495/495 496/496/496
f  497/497/497 494/494/494 496/496/496
f  498/498/498 499/499/499 500/500/500
f  501/501/501 498/498/498 500/500/500
f  502/502/502 503/503/503 504/504/504
f  502/502/502 505/505/505 500/500/500
f  505/505/505 501/501/501 500/500/500
f  505/505/505 502/502/502 504/504/504
f  506/506/506 507/507/507 508/508/508
f  509/509/509 506/506/506 508/508/508
f  509/509/509 498/498/498 501/501/501
f  506/506/506 509/509/509 501/501/501
f  510/510/510 505/505/505 504/504/504
f  506/506/506 510/510/510 507/507/507
f  510/510/510 511/511/511 507/507/507
f  512/512/512 510/510/510 504/504/504
f  510/510/510 512/512/512 511/511/511
f  512/512/512 513/513/513 511/511/511
f  514/514/514 515/515/515 516/516/516
f  517/517/517 514/514/514 516/516/516
f  518/518/518 519/519/519 520/520/520
f  521/521/521 518/518/518 520/520/520

g
v  2496.000000 -2112.000000 32.000000
v  2496.000000 -2496.000000 32.000000
v  2560.000000 -2496.000000 32.000000
v  2560.000000 -2048.000000 32.000000
v  1600.000000 -2048.000000 32.000000
v  1664.000000 -2112.000000 32.000000
v  1600.000000 -2368.000000 32.000000
v  1664.000000 -2368.000000 32.000000
v  1664.000000 -2752.000000 32.000000
v  1600.000000 -2816.000000 32.000000
v  2176.000000 -2816.000000 32.000000
v  2176.000000 -2752.000000 32.000000
v  1664.000000 -2624.000000 32.000000
v  1600.000000 -2624.000000 32.000000

vt  39.000000 33.000000 0.000000
vt  39.000000 39.000000 0.000000
vt  40.000000 39.000000 0.000000
vt  40.000000 32.000000 0.000000
vt  25.000000 32.000000 0.000000
vt  26.000000 33.000000 0.000000
vt  25.000000 37.000000 0.000000
vt  26.000000 37.000000 0.000000
vt  26.000000 43.000000 0.000000
vt  25.000000 44.000000 0.000000
vt  34.000000 44.000000 0.000000
vt  34.000000 43.000000 0.000000
vt  26.000000 41.000000 0.000000
vt  25.000000 41.000000 0.000000

vn  0.000000 0.000000 1.000000
vn  0.000000 0.000000 1.000000
vn  0.000000 0.000000 1.000000
vn  0.000000 0.000000 1.000000
vn  0.000000 0.000000 1.000000
vn  0.000000 0.000000 1.000000
vn  0.000000 0.000000 1.000000
vn  0.000000 0.000000 1.000000
vn  0.000000 0.000000 1.000000
vn  0.000000 0.000000 1.000000
vn  0.000000 0.000000 1.000000
vn  0.000000 0.000000 1.000000
vn  0.000000 0.000000 1.000000
vn  0.000000 0.000000 1.000000

g rdmobj02
usemtl FLAT18
f  522/522/522 523/523/523 524/524/524
f  525/525/525 522/522/522 524/524/524
f  525/525/525 526/526/526 522/522/522
f  526/526/526 527/527/527 522/522/522
f  526/526/526 528/528/528 529/529/529
f  527/527/527 526/526/526 529/529/529
f  530/530/530 531/531/531 532/532/532
f  533/533/533 530/530/530 532/532/532
f  530/530/530 534/534/534 535/535/535
f  531/531/531 530/530/530 535/535/535

g
v  2560.000000 -2048.000000 88.000000
v  2560.000000 -2496.000000 88.000000
v  2496.000000 -2496.000000 88.000000
v  2496.000000 -2112.000000 88.000000
v  1664.000000 -2112.000000 88.000000
v  1600.000000 -2048.000000 88.000000
v  1664.000000 -2368.000000 88.000000
v  1600.000000 -2368.000000 88.000000
v  2176.000000 -2752.000000 88.000000
v  2176.000000 -2816.000000 88.000000
v  1600.000000 -2816.000000 88.000000
v  1664.000000 -2752.000000 88.000000
v  1600.000000 -2624.000000 88.000000
v  1664.000000 -2624.000000 88.000000

vt  40.000000 32.000000 0.000000
vt  40.000000 39.000000 0.000000
vt  39.000000 39.000000 0.000000
vt  39.000000 33.000000 0.000000
vt  26.000000 33.000000 0.000000
vt  25.000000 32.000000 0.000000
vt  26.000000 37.000000 0.000000
vt  25.000000 37.000000 0.000000
vt  34.000000 43.000000 0.000000
vt  34.000000 44.000000 0.000000
vt  25.000000 44.000000 0.000000
vt  26.000000 43.000000 0.000000
vt  25.000000 41.000000 0.000000
vt  26.000000 41.000000 0.000000

vn  0.000000 0.000000 -1.000000
vn  0.000000 0.000000 -1.000000
vn  0.000000 0.000000 -1.000000
vn  0.000000 0.000000 -1.000000
vn  0.000000 0.000000 -1.000000
vn  0.000000 0.000000 -1.000000
vn  0.000000 0.000000 -1.000000
vn  0.000000 0.000000 -1.000000
vn  0.000000 0.000000 -1.000000
vn  0.000000 0.000000 -1.000000
vn  0.000000 0.000000 -1.000000
vn  0.000000 0.000000 -1.000000
vn  0.000000 0.000000 -1.000000
vn  0.000000 0.000000 -1.000000

g rdmobj03
usemtl CEIL5_1
f  536/536/536 537/537/537 538/538/538
f  539/539/539 536/536/536 538/538/538
f  536/536/536 539/539/539 540/540/540
f  541/541/541 536/536/536 540/540/540
f  540/540/540 542/542/542 543/543/543
f  541/541/541 540/540/540 543/543/543
f  544/544/544 545/545/545 546/546/546
f  547/547/547 544/544/544 546/546/546
f  546/546/546 548/548/548 549/549/549
f  547/547/547 546/546/546 549/549/549

g
v  1536.000000 -2432.000000 88.000000
v  1536.000000 -2560.000000 88.000000
v  1472.000000 -2560.000000 88.000000
v  1472.000000 -2432.000000 88.000000

vt  24.000000 38.000000 0.000000
vt  24.000000 40.000000 0.000000
vt  23.000000 40.000000 0.000000
vt  23.000000 38.000000 0.000000

vn  0.000000 0.000000 -1.000000
vn  0.000000 0.000000 -1.000000
vn  0.000000 0.000000 -1.000000
vn  0.000000 0.000000 -1.000000

g rdmobj04
usemtl TLITE6_4
f  550/550/550 551/551/551 552/552/552
f  553/553/553 550/550/550 552/552/552

g
v  1552.000000 -2432.000000 0.000000
v  1552.000000 -2560.000000 0.000000
v  1536.000000 -2560.000000 0.000000
v  1536.000000 -2432.000000 0.000000
v  -256.000000 -3120.000000 136.000000
v  -256.000000 -3136.000000 136.000000
v  -128.000000 -3136.000000 136.000000
v  -128.000000 -3120.000000 136.000000
v  -128.000000 -3120.000000 240.000000
v  -128.000000 -3136.000000 240.000000
v  -256.000000 -3136.000000 240.000000
v  -256.000000 -3120.000000 240.000000
v  -336.000000 -3168.000000 136.000000
v  -336.000000 -3296.000000 136.000000
v  -320.000000 -3296.000000 136.000000
v  -320.000000 -3168.000000 136.000000
v  -320.000000 -3168.000000 240.000000
v  -320.000000 -3296.000000 240.000000
v  -336.000000 -3296.000000 240.000000
v  -336.000000 -3168.000000 240.000000
v  -256.000000 -3328.000000 136.000000
v  -256.000000 -3344.000000 136.000000
v  -128.000000 -3344.000000 136.000000
v  -128.000000 -3328.000000 136.000000
v  -128.000000 -3328.000000 240.000000
v  -128.000000 -3344.000000 240.000000
v  -256.000000 -3344.000000 240.000000
v  -256.000000 -3328.000000 240.000000
v  2736.000000 -3112.000000 0.000000
v  2736.000000 -3360.000000 0.000000
v  2752.000000 -3360.000000 0.000000
v  2752.000000 -3112.000000 0.000000
v  2752.000000 -3112.000000 136.000000
v  2752.000000 -3360.000000 136.000000
v  2736.000000 -3360.000000 136.000000
v  2736.000000 -3112.000000 136.000000
v  3072.000000 -4016.000000 -24.000000
v  3072.000000 -4032.000000 -24.000000
v  2944.000000 -4032.000000 -24.000000
v  2944.000000 -4016.000000 -24.000000
v  3040.000000 -4632.000000 -24.000000
v  3040.000000 -4648.000000 -24.000000
v  2976.000000 -4648.000000 -24.000000
v  2976.000000 -4632.000000 -24.000000

vt  24.250000 38.000000 0.000000
vt  24.250000 40.000000 0.000000
vt  24.000000 40.000000 0.000000
vt  24.000000 38.000000 0.000000
vt  -4.000000 48.750000 0.000000
vt  -4.000000 49.000000 0.000000
vt  -2.000000 49.000000 0.000000
vt  -2.000000 48.750000 0.000000
vt  -2.000000 48.750000 0.000000
vt  -2.000000 49.000000 0.000000
vt  -4.000000 49.000000 0.000000
vt  -4.000000 48.750000 0.000000
vt  -5.250000 49.500000 0.000000
vt  -5.250000 51.500000 0.000000
vt  -5.000000 51.500000 0.000000
vt  -5.000000 49.500000 0.000000
vt  -5.000000 49.500000 0.000000
vt  -5.000000 51.500000 0.000000
vt  -5.250000 51.500000 0.000000
vt  -5.250000 49.500000 0.000000
vt  -4.000000 52.000000 0.000000
vt  -4.000000 52.250000 0.000000
vt  -2.000000 52.250000 0.000000
vt  -2.000000 52.000000 0.000000
vt  -2.000000 52.000000 0.000000
vt  -2.000000 52.250000 0.000000
vt  -4.000000 52.250000 0.000000
vt  -4.000000 52.000000 0.000000
vt  42.750000 48.625000 0.000000
vt  42.750000 52.500000 0.000000
vt  43.000000 52.500000 0.000000
vt  43.000000 48.625000 0.000000
vt  43.000000 48.625000 0.000000
vt  43.000000 52.500000 0.000000
vt  42.750000 52.500000 0.000000
vt  42.750000 48.625000 0.000000
vt  48.000000 62.750000 0.000000
vt  48.000000 63.000000 0.000000
vt  46.000000 63.000000 0.000000
vt  46.000000 62.750000 0.000000
vt  47.500000 72.375000 0.000000
vt  47.500000 72.625000 0.000000
vt  46.500000 72.625000 0.000000
vt  46.500000 72.375000 0.000000

vn  0.000000 0.000000 -1.000000
vn  0.000000 0.000000 -1.000000
vn  0.000000 0.000000 -1.000000
vn  0.000000 0.000000 -1.000000
vn  0.000000 0.000000 1.000000
vn  0.000000 0.000000 1.000000
vn  0.000000 0.000000 1.000000
vn  0.000000 0.000000 1.000000
vn  0.000000 0.000000 -1.000000
vn  0.000000 0.000000 -1.000000
vn  0.000000 0.000000 -1.000000
vn  0.000000 0.000000 -1.000000
vn  0.000000 0.000000 1.000000
vn  0.000000 0.000000 1.000000
vn  0.000000 0.000000 1.000000
vn  0.000000 0.000000 1.000000
vn  0.000000 0.000000 -1.000000
vn  0.000000 0.000000 -1.000000
vn  0.000000 0.000000 -1.000000
vn  0.000000 0.000000 -1.000000
vn  0.000000 0.000000 1.000000
vn  0.000000 0.000000 1.000000
vn  0.000000 0.000000 1.000000
vn  0.000000 0.000000 1.000000
vn  0.000000 0.000000 -1.000000
vn  0.000000 0.000000 -1.000000
vn  0.000000 0.000000 -1.000000
vn  0.000000 0.000000 -1.000000
vn  0.000000 0.000000 1.000000
vn  0.000000 0.000000 1.000000
vn  0.000000 0.000000 1.000000
vn  0.000000 0.000000 1.000000
vn  0.000000 0.000000 -1.000000
vn  0.000000 0.000000 -1.000000
vn  0.000000 0.000000 -1.000000
vn  0.000000 0.000000 -1.000000
vn  0.000000 0.000000 -1.000000
vn  0.000000 0.000000 -1.000000
vn  0.000000 0.000000 -1.000000
vn  0.000000 0.000000 -1.000000
vn  0.000000 0.000000 -1.000000
vn  0.000000 0.000000 -1.000000
vn  0.000000 0.000000 -1.000000
vn  0.000000 0.000000 -1.000000

g rdmobj05
usemtl FLAT20
f  554/554/554 555/555/555 556/556/556
f  557/557/557 554/554/554 556/556/556
f  558/558/558 559/559/559 560/560/560
f  561/561/561 558/558/558 560/560/560
f  562/562/562 563/563/563 564/564/564
f  565/565/565 562/562/562 564/564/564
f  566/566/566 567/567/567 568/568/568
f  569/569/569 566/566/566 568/568/568
f  570/570/570 571/571/571 572/572/572
f  573/573/573 570/570/570 572/572/572
f  574/574/574 575/575/575 576/576/576
f  577/577/577 574/574/574 576/576/576
f  578/578/578 579/579/579 580/580/580
f  581/581/581 578/578/578 580/580/580
f  582/582/582 583/583/583 584/584/584
f  585/585/585 582/582/582 584/584/584
f  586/586/586 587/587/587 588/588/588
f  589/589/589 586/586/586 588/588/588
f  590/590/590 591/591/591 592/592/592
f  593/593/593 590/590/590 592/592/592
f  594/594/594 595/595/595 596/596/596
f  597/597/597 594/594/594 596/596/596

g
v  1568.410522 -3390.509521 -56.000000
v  1376.000000 -3648.000000 -56.000000
v  1690.796143 -3423.145752 -56.000000
v  1774.841431 -3445.557617 -56.000000
v  1784.000000 -3448.000000 -56.000000
v  1764.557861 -3450.777344 -56.000000
v  2534.000000 -3648.000000 -56.000000
v  1544.000000 -3384.000000 -56.000000
v  1376.000000 -3339.199951 -56.000000
v  1547.789429 -3418.105225 -56.000000
v  1833.235474 -3036.111328 -56.000000
v  1920.000000 -2920.000000 -56.000000
v  1856.000000 -2880.000000 -56.000000
v  1488.000000 -2880.000000 -56.000000
v  1520.000000 -3168.000000 -56.000000
v  1472.000000 -2880.000000 -56.000000
v  1376.000000 -2944.000000 -56.000000
v  1376.000000 -3228.631592 -56.000000
v  1782.505493 -3104.000000 -56.000000
v  1672.000000 -3104.000000 -56.000000
v  1896.000000 -3104.000000 -56.000000
v  2137.600098 -3104.000000 -56.000000
v  2272.000000 -3008.000000 -56.000000
v  2240.000000 -2920.000000 -56.000000
v  1802.014160 -3077.892822 -56.000000
v  2125.096436 -3267.776855 -56.000000
v  2432.000000 -3112.000000 -56.000000
v  2053.700684 -3163.928223 -56.000000
v  2069.951904 -3152.320068 -56.000000
v  2040.000000 -3144.000000 -56.000000
v  2012.500000 -3104.000000 -56.000000
v  2016.055786 -3509.881592 -56.000000
v  2736.000000 -3648.000000 -56.000000
v  2736.000000 -3312.000000 -56.000000
v  2064.000000 -3408.000000 -56.000000
v  2128.000000 -3272.000000 -56.000000
v  2207.414551 -3387.512207 -56.000000
v  2736.000000 -3112.000000 -56.000000
v  2131.522217 -3264.515137 -56.000000
v  1528.000000 -3680.000000 -56.000000
v  1672.000000 -3744.000000 -56.000000
v  1984.000000 -3776.000000 -56.000000
v  1984.000000 -3648.000000 -56.000000
v  2240.000000 -3648.000000 -56.000000
v  2208.000000 -3680.000000 -56.000000
v  2240.000000 -3776.000000 -56.000000
v  2016.000000 -3680.000000 -56.000000
v  2048.000000 -3680.000000 -56.000000
v  2048.000000 -3776.000000 -56.000000
v  2176.000000 -3776.000000 -56.000000
v  2176.000000 -3680.000000 -56.000000
v  -768.000000 -3520.000000 0.000000
v  -640.000000 -3648.000000 0.000000
v  64.000000 -3648.000000 0.000000
v  -640.000000 -3520.000000 0.000000
v  -640.000000 -2944.000000 0.000000
v  -768.000000 -2944.000000 0.000000
v  -640.000000 -2816.000000 0.000000
v  64.000000 -2816.000000 0.000000
v  -640.000000 -2944.000000 0.000000
v  -336.000000 -3120.000000 0.000000
v  -96.000000 -3120.000000 0.000000
v  64.000000 -2944.000000 0.000000
v  64.000000 -2816.000000 0.000000
v  -640.000000 -3520.000000 0.000000
v  64.000000 -3648.000000 0.000000
v  64.000000 -3520.000000 0.000000
v  -96.000000 -3344.000000 0.000000
v  -336.000000 -3344.000000 0.000000
v  2488.000000 -3744.000000 -56.000000

vt  24.506414 52.976711 0.000000
vt  21.500000 57.000000 0.000000
vt  26.418690 53.486652 0.000000
vt  27.731897 53.836838 0.000000
vt  27.875000 53.875000 0.000000
vt  27.571217 53.918396 0.000000
vt  39.593750 57.000000 0.000000
vt  24.125000 52.875000 0.000000
vt  21.500000 52.174999 0.000000
vt  24.184210 53.407894 0.000000
vt  28.644304 47.439240 0.000000
vt  30.000000 45.625000 0.000000
vt  29.000000 45.000000 0.000000
vt  23.250000 45.000000 0.000000
vt  23.750000 49.500000 0.000000
vt  23.000000 45.000000 0.000000
vt  21.500000 46.000000 0.000000
vt  21.500000 50.447369 0.000000
vt  27.851648 48.500000 0.000000
vt  26.125000 48.500000 0.000000
vt  29.625000 48.500000 0.000000
vt  33.400002 48.500000 0.000000
vt  35.500000 47.000000 0.000000
vt  35.000000 45.625000 0.000000
vt  28.156471 48.092075 0.000000
vt  33.204632 51.059013 0.000000
vt  38.000000 48.625000 0.000000
vt  32.089073 49.436378 0.000000
vt  32.342999 49.255001 0.000000
vt  31.875000 49.125000 0.000000
vt  31.445313 48.500000 0.000000
vt  31.500872 54.841900 0.000000
vt  42.750000 57.000000 0.000000
vt  42.750000 51.750000 0.000000
vt  32.250000 53.250000 0.000000
vt  33.250000 51.125000 0.000000
vt  34.490852 52.929878 0.000000
vt  42.750000 48.625000 0.000000
vt  33.305035 51.008049 0.000000
vt  23.875000 57.500000 0.000000
vt  26.125000 58.500000 0.000000
vt  31.000000 59.000000 0.000000
vt  31.000000 57.000000 0.000000
vt  35.000000 57.000000 0.000000
vt  34.500000 57.500000 0.000000
vt  35.000000 59.000000 0.000000
vt  31.500000 57.500000 0.000000
vt  32.000000 57.500000 0.000000
vt  32.000000 59.000000 0.000000
vt  34.000000 59.000000 0.000000
vt  34.000000 57.500000 0.000000
vt  -12.000000 55.000000 0.000000
vt  -10.000000 57.000000 0.000000
vt  1.000000 57.000000 0.000000
vt  -10.000000 55.000000 0.000000
vt  -10.000000 46.000000 0.000000
vt  -12.000000 46.000000 0.000000
vt  -10.000000 44.000000 0.000000
vt  1.000000 44.000000 0.000000
vt  -10.000000 46.000000 0.000000
vt  -5.250000 48.750000 0.000000
vt  -1.500000 48.750000 0.000000
vt  1.000000 46.000000 0.000000
vt  1.000000 44.000000 0.000000
vt  -10.000000 55.000000 0.000000
vt  1.000000 57.000000 0.000000
vt  1.000000 55.000000 0.000000
vt  -1.500000 52.250000 0.000000
vt  -5.250000 52.250000 0.000000
vt  38.875000 58.500000 0.000000

vn  0.000000 0.000000 1.000000
vn  0.000000 0.000000 1.000000
vn  0.000000 0.000000 1.000000
vn  0.000000 0.000000 1.000000
vn  0.000000 0.000000 1.000000
vn  0.000000 0.000000 1.000000
vn  0.000000 0.000000 1.000000
vn  0.000000 0.000000 1.000000
vn  0.000000 0.000000 1.000000
vn  0.000000 0.000000 1.000000
vn  0.000000 0.000000 1.000000
vn  0.000000 0.000000 1.000000
vn  0.000000 0.000000 1.000000
vn  0.000000 0.000000 1.000000
vn  0.000000 0.000000 1.000000
vn  0.000000 0.000000 1.000000
vn  0.000000 0.000000 1.000000
vn  0.000000 0.000000 1.000000
vn  0.000000 0.000000 1.000000
vn  0.000000 0.000000 1.000000
vn  0.000000 0.000000 1.000000
vn  0.000000 0.000000 1.000000
vn  0.000000 0.000000 1.000000
vn  0.000000 0.000000 1.000000
vn  0.000000 0.000000 1.000000
vn  0.000000 0.000000 1.000000
vn  0.000000 0.000000 1.000000
vn  0.000000 0.000000 1.000000
vn  0.000000 0.000000 1.000000
vn  0.000000 0.000000 1.000000
vn  0.000000 0.000000 1.000000
vn  0.000000 0.000000 1.000000
vn  0.000000 0.000000 1.000000
vn  0.000000 0.000000 1.000000
vn  0.000000 0.000000 1.000000
vn  0.000000 0.000000 1.000000
vn  0.000000 0.000000 1.000000
vn  0.000000 0.000000 1.000000
vn  0.000000 0.000000 1.000000
vn  0.000000 0.000000 1.000000
vn  0.000000 0.000000 1.000000
vn  0.000000 0.000000 1.000000
vn  0.000000 0.000000 1.000000
vn  0.000000 0.000000 1.000000
vn  0.000000 0.000000 1.000000
vn  0.000000 0.000000 1.000000
vn  0.000000 0.000000 1.000000
vn  0.000000 0.000000 1.000000
vn  0.000000 0.000000 1.000000
vn  0.000000 0.000000 1.000000
vn  0.000000 0.000000 1.000000
vn  0.000000 0.000000 1.000000
vn  0.000000 0.000000 1.000000
vn  0.000000 0.000000 1.000000
vn  0.000000 0.000000 1.000000
vn  0.000000 0.000000 1.000000
vn  0.000000 0.000000 1.000000
vn  0.000000 0.000000 1.000000
vn  0.000000 0.000000 1.000000
vn  0.000000 0.000000 1.000000
vn  0.000000 0.000000 1.000000
vn  0.000000 0.000000 1.000000
vn  0.000000 0.000000 1.000000
vn  0.000000 0.000000 1.000000
vn  0.000000 0.000000 1.000000
vn  0.000000 0.000000 1.000000
vn  0.000000 0.000000 1.000000
vn  0.000000 0.000000 1.000000
vn  0.000000 0.000000 1.000000
vn  0.000000 0.000000 1.000000

g rdmobj06
usemtl FLOOR7_1
f  598/598/598 599/599/599 600/600/600
f  600/600/600 599/599/599 601/601/601
f  602/602/602 603/603/603 599/599/599
f  601/601/601 603/603/603 602/602/602
f  604/604/604 602/602/602 599/599/599
f  605/605/605 606/606/606 599/599/599
f  607/607/607 605/605/605 599/599/599
f  607/607/607 598/598/598 605/605/605
f  608/608/608 609/609/609 610/610/610
f  611/611/611 608/608/608 610/610/610
f  612/612/612 608/608/608 611/611/611
f  612/612/612 611/611/611 613/613/613
f  614/614/614 612/612/612 613/613/613
f  612/612/612 615/615/615 605/605/605
f  615/615/615 606/606/606 605/605/605
f  615/615/615 612/612/612 614/614/614
f  616/616/616 608/608/608 617/617/617
f  618/618/618 619/619/619 620/620/620
f  621/621/621 618/618/618 620/620/620
f  609/609/609 618/618/618 621/621/621
f  622/622/622 618/618/618 609/609/609
f  622/622/622 616/616/616 618/618/618
f  623/623/623 624/624/624 620/620/620
f  625/625/625 623/623/623 620/620/620
f  625/625/625 626/626/626 627/627/627
f  627/627/627 626/626/626 619/619/619
f  628/628/628 627/627/627 619/619/619
f  628/628/628 618/618/618 627/627/627
f  629/629/629 604/604/604 630/630/630
f  631/631/631 629/629/629 630/630/630
f  632/632/632 629/629/629 631/631/631
f  632/632/632 602/602/602 629/629/629
f  633/633/633 634/634/634 631/631/631
f  632/632/632 634/634/634 633/633/633
f  624/624/624 633/633/633 635/635/635
f  635/635/635 633/633/633 631/631/631
f  636/636/636 623/623/623 633/633/633
f  636/636/636 633/633/633 624/624/624
f  637/637/637 638/638/638 639/639/639
f  599/599/599 637/637/637 640/640/640
f  640/640/640 637/637/637 639/639/639
f  641/641/641 640/640/640 642/642/642
f  642/642/642 643/643/643 641/641/641
f  640/640/640 644/644/644 642/642/642
f  640/640/640 639/639/639 644/644/644
f  645/645/645 646/646/646 647/647/647
f  648/648/648 645/645/645 647/647/647
f  649/649/649 650/650/650 651/651/651
f  652/652/652 649/649/649 651/651/651
f  652/652/652 653/653/653 649/649/649
f  653/653/653 654/654/654 649/649/649
f  654/654/654 653/653/653 655/655/655
f  653/653/653 656/656/656 655/655/655
f  657/657/657 658/658/658 659/659/659
f  660/660/660 657/657/657 659/659/659
f  661/661/661 657/657/657 660/660/660
f  658/658/658 657/657/657 662/662/662
f  662/662/662 663/663/663 664/664/664
f  665/665/665 662/662/662 664/664/664
f  666/666/666 658/658/658 662/662/662
f  666/666/666 662/662/662 665/665/665
f  630/630/630 641/641/641 667/667/667
f  641/641/641 643/643/643 667/667/667

g
v  1690.796143 -3423.145752 216.000000
v  1376.000000 -3648.000000 216.000000
v  1568.410522 -3390.509521 216.000000
v  1774.841431 -3445.557617 216.000000
v  2534.000000 -3648.000000 216.000000
v  1764.557861 -3450.777344 216.000000
v  1784.000000 -3448.000000 216.000000
v  1547.789429 -3418.105225 216.000000
v  1376.000000 -3339.199951 216.000000
v  1544.000000 -3384.000000 216.000000
v  1520.000000 -3168.000000 216.000000
v  1488.000000 -2880.000000 216.000000
v  1856.000000 -2880.000000 216.000000
v  1920.000000 -2920.000000 216.000000
v  1833.235474 -3036.111328 216.000000
v  1376.000000 -3228.631592 216.000000
v  1472.000000 -2880.000000 216.000000
v  1376.000000 -2944.000000 216.000000
v  1672.000000 -3104.000000 216.000000
v  1782.505493 -3104.000000 216.000000
v  1802.014160 -3077.892822 216.000000
v  2240.000000 -2920.000000 216.000000
v  2272.000000 -3008.000000 216.000000
v  2137.600098 -3104.000000 216.000000
v  1896.000000 -3104.000000 216.000000
v  2053.700684 -3163.928223 216.000000
v  2432.000000 -3112.000000 216.000000
v  2125.096436 -3267.776855 216.000000
v  2040.000000 -3144.000000 216.000000
v  2069.951904 -3152.320068 216.000000
v  2012.500000 -3104.000000 216.000000
v  2064.000000 -3408.000000 216.000000
v  2736.000000 -3312.000000 216.000000
v  2736.000000 -3648.000000 216.000000
v  2016.055786 -3509.881592 216.000000
v  2131.522217 -3264.515137 216.000000
v  2736.000000 -3112.000000 216.000000
v  2207.414551 -3387.512207 216.000000
v  2128.000000 -3272.000000 216.000000
v  1984.000000 -3648.000000 24.000000
v  1984.000000 -3776.000000 24.000000
v  1672.000000 -3744.000000 24.000000
v  1528.000000 -3680.000000 24.000000
v  1376.000000 -3648.000000 24.000000
v  2240.000000 -3648.000000 64.000000
v  2240.000000 -3776.000000 64.000000
v  2208.000000 -3680.000000 64.000000
v  2016.000000 -3680.000000 64.000000
v  1984.000000 -3648.000000 64.000000
v  1984.000000 -3776.000000 64.000000
v  -640.000000 -3520.000000 128.000000
v  64.000000 -3648.000000 128.000000
v  -640.000000 -3648.000000 128.000000
v  -768.000000 -3520.000000 128.000000
v  -768.000000 -2944.000000 128.000000
v  -640.000000 -2944.000000 128.000000
v  -640.000000 -2816.000000 128.000000
v  64.000000 -2816.000000 128.000000
v  64.000000 -2816.000000 264.000000
v  64.000000 -2944.000000 264.000000
v  -96.000000 -3120.000000 264.000000
v  -336.000000 -3120.000000 264.000000
v  -640.000000 -2944.000000 264.000000
v  -336.000000 -3344.000000 264.000000
v  -96.000000 -3344.000000 264.000000
v  64.000000 -3520.000000 264.000000
v  64.000000 -3648.000000 264.000000
v  -640.000000 -3520.000000 264.000000
v  2736.000000 -3648.000000 24.000000
v  2488.000000 -3744.000000 24.000000
v  2240.000000 -3776.000000 24.000000
v  2240.000000 -3648.000000 24.000000

vt  26.418690 53.486652 0.000000
vt  21.500000 57.000000 0.000000
vt  24.506414 52.976711 0.000000
vt  27.731897 53.836838 0.000000
vt  39.593750 57.000000 0.000000
vt  27.571217 53.918396 0.000000
vt  27.875000 53.875000 0.000000
vt  24.184210 53.407894 0.000000
vt  21.500000 52.174999 0.000000
vt  24.125000 52.875000 0.000000
vt  23.750000 49.500000 0.000000
vt  23.250000 45.000000 0.000000
vt  29.000000 45.000000 0.000000
vt  30.000000 45.625000 0.000000
vt  28.644304 47.439240 0.000000
vt  21.500000 50.447369 0.000000
vt  23.000000 45.000000 0.000000
vt  21.500000 46.000000 0.000000
vt  26.125000 48.500000 0.000000
vt  27.851648 48.500000 0.000000
vt  28.156471 48.092075 0.000000
vt  35.000000 45.625000 0.000000
vt  35.500000 47.000000 0.000000
vt  33.400002 48.500000 0.000000
vt  29.625000 48.500000 0.000000
vt  32.089073 49.436378 0.000000
vt  38.000000 48.625000 0.000000
vt  33.204632 51.059013 0.000000
vt  31.875000 49.125000 0.000000
vt  32.342999 49.255001 0.000000
vt  31.445313 48.500000 0.000000
vt  32.250000 53.250000 0.000000
vt  42.750000 51.750000 0.000000
vt  42.750000 57.000000 0.000000
vt  31.500872 54.841900 0.000000
vt  33.305035 51.008049 0.000000
vt  42.750000 48.625000 0.000000
vt  34.490852 52.929878 0.000000
vt  33.250000 51.125000 0.000000
vt  31.000000 57.000000 0.000000
vt  31.000000 59.000000 0.000000
vt  26.125000 58.500000 0.000000
vt  23.875000 57.500000 0.000000
vt  21.500000 57.000000 0.000000
vt  35.000000 57.000000 0.000000
vt  35.000000 59.000000 0.000000
vt  34.500000 57.500000 0.000000
vt  31.500000 57.500000 0.000000
vt  31.000000 57.000000 0.000000
vt  31.000000 59.000000 0.000000
vt  -10.000000 55.000000 0.000000
vt  1.000000 57.000000 0.000000
vt  -10.000000 57.000000 0.000000
vt  -12.000000 55.000000 0.000000
vt  -12.000000 46.000000 0.000000
vt  -10.000000 46.000000 0.000000
vt  -10.000000 44.000000 0.000000
vt  1.000000 44.000000 0.000000
vt  1.000000 44.000000 0.000000
vt  1.000000 46.000000 0.000000
vt  -1.500000 48.750000 0.000000
vt  -5.250000 48.750000 0.000000
vt  -10.000000 46.000000 0.000000
vt  -5.250000 52.250000 0.000000
vt  -1.500000 52.250000 0.000000
vt  1.000000 55.000000 0.000000
vt  1.000000 57.000000 0.000000
vt  -10.000000 55.000000 0.000000
vt  42.750000 57.000000 0.000000
vt  38.875000 58.500000 0.000000
vt  35.000000 59.000000 0.000000
vt  35.000000 57.000000 0.000000

vn  0.000000 0.000000 -1.000000
vn  0.000000 0.000000 -1.000000
vn  0.000000 0.000000 -1.000000
vn  0.000000 0.000000 -1.000000
vn  0.000000 0.000000 -1.000000
vn  0.000000 0.000000 -1.000000
vn  0.000000 0.000000 -1.000000
vn  0.000000 0.000000 -1.000000
vn  0.000000 0.000000 -1.000000
vn  0.000000 0.000000 -1.000000
vn  0.000000 0.000000 -1.000000
vn  0.000000 0.000000 -1.000000
vn  0.000000 0.000000 -1.000000
vn  0.000000 0.000000 -1.000000
vn  0.000000 0.000000 -1.000000
vn  0.000000 0.000000 -1.000000
vn  0.000000 0.000000 -1.000000
vn  0.000000 0.000000 -1.000000
vn  0.000000 0.000000 -1.000000
vn  0.000000 0.000000 -1.000000
vn  0.000000 0.000000 -1.000000
vn  0.000000 0.000000 -1.000000
vn  0.000000 0.000000 -1.000000
vn  0.000000 0.000000 -1.000000
vn  0.000000 0.000000 -1.000000
vn  0.000000 0.000000 -1.000000
vn  0.000000 0.000000 -1.000000
vn  0.000000 0.000000 -1.000000
vn  0.000000 0.000000 -1.000000
vn  0.000000 0.000000 -1.000000
vn  0.000000 0.000000 -1.000000
vn  0.000000 0.000000 -1.000000
vn  0.000000 0.000000 -1.000000
vn  0.000000 0.000000 -1.000000
vn  0.000000 0.000000 -1.000000
vn  0.000000 0.000000 -1.000000
vn  0.000000 0.000000 -1.000000
vn  0.000000 0.000000 -1.000000
vn  0.000000 0.000000 -1.000000
vn  0.000000 0.000000 -1.000000
vn  0.000000 0.000000 -1.000000
vn  0.000000 0.000000 -1.000000
vn  0.000000 0.000000 -1.000000
vn  0.000000 0.000000 -1.000000
vn  0.000000 0.000000 -1.000000
vn  0.000000 0.000000 -1.000000
vn  0.000000 0.000000 -1.000000
vn  0.000000 0.000000 -1.000000
vn  0.000000 0.000000 -1.000000
vn  0.000000 0.000000 -1.000000
vn  0.000000 0.000000 -1.000000
vn  0.000000 0.000000 -1.000000
vn  0.000000 0.000000 -1.000000
vn  0.000000 0.000000 -1.000000
vn  0.000000 0.000000 -1.000000
vn  0.000000 0.000000 -1.000000
vn  0.000000 0.000000 -1.000000
vn  0.000000 0.000000 -1.000000
vn  0.000000 0.000000 -1.000000
vn  0.000000 0.000000 -1.000000
vn  0.000000 0.000000 -1.000000
vn  0.000000 0.000000 -1.000000
vn  0.000000 0.000000 -1.000000
vn  0.000000 0.000000 -1.000000
vn  0.000000 0.000000 -1.000000
vn  0.000000 0.000000 -1.000000
vn  0.000000 0.000000 -1.000000
vn  0.000000 0.000000 -1.000000
vn  0.000000 0.000000 -1.000000
vn  0.000000 0.000000 -1.000000
vn  0.000000 0.000000 -1.000000
vn  0.000000 0.000000 -1.000000

g rdmobj07
usemtl F_SKY1
f  668/668/668 669/669/669 670/670/670
f  671/671/671 669/669/669 668/668/668
f  672/672/672 669/669/669 673/673/673
f  674/674/674 673/673/673 671/671/671
f  674/674/674 672/672/672 673/673/673
f  675/675/675 669/669/669 676/676/676
f  677/677/677 675/675/675 676/676/676
f  677/677/677 670/670/670 675/675/675
f  678/678/678 677/677/677 676/676/676
f  678/678/678 679/679/679 680/680/680
f  681/681/681 678/678/678 680/680/680
f  682/682/682 678/678/678 681/681/681
f  683/683/683 678/678/678 676/676/676
f  678/678/678 683/683/683 679/679/679
f  679/679/679 683/683/683 684/684/684
f  683/683/683 685/685/685 684/684/684
f  686/686/686 682/682/682 687/687/687
f  688/688/688 681/681/681 689/689/689
f  690/690/690 688/688/688 689/689/689
f  691/691/691 688/688/688 690/690/690
f  692/692/692 687/687/687 688/688/688
f  692/692/692 688/688/688 691/691/691
f  693/693/693 690/690/690 694/694/694
f  695/695/695 693/693/693 694/694/694
f  696/696/696 697/697/697 693/693/693
f  696/696/696 692/692/692 698/698/698
f  696/696/696 698/698/698 697/697/697
f  698/698/698 691/691/691 697/697/697
f  699/699/699 700/700/700 701/701/701
f  672/672/672 699/699/699 701/701/701
f  702/702/702 699/699/699 672/672/672
f  702/702/702 674/674/674 699/699/699
f  703/703/703 694/694/694 704/704/704
f  700/700/700 703/703/703 704/704/704
f  705/705/705 703/703/703 700/700/700
f  677/677/677 706/706/706 674/674/674
f  706/706/706 699/699/699 674/674/674
f  686/686/686 706/706/706 678/678/678
f  696/696/696 706/706/706 692/692/692
f  706/706/706 705/705/705 699/699/699
f  692/692/692 706/706/706 686/686/686
f  678/678/678 706/706/706 677/677/677
f  706/706/706 703/703/703 705/705/705
f  706/706/706 695/695/695 703/703/703
f  707/707/707 708/708/708 709/709/709
f  710/710/710 707/707/707 709/709/709
f  707/707/707 710/710/710 711/711/711
f  712/712/712 713/713/713 714/714/714
f  712/712/712 714/714/714 715/715/715
f  716/716/716 712/712/712 715/715/715
f  715/715/715 717/717/717 716/716/716
f  718/718/718 719/719/719 720/720/720
f  721/721/721 718/718/718 720/720/720
f  718/718/718 721/721/721 722/722/722
f  723/723/723 718/718/718 722/722/722
f  722/722/722 724/724/724 725/725/725
f  723/723/723 722/722/722 725/725/725
f  726/726/726 727/727/727 728/728/728
f  729/729/729 726/726/726 728/728/728
f  730/730/730 726/726/726 729/729/729
f  729/729/729 731/731/731 730/730/730
f  731/731/731 732/732/732 733/733/733
f  734/734/734 731/731/731 733/733/733
f  735/735/735 731/731/731 734/734/734
f  731/731/731 735/735/735 730/730/730
f  736/736/736 737/737/737 738/738/738
f  739/739/739 736/736/736 738/738/738

g
v  2144.000000 -2304.000000 8.000000
v  2144.000000 -2560.000000 8.000000
v  2176.000000 -2560.000000 8.000000
v  2176.000000 -2304.000000 8.000000
v  928.000000 -3072.000000 -8.000000
v  928.000000 -3104.000000 -8.000000
v  1184.000000 -3104.000000 -8.000000
v  1184.000000 -3072.000000 -8.000000
v  928.000000 -3360.000000 -8.000000
v  928.000000 -3392.000000 -8.000000
v  1184.000000 -3392.000000 -8.000000
v  1184.000000 -3360.000000 -8.000000
v  896.000000 -3360.000000 -8.000000
v  896.000000 -3104.000000 -8.000000
v  1216.000000 -3360.000000 -16.000000
v  1216.000000 -3392.000000 -16.000000
v  1344.000000 -3360.000000 -16.000000
v  1344.000000 -3104.000000 -16.000000
v  928.000000 -3104.000000 -16.000000
v  928.000000 -3360.000000 -16.000000
v  1216.000000 -3072.000000 -16.000000
v  1216.000000 -3104.000000 -16.000000
v  2176.000000 -2304.000000 16.000000
v  2176.000000 -2560.000000 16.000000
v  2208.000000 -2560.000000 16.000000
v  2208.000000 -2304.000000 16.000000
v  2208.000000 -2304.000000 24.000000
v  2208.000000 -2560.000000 24.000000
v  2304.000000 -2560.000000 24.000000
v  2304.000000 -2304.000000 24.000000

vt  33.500000 36.000000 0.000000
vt  33.500000 40.000000 0.000000
vt  34.000000 40.000000 0.000000
vt  34.000000 36.000000 0.000000
vt  14.500000 48.000000 0.000000
vt  14.500000 48.500000 0.000000
vt  18.500000 48.500000 0.000000
vt  18.500000 48.000000 0.000000
vt  14.500000 52.500000 0.000000
vt  14.500000 53.000000 0.000000
vt  18.500000 53.000000 0.000000
vt  18.500000 52.500000 0.000000
vt  14.000000 52.500000 0.000000
vt  14.000000 48.500000 0.000000
vt  19.000000 52.500000 0.000000
vt  19.000000 53.000000 0.000000
vt  21.000000 52.500000 0.000000
vt  21.000000 48.500000 0.000000
vt  14.500000 48.500000 0.000000
vt  14.500000 52.500000 0.000000
vt  19.000000 48.000000 0.000000
vt  19.000000 48.500000 0.000000
vt  34.000000 36.000000 0.000000
vt  34.000000 40.000000 0.000000
vt  34.500000 40.000000 0.000000
vt  34.500000 36.000000 0.000000
vt  34.500000 36.000000 0.000000
vt  34.500000 40.000000 0.000000
vt  36.000000 40.000000 0.000000
vt  36.000000 36.000000 0.000000

vn  0.000000 0.000000 1.000000
vn  0.000000 0.000000 1.000000
vn  0.000000 0.000000 1.000000
vn  0.000000 0.000000 1.000000
vn  0.000000 0.000000 1.000000
vn  0.000000 0.000000 1.000000
vn  0.000000 0.000000 1.000000
vn  0.000000 0.000000 1.000000
vn  0.000000 0.000000 1.000000
vn  0.000000 0.000000 1.000000
vn  0.000000 0.000000 1.000000
vn  0.000000 0.000000 1.000000
vn  0.000000 0.000000 1.000000
vn  0.000000 0.000000 1.000000
vn  0.000000 0.000000 1.000000
vn  0.000000 0.000000 1.000000
vn  0.000000 0.000000 1.000000
vn  0.000000 0.000000 1.000000
vn  0.000000 0.000000 1.000000
vn  0.000000 0.000000 1.000000
vn  0.000000 0.000000 1.000000
vn  0.000000 0.000000 1.000000
vn  0.000000 0.000000 1.000000
vn  0.000000 0.000000 1.000000
vn  0.000000 0.000000 1.000000
vn  0.000000 0.000000 1.000000
vn  0.000000 0.000000 1.000000
vn  0.000000 0.000000 1.000000
vn  0.000000 0.000000 1.000000
vn  0.000000 0.000000 1.000000

g rdmobj08
usemtl FLAT14
f  740/740/740 741/741/741 742/742/742
f  743/743/743 740/740/740 742/742/742
f  744/744/744 745/745/745 746/746/746
f  747/747/747 744/744/744 746/746/746
f  748/748/748 749/749/749 750/750/750
f  751/751/751 748/748/748 750/750/750
f  748/748/748 745/745/745 752/752/752
f  745/745/745 753/753/753 752/752/752
f  754/754/754 755/755/755 756/756/756
f  757/757/757 754/754/754 756/756/756
f  757/757/757 758/758/758 754/754/754
f  758/758/758 759/759/759 754/754/754
f  757/757/757 760/760/760 761/761/761
f  762/762/762 763/763/763 764/764/764
f  765/765/765 762/762/762 764/764/764
f  766/766/766 767/767/767 768/768/768
f  769/769/769 766/766/766 768/768/768

g
v  2176.000000 -2304.000000 152.000000
v  2176.000000 -2560.000000 152.000000
v  2144.000000 -2560.000000 152.000000
v  2144.000000 -2304.000000 152.000000
v  1984.000000 -2240.000000 96.000000
v  1984.000000 -2304.000000 96.000000
v  1792.000000 -2304.000000 96.000000
v  1792.000000 -2240.000000 96.000000
v  1984.000000 -2560.000000 96.000000
v  1984.000000 -2624.000000 96.000000
v  1792.000000 -2624.000000 96.000000
v  1792.000000 -2560.000000 96.000000
v  2208.000000 -2304.000000 152.000000
v  2208.000000 -2560.000000 152.000000
v  2304.000000 -2304.000000 152.000000
v  2304.000000 -2560.000000 152.000000
v  3160.000000 -4160.000000 104.000000
v  3160.000000 -4352.000000 104.000000
v  2856.000000 -4352.000000 104.000000
v  2856.000000 -4160.000000 104.000000
v  2992.000000 -4864.000000 88.000000
v  2912.000000 -4864.000000 88.000000
v  2912.000000 -4848.000000 88.000000
v  2992.000000 -4848.000000 88.000000
v  2912.000000 -4840.000000 88.000000
v  2912.000000 -4672.000000 88.000000
v  2992.000000 -4672.000000 88.000000
v  2992.000000 -4840.000000 88.000000
v  3024.000000 -4848.000000 88.000000
v  3104.000000 -4848.000000 88.000000
v  3104.000000 -4864.000000 88.000000
v  3024.000000 -4864.000000 88.000000
v  3024.000000 -4840.000000 88.000000
v  3104.000000 -4840.000000 88.000000
v  3024.000000 -4672.000000 88.000000
v  3104.000000 -4672.000000 88.000000

vt  34.000000 36.000000 0.000000
vt  34.000000 40.000000 0.000000
vt  33.500000 40.000000 0.000000
vt  33.500000 36.000000 0.000000
vt  31.000000 35.000000 0.000000
vt  31.000000 36.000000 0.000000
vt  28.000000 36.000000 0.000000
vt  28.000000 35.000000 0.000000
vt  31.000000 40.000000 0.000000
vt  31.000000 41.000000 0.000000
vt  28.000000 41.000000 0.000000
vt  28.000000 40.000000 0.000000
vt  34.500000 36.000000 0.000000
vt  34.500000 40.000000 0.000000
vt  36.000000 36.000000 0.000000
vt  36.000000 40.000000 0.000000
vt  49.375000 65.000000 0.000000
vt  49.375000 68.000000 0.000000
vt  44.625000 68.000000 0.000000
vt  44.625000 65.000000 0.000000
vt  46.750000 76.000000 0.000000
vt  45.500000 76.000000 0.000000
vt  45.500000 75.750000 0.000000
vt  46.750000 75.750000 0.000000
vt  45.500000 75.625000 0.000000
vt  45.500000 73.000000 0.000000
vt  46.750000 73.000000 0.000000
vt  46.750000 75.625000 0.000000
vt  47.250000 75.750000 0.000000
vt  48.500000 75.750000 0.000000
vt  48.500000 76.000000 0.000000
vt  47.250000 76.000000 0.000000
vt  47.250000 75.625000 0.000000
vt  48.500000 75.625000 0.000000
vt  47.250000 73.000000 0.000000
vt  48.500000 73.000000 0.000000

vn  0.000000 0.000000 -1.000000
vn  0.000000 0.000000 -1.000000
vn  0.000000 0.000000 -1.000000
vn  0.000000 0.000000 -1.000000
vn  0.000000 0.000000 -1.000000
vn  0.000000 0.000000 -1.000000
vn  0.000000 0.000000 -1.000000
vn  0.000000 0.000000 -1.000000
vn  0.000000 0.000000 -1.000000
vn  0.000000 0.000000 -1.000000
vn  0.000000 0.000000 -1.000000
vn  0.000000 0.000000 -1.000000
vn  0.000000 0.000000 -1.000000
vn  0.000000 0.000000 -1.000000
vn  0.000000 0.000000 -1.000000
vn  0.000000 0.000000 -1.000000
vn  0.000000 0.000000 -1.000000
vn  0.000000 0.000000 -1.000000
vn  0.000000 0.000000 -1.000000
vn  0.000000 0.000000 -1.000000
vn  0.000000 0.000000 -1.000000
vn  0.000000 0.000000 -1.000000
vn  0.000000 0.000000 -1.000000
vn  0.000000 0.000000 -1.000000
vn  0.000000 0.000000 -1.000000
vn  0.000000 0.000000 -1.000000
vn  0.000000 0.000000 -1.000000
vn  0.000000 0.000000 -1.000000
vn  0.000000 0.000000 -1.000000
vn  0.000000 0.000000 -1.000000
vn  0.000000 0.000000 -1.000000
vn  0.000000 0.000000 -1.000000
vn  0.000000 0.000000 -1.000000
vn  0.000000 0.000000 -1.000000
vn  0.000000 0.000000 -1.000000
vn  0.000000 0.000000 -1.000000

g rdmobj09
usemtl TLITE6_5
f  770/770/770 771/771/771 772/772/772
f  773/773/773 770/770/770 772/772/772
f  774/774/774 775/775/775 776/776/776
f  777/777/777 774/774/774 776/776/776
f  778/778/778 779/779/779 780/780/780
f  781/781/781 778/778/778 780/780/780
f  770/770/770 782/782/782 771/771/771
f  782/782/782 783/783/783 771/771/771
f  782/782/782 784/784/784 783/783/783
f  784/784/784 785/785/785 783/783/783
f  786/786/786 787/787/787 788/788/788
f  789/789/789 786/786/786 788/788/788
f  790/790/790 791/791/791 792/792/792
f  793/793/793 790/790/790 792/792/792
f  794/794/794 795/795/795 796/796/796
f  797/797/797 794/794/794 796/796/796
f  794/794/794 797/797/797 792/792/792
f  797/797/797 793/793/793 792/792/792
f  798/798/798 799/799/799 800/800/800
f  801/801/801 790/790/790 793/793/793
f  798/798/798 801/801/801 793/793/793
f  801/801/801 798/798/798 800/800/800
f  798/798/798 802/802/802 799/799/799
f  802/802/802 797/797/797 796/796/796
f  802/802/802 803/803/803 799/799/799
f  804/804/804 802/802/802 796/796/796
f  802/802/802 804/804/804 803/803/803
f  804/804/804 805/805/805 803/803/803

g
v  2040.000000 -3144.000000 -80.000000
v  1896.000000 -3104.000000 -80.000000
v  1672.000000 -3104.000000 -80.000000
v  1520.000000 -3168.000000 -80.000000
v  1544.000000 -3384.000000 -80.000000
v  1784.000000 -3448.000000 -80.000000
v  2064.000000 -3408.000000 -80.000000
v  2128.000000 -3272.000000 -80.000000
v  2752.000000 -3360.000000 -48.000000
v  2752.000000 -3584.000000 -48.000000
v  2944.000000 -3536.000000 -48.000000
v  3104.000000 -3552.000000 -48.000000
v  3264.000000 -3616.000000 -48.000000
v  3352.000000 -3568.000000 -48.000000
v  3312.000000 -3496.000000 -48.000000
v  3408.000000 -3432.000000 -48.000000
v  3280.000000 -3320.000000 -48.000000
v  3400.000000 -3152.000000 -48.000000
v  3304.000000 -3040.000000 -48.000000
v  3136.000000 -3072.000000 -48.000000
v  2984.000000 -3200.000000 -48.000000
v  3472.000000 -3432.000000 -48.000000
v  2816.000000 -3232.000000 -48.000000
v  2752.000000 -3360.000000 -48.000000
v  2944.000000 -3536.000000 -48.000000
v  3112.000000 -3360.000000 -48.000000
v  2976.000000 -3072.000000 -48.000000
v  2752.000000 -3048.000000 -48.000000

vt  31.875000 49.125000 0.000000
vt  29.625000 48.500000 0.000000
vt  26.125000 48.500000 0.000000
vt  23.750000 49.500000 0.000000
vt  24.125000 52.875000 0.000000
vt  27.875000 53.875000 0.000000
vt  32.250000 53.250000 0.000000
vt  33.250000 51.125000 0.000000
vt  43.000000 52.500000 0.000000
vt  43.000000 56.000000 0.000000
vt  46.000000 55.250000 0.000000
vt  48.500000 55.500000 0.000000
vt  51.000000 56.500000 0.000000
vt  52.375000 55.750000 0.000000
vt  51.750000 54.625000 0.000000
vt  53.250000 53.625000 0.000000
vt  51.250000 51.875000 0.000000
vt  53.125000 49.250000 0.000000
vt  51.625000 47.500000 0.000000
vt  49.000000 48.000000 0.000000
vt  46.625000 50.000000 0.000000
vt  54.250000 53.625000 0.000000
vt  44.000000 50.500000 0.000000
vt  43.000000 52.500000 0.000000
vt  46.000000 55.250000 0.000000
vt  48.625000 52.500000 0.000000
vt  46.500000 48.000000 0.000000
vt  43.000000 47.625000 0.000000

vn  0.000000 0.000000 1.000000
vn  0.000000 0.000000 1.000000
vn  0.000000 0.000000 1.000000
vn  0.000000 0.000000 1.000000
vn  0.000000 0.000000 1.000000
vn  0.000000 0.000000 1.000000
vn  0.000000 0.000000 1.000000
vn  0.000000 0.000000 1.000000
vn  0.000000 0.000000 1.000000
vn  0.000000 0.000000 1.000000
vn  0.000000 0.000000 1.000000
vn  0.000000 0.000000 1.000000
vn  0.000000 0.000000 1.000000
vn  0.000000 0.000000 1.000000
vn  0.000000 0.000000 1.000000
vn  0.000000 0.000000 1.000000
vn  0.000000 0.000000 1.000000
vn  0.000000 0.000000 1.000000
vn  0.000000 0.000000 1.000000
vn  0.000000 0.000000 1.000000
vn  0.000000 0.000000 1.000000
vn  0.000000 0.000000 1.000000
vn  0.000000 0.000000 1.000000
vn  0.000000 0.000000 1.000000
vn  0.000000 0.000000 1.000000
vn  0.000000 0.000000 1.000000
vn  0.000000 0.000000 1.000000
vn  0.000000 0.000000 1.000000

g rdmobj10
usemtl NUKAGE3
f  806/806/806 807/807/807 808/808/808
f  809/809/809 806/806/806 808/808/808
f  810/810/810 806/806/806 809/809/809
f  811/811/811 806/806/806 810/810/810
f  812/812/812 806/806/806 811/811/811
f  813/813/813 806/806/806 812/812/812
f  814/814/814 815/815/815 816/816/816
f  817/817/817 818/818/818 819/819/819
f  820/820/820 817/817/817 819/819/819
f  820/820/820 821/821/821 817/817/817
f  821/821/821 822/822/822 817/817/817
f  822/822/822 821/821/821 823/823/823
f  823/823/823 824/824/824 825/825/825
f  826/826/826 823/823/823 825/825/825
f  822/822/822 823/823/823 826/826/826
f  821/821/821 827/827/827 823/823/823
f  828/828/828 829/829/829 830/830/830
f  831/831/831 828/828/828 830/830/830
f  828/828/828 832/832/832 833/833/833
f  833/833/833 829/829/829 828/828/828

g
v  1344.000000 -3264.000000 8.000000
v  1344.000000 -3360.000000 8.000000
v  1376.000000 -3360.000000 8.000000
v  1376.000000 -3264.000000 8.000000
v  1376.000000 -3264.000000 192.000000
v  1376.000000 -3360.000000 192.000000
v  1344.000000 -3360.000000 192.000000
v  1344.000000 -3264.000000 192.000000
v  1344.000000 -3104.000000 8.000000
v  1344.000000 -3200.000000 8.000000
v  1376.000000 -3200.000000 8.000000
v  1376.000000 -3104.000000 8.000000
v  1376.000000 -3104.000000 192.000000
v  1376.000000 -3200.000000 192.000000
v  1344.000000 -3200.000000 192.000000
v  1344.000000 -3104.000000 192.000000
v  2944.000000 -3776.000000 -24.000000
v  2944.000000 -3904.000000 -24.000000
v  2912.000000 -3904.000000 -24.000000
v  2912.000000 -3776.000000 -24.000000

vt  21.000000 51.000000 0.000000
vt  21.000000 52.500000 0.000000
vt  21.500000 52.500000 0.000000
vt  21.500000 51.000000 0.000000
vt  21.500000 51.000000 0.000000
vt  21.500000 52.500000 0.000000
vt  21.000000 52.500000 0.000000
vt  21.000000 51.000000 0.000000
vt  21.000000 48.500000 0.000000
vt  21.000000 50.000000 0.000000
vt  21.500000 50.000000 0.000000
vt  21.500000 48.500000 0.000000
vt  21.500000 48.500000 0.000000
vt  21.500000 50.000000 0.000000
vt  21.000000 50.000000 0.000000
vt  21.000000 48.500000 0.000000
vt  46.000000 59.000000 0.000000
vt  46.000000 61.000000 0.000000
vt  45.500000 61.000000 0.000000
vt  45.500000 59.000000 0.000000

vn  0.000000 0.000000 1.000000
vn  0.000000 0.000000 1.000000
vn  0.000000 0.000000 1.000000
vn  0.000000 0.000000 1.000000
vn  0.000000 0.000000 -1.000000
vn  0.000000 0.000000 -1.000000
vn  0.000000 0.000000 -1.000000
vn  0.000000 0.000000 -1.000000
vn  0.000000 0.000000 1.000000
vn  0.000000 0.000000 1.000000
vn  0.000000 0.000000 1.000000
vn  0.000000 0.000000 1.000000
vn  0.000000 0.000000 -1.000000
vn  0.000000 0.000000 -1.000000
vn  0.000000 0.000000 -1.000000
vn  0.000000 0.000000 -1.000000
vn  0.000000 0.000000 -1.000000
vn  0.000000 0.000000 -1.000000
vn  0.000000 0.000000 -1.000000
vn  0.000000 0.000000 -1.000000

g rdmobj11
usemtl FLAT5_5
f  834/834/834 835/835/835 836/836/836
f  837/837/837 834/834/834 836/836/836
f  838/838/838 839/839/839 840/840/840
f  841/841/841 838/838/838 840/840/840
f  842/842/842 843/843/843 844/844/844
f  845/845/845 842/842/842 844/844/844
f  846/846/846 847/847/847 848/848/848
f  849/849/849 846/846/846 848/848/848
f  850/850/850 851/851/851 852/852/852
f  853/853/853 850/850/850 852/852/852

g
v  2176.000000 -3920.000000 -136.000000
v  2048.000000 -3904.000000 -136.000000
v  2048.000000 -3920.000000 -136.000000
v  2112.000000 -4032.000000 -136.000000
v  2240.000000 -4096.000000 -136.000000
v  2240.000000 -3968.000000 -136.000000
v  2176.000000 -3904.000000 -136.000000
v  2048.000000 -3872.000000 -120.000000
v  2048.000000 -3904.000000 -120.000000
v  2176.000000 -3904.000000 -120.000000
v  2176.000000 -3872.000000 -120.000000
v  2048.000000 -3840.000000 -104.000000
v  2048.000000 -3872.000000 -104.000000
v  2176.000000 -3872.000000 -104.000000
v  2176.000000 -3840.000000 -104.000000
v  2048.000000 -3808.000000 -88.000000
v  2048.000000 -3840.000000 -88.000000
v  2176.000000 -3840.000000 -88.000000
v  2176.000000 -3808.000000 -88.000000
v  2048.000000 -3776.000000 -72.000000
v  2048.000000 -3808.000000 -72.000000
v  2176.000000 -3808.000000 -72.000000
v  2176.000000 -3776.000000 -72.000000
v  2632.000000 -3792.000000 -136.000000
v  2616.000000 -3792.000000 -136.000000
v  2368.000000 -3968.000000 -136.000000
v  2368.000000 -4096.000000 -136.000000
v  2672.000000 -3920.000000 -136.000000
v  2688.000000 -3920.000000 -136.000000
v  2688.000000 -3776.000000 -120.000000
v  2632.000000 -3792.000000 -120.000000
v  2688.000000 -3920.000000 -120.000000
v  2720.000000 -3904.000000 -120.000000
v  2688.000000 -3776.000000 -104.000000
v  2720.000000 -3904.000000 -104.000000
v  2752.000000 -3904.000000 -104.000000
v  2752.000000 -3776.000000 -104.000000
v  2752.000000 -3776.000000 -88.000000
v  2752.000000 -3904.000000 -88.000000
v  2784.000000 -3904.000000 -88.000000
v  2784.000000 -3776.000000 -88.000000
v  2784.000000 -3776.000000 -72.000000
v  2784.000000 -3904.000000 -72.000000
v  2816.000000 -3904.000000 -72.000000
v  2816.000000 -3776.000000 -72.000000
v  2816.000000 -3776.000000 -56.000000
v  2816.000000 -3904.000000 -56.000000
v  2848.000000 -3904.000000 -56.000000
v  2848.000000 -3776.000000 -56.000000
v  2848.000000 -3776.000000 -40.000000
v  2848.000000 -3904.000000 -40.000000
v  2880.000000 -3904.000000 -40.000000
v  2880.000000 -3776.000000 -40.000000
v  2240.000000 -3968.000000 -136.000000
v  2240.000000 -4096.000000 -136.000000
v  2368.000000 -4096.000000 -136.000000
v  2368.000000 -3968.000000 -136.000000

vt  34.000000 61.250000 0.000000
vt  32.000000 61.000000 0.000000
vt  32.000000 61.250000 0.000000
vt  33.000000 63.000000 0.000000
vt  35.000000 64.000000 0.000000
vt  35.000000 62.000000 0.000000
vt  34.000000 61.000000 0.000000
vt  32.000000 60.500000 0.000000
vt  32.000000 61.000000 0.000000
vt  34.000000 61.000000 0.000000
vt  34.000000 60.500000 0.000000
vt  32.000000 60.000000 0.000000
vt  32.000000 60.500000 0.000000
vt  34.000000 60.500000 0.000000
vt  34.000000 60.000000 0.000000
vt  32.000000 59.500000 0.000000
vt  32.000000 60.000000 0.000000
vt  34.000000 60.000000 0.000000
vt  34.000000 59.500000 0.000000
vt  32.000000 59.000000 0.000000
vt  32.000000 59.500000 0.000000
vt  34.000000 59.500000 0.000000
vt  34.000000 59.000000 0.000000
vt  41.125000 59.250000 0.000000
vt  40.875000 59.250000 0.000000
vt  37.000000 62.000000 0.000000
vt  37.000000 64.000000 0.000000
vt  41.750000 61.250000 0.000000
vt  42.000000 61.250000 0.000000
vt  42.000000 59.000000 0.000000
vt  41.125000 59.250000 0.000000
vt  42.000000 61.250000 0.000000
vt  42.500000 61.000000 0.000000
vt  42.000000 59.000000 0.000000
vt  42.500000 61.000000 0.000000
vt  43.000000 61.000000 0.000000
vt  43.000000 59.000000 0.000000
vt  43.000000 59.000000 0.000000
vt  43.000000 61.000000 0.000000
vt  43.500000 61.000000 0.000000
vt  43.500000 59.000000 0.000000
vt  43.500000 59.000000 0.000000
vt  43.500000 61.000000 0.000000
vt  44.000000 61.000000 0.000000
vt  44.000000 59.000000 0.000000
vt  44.000000 59.000000 0.000000
vt  44.000000 61.000000 0.000000
vt  44.500000 61.000000 0.000000
vt  44.500000 59.000000 0.000000
vt  44.500000 59.000000 0.000000
vt  44.500000 61.000000 0.000000
vt  45.000000 61.000000 0.000000
vt  45.000000 59.000000 0.000000
vt  35.000000 62.000000 0.000000
vt  35.000000 64.000000 0.000000
vt  37.000000 64.000000 0.000000
vt  37.000000 62.000000 0.000000

vn  0.000000 0.000000 1.000000
vn  0.000000 0.000000 1.000000
vn  0.000000 0.000000 1.000000
vn  0.000000 0.000000 1.000000
vn  0.000000 0.000000 1.000000
vn  0.000000 0.000000 1.000000
vn  0.000000 0.000000 1.000000
vn  0.000000 0.000000 1.000000
vn  0.000000 0.000000 1.000000
vn  0.000000 0.000000 1.000000
vn  0.000000 0.000000 1.000000
vn  0.000000 0.000000 1.000000
vn  0.000000 0.000000 1.000000
vn  0.000000 0.000000 1.000000
vn  0.000000 0.000000 1.000000
vn  0.000000 0.000000 1.000000
vn  0.000000 0.000000 1.000000
vn  0.000000 0.000000 1.000000
vn  0.000000 0.000000 1.000000
vn  0.000000 0.000000 1.000000
vn  0.000000 0.000000 1.000000
vn  0.000000 0.000000 1.000000
vn  0.000000 0.000000 1.000000
vn  0.000000 0.000000 1.000000
vn  0.000000 0.000000 1.000000
vn  0.000000 0.000000 1.000000
vn  0.000000 0.000000 1.000000
vn  0.000000 0.000000 1.000000
vn  0.000000 0.000000 1.000000
vn  0.000000 0.000000 1.000000
vn  0.000000 0.000000 1.000000
vn  0.000000 0.000000 1.000000
vn  0.000000 0.000000 1.000000
vn  0.000000 0.000000 1.000000
vn  0.000000 0.000000 1.000000
vn  0.000000 0.000000 1.000000
vn  0.000000 0.000000 1.000000
vn  0.000000 0.000000 1.000000
vn  0.000000 0.000000 1.000000
vn  0.000000 0.000000 1.000000
vn  0.000000 0.000000 1.000000
vn  0.000000 0.000000 1.000000
vn  0.000000 0.000000 1.000000
vn  0.000000 0.000000 1.000000
vn  0.000000 0.000000 1.000000
vn  0.000000 0.000000 1.000000
vn  0.000000 0.000000 1.000000
vn  0.000000 0.000000 1.000000
vn  0.000000 0.000000 1.000000
vn  0.000000 0.000000 1.000000
vn  0.000000 0.000000 1.000000
vn  0.000000 0.000000 1.000000
vn  0.000000 0.000000 1.000000
vn  0.000000 0.000000 1.000000
vn  0.000000 0.000000 1.000000
vn  0.000000 0.000000 1.000000
vn  0.000000 0.000000 1.000000

g rdmobj12
usemtl FLOOR5_1
f  854/854/854 855/855/855 856/856/856
f  857/857/857 854/854/854 856/856/856
f  858/858/858 854/854/854 857/857/857
f  859/859/859 854/854/854 858/858/858
f  854/854/854 860/860/860 855/855/855
f  861/861/861 862/862/862 863/863/863
f  864/864/864 861/861/861 863/863/863
f  865/865/865 866/866/866 867/867/867
f  868/868/868 865/865/865 867/867/867
f  869/869/869 870/870/870 871/871/871
f  872/872/872 869/869/869 871/871/871
f  873/873/873 874/874/874 875/875/875
f  876/876/876 873/873/873 875/875/875
f  877/877/877 878/878/878 879/879/879
f  880/880/880 877/877/877 879/879/879
f  881/881/881 877/877/877 880/880/880
f  882/882/882 877/877/877 881/881/881
f  883/883/883 884/884/884 885/885/885
f  886/886/886 883/883/883 885/885/885
f  887/887/887 888/888/888 889/889/889
f  890/890/890 887/887/887 889/889/889
f  891/891/891 892/892/892 893/893/893
f  894/894/894 891/891/891 893/893/893
f  895/895/895 896/896/896 897/897/897
f  898/898/898 895/895/895 897/897/897
f  899/899/899 900/900/900 901/901/901
f  902/902/902 899/899/899 901/901/901
f  903/903/903 904/904/904 905/905/905
f  906/906/906 903/903/903 905/905/905
f  907/907/907 908/908/908 909/909/909
f  910/910/910 907/907/907 909/909/909

g
v  2240.000000 -3968.000000 -40.000000
v  2240.000000 -4096.000000 -40.000000
v  2112.000000 -4032.000000 -40.000000
v  2048.000000 -3920.000000 -40.000000
v  2048.000000 -3904.000000 -40.000000
v  2176.000000 -3920.000000 -40.000000
v  2176.000000 -3904.000000 -40.000000
v  2176.000000 -3872.000000 16.000000
v  2176.000000 -3904.000000 16.000000
v  2048.000000 -3904.000000 16.000000
v  2048.000000 -3872.000000 16.000000
v  2176.000000 -3840.000000 16.000000
v  2048.000000 -3840.000000 16.000000
v  2176.000000 -3808.000000 16.000000
v  2048.000000 -3808.000000 16.000000
v  2176.000000 -3776.000000 16.000000
v  2048.000000 -3776.000000 16.000000
v  2176.000000 -3680.000000 16.000000
v  2176.000000 -3776.000000 16.000000
v  2048.000000 -3776.000000 16.000000
v  2048.000000 -3680.000000 16.000000
v  2672.000000 -3920.000000 -40.000000
v  2368.000000 -4096.000000 -40.000000
v  2368.000000 -3968.000000 -40.000000
v  2616.000000 -3792.000000 -40.000000
v  2632.000000 -3792.000000 -40.000000
v  2688.000000 -3920.000000 -40.000000
v  2720.000000 -3904.000000 48.000000
v  2688.000000 -3920.000000 48.000000
v  2632.000000 -3792.000000 48.000000
v  2688.000000 -3776.000000 48.000000
v  2752.000000 -3776.000000 48.000000
v  2752.000000 -3904.000000 48.000000
v  2784.000000 -3776.000000 48.000000
v  2784.000000 -3904.000000 48.000000
v  2816.000000 -3776.000000 48.000000
v  2816.000000 -3904.000000 48.000000
v  2848.000000 -3776.000000 48.000000
v  2848.000000 -3904.000000 48.000000
v  2880.000000 -3776.000000 48.000000
v  2880.000000 -3904.000000 48.000000
v  2912.000000 -3776.000000 48.000000
v  2912.000000 -3904.000000 48.000000

vt  35.000000 62.000000 0.000000
vt  35.000000 64.000000 0.000000
vt  33.000000 63.000000 0.000000
vt  32.000000 61.250000 0.000000
vt  32.000000 61.000000 0.000000
vt  34.000000 61.250000 0.000000
vt  34.000000 61.000000 0.000000
vt  34.000000 60.500000 0.000000
vt  34.000000 61.000000 0.000000
vt  32.000000 61.000000 0.000000
vt  32.000000 60.500000 0.000000
vt  34.000000 60.000000 0.000000
vt  32.000000 60.000000 0.000000
vt  34.000000 59.500000 0.000000
vt  32.000000 59.500000 0.000000
vt  34.000000 59.000000 0.000000
vt  32.000000 59.000000 0.000000
vt  34.000000 57.500000 0.000000
vt  34.000000 59.000000 0.000000
vt  32.000000 59.000000 0.000000
vt  32.000000 57.500000 0.000000
vt  41.750000 61.250000 0.000000
vt  37.000000 64.000000 0.000000
vt  37.000000 62.000000 0.000000
vt  40.875000 59.250000 0.000000
vt  41.125000 59.250000 0.000000
vt  42.000000 61.250000 0.000000
vt  42.500000 61.000000 0.000000
vt  42.000000 61.250000 0.000000
vt  41.125000 59.250000 0.000000
vt  42.000000 59.000000 0.000000
vt  43.000000 59.000000 0.000000
vt  43.000000 61.000000 0.000000
vt  43.500000 59.000000 0.000000
vt  43.500000 61.000000 0.000000
vt  44.000000 59.000000 0.000000
vt  44.000000 61.000000 0.000000
vt  44.500000 59.000000 0.000000
vt  44.500000 61.000000 0.000000
vt  45.000000 59.000000 0.000000
vt  45.000000 61.000000 0.000000
vt  45.500000 59.000000 0.000000
vt  45.500000 61.000000 0.000000

vn  0.000000 0.000000 -1.000000
vn  0.000000 0.000000 -1.000000
vn  0.000000 0.000000 -1.000000
vn  0.000000 0.000000 -1.000000
vn  0.000000 0.000000 -1.000000
vn  0.000000 0.000000 -1.000000
vn  0.000000 0.000000 -1.000000
vn  0.000000 0.000000 -1.000000
vn  0.000000 0.000000 -1.000000
vn  0.000000 0.000000 -1.000000
vn  0.000000 0.000000 -1.000000
vn  0.000000 0.000000 -1.000000
vn  0.000000 0.000000 -1.000000
vn  0.000000 0.000000 -1.000000
vn  0.000000 0.000000 -1.000000
vn  0.000000 0.000000 -1.000000
vn  0.000000 0.000000 -1.000000
vn  0.000000 0.000000 -1.000000
vn  0.000000 0.000000 -1.000000
vn  0.000000 0.000000 -1.000000
vn  0.000000 0.000000 -1.000000
vn  0.000000 0.000000 -1.000000
vn  0.000000 0.000000 -1.000000
vn  0.000000 0.000000 -1.000000
vn  0.000000 0.000000 -1.000000
vn  0.000000 0.000000 -1.000000
vn  0.000000 0.000000 -1.000000
vn  0.000000 0.000000 -1.000000
vn  0.000000 0.000000 -1.000000
vn  0.000000 0.000000 -1.000000
vn  0.000000 0.000000 -1.000000
vn  0.000000 0.000000 -1.000000
vn  0.000000 0.000000 -1.000000
vn  0.000000 0.000000 -1.000000
vn  0.000000 0.000000 -1.000000
vn  0.000000 0.000000 -1.000000
vn  0.000000 0.000000 -1.000000
vn  0.000000 0.000000 -1.000000
vn  0.000000 0.000000 -1.000000
vn  0.000000 0.000000 -1.000000
vn  0.000000 0.000000 -1.000000
vn  0.000000 0.000000 -1.000000
vn  0.000000 0.000000 -1.000000

g rdmobj13
usemtl CEIL5_2
f  911/911/911 912/912/912 913/913/913
f  914/914/914 911/911/911 913/913/913
f  915/915/915 911/911/911 914/914/914
f  916/916/916 911/911/911 915/915/915
f  915/915/915 917/917/917 916/916/916
f  918/918/918 919/919/919 920/920/920
f  921/921/921 918/918/918 920/920/920
f  922/922/922 918/918/918 921/921/921
f  923/923/923 922/922/922 921/921/921
f  924/924/924 922/922/922 923/923/923
f  925/925/925 924/924/924 923/923/923
f  926/926/926 924/924/924 925/925/925
f  927/927/927 926/926/926 925/925/925
f  928/928/928 929/929/929 930/930/930
f  931/931/931 928/928/928 930/930/930
f  932/932/932 933/933/933 934/934/934
f  935/935/935 932/932/932 934/934/934
f  936/936/936 932/932/932 935/935/935
f  932/932/932 936/936/936 937/937/937
f  938/938/938 939/939/939 940/940/940
f  941/941/941 938/938/938 940/940/940
f  941/941/941 942/942/942 938/938/938
f  942/942/942 943/943/943 938/938/938
f  942/942/942 944/944/944 943/943/943
f  944/944/944 945/945/945 943/943/943
f  944/944/944 946/946/946 945/945/945
f  946/946/946 947/947/947 945/945/945
f  946/946/946 948/948/948 947/947/947
f  948/948/948 949/949/949 947/947/947
f  948/948/948 950/950/950 949/949/949
f  950/950/950 951/951/951 949/949/949
f  950/950/950 952/952/952 951/951/951
f  952/952/952 953/953/953 951/951/951

g
v  496.000000 -3136.000000 224.000000
v  320.000000 -3264.000000 224.000000
v  320.000000 -3200.000000 224.000000
v  256.000000 -3200.000000 224.000000
v  128.000000 -3200.000000 224.000000
v  96.000000 -3136.000000 224.000000
v  256.000000 -3136.000000 224.000000
v  64.000000 -3072.000000 224.000000
v  128.000000 -3008.000000 224.000000
v  256.000000 -3008.000000 224.000000
v  256.000000 -3072.000000 224.000000
v  320.000000 -3136.000000 224.000000
v  320.000000 -3072.000000 224.000000
v  472.000000 -3072.000000 224.000000
v  320.000000 -3008.000000 224.000000
v  448.000000 -3008.000000 224.000000
v  256.000000 -3264.000000 224.000000
v  256.000000 -3328.000000 224.000000
v  256.000000 -3456.000000 224.000000
v  128.000000 -3456.000000 224.000000
v  192.000000 -3392.000000 224.000000
v  256.000000 -3392.000000 224.000000
v  64.000000 -3392.000000 224.000000
v  96.000000 -3328.000000 224.000000
v  128.000000 -3264.000000 224.000000
v  320.000000 -3392.000000 224.000000
v  472.000000 -3392.000000 224.000000
v  448.000000 -3456.000000 224.000000
v  320.000000 -3456.000000 224.000000
v  496.000000 -3328.000000 224.000000
v  320.000000 -3328.000000 224.000000
v  256.000000 -3200.000000 224.000000
v  256.000000 -3264.000000 224.000000
v  224.000000 -3264.000000 224.000000
v  224.000000 -3200.000000 224.000000
v  192.000000 -3264.000000 224.000000
v  192.000000 -3200.000000 224.000000
v  160.000000 -3264.000000 224.000000
v  160.000000 -3200.000000 224.000000
v  -64.000000 -3264.000000 264.000000
v  -64.000000 -3328.000000 264.000000
v  -256.000000 -3328.000000 264.000000
v  -266.666656 -3322.666748 264.000000
v  -208.000000 -3264.000000 264.000000
v  -224.000000 -3280.000000 264.000000
v  -320.000000 -3296.000000 264.000000
v  -320.000000 -3264.000000 264.000000
v  -240.000000 -3264.000000 264.000000
v  -256.000000 -3264.000000 264.000000
v  -320.000000 -3184.000000 264.000000
v  -256.000000 -3248.000000 264.000000
v  -272.000000 -3232.000000 264.000000
v  -320.000000 -3168.000000 264.000000
v  -256.000000 -3136.000000 264.000000
v  -256.000000 -3216.000000 264.000000
v  -256.000000 -3200.000000 264.000000
v  -176.000000 -3136.000000 264.000000
v  -240.000000 -3200.000000 264.000000
v  -224.000000 -3184.000000 264.000000
v  -80.000000 -3136.000000 264.000000
v  -144.000000 -3200.000000 264.000000
v  -208.000000 -3200.000000 264.000000
v  -192.000000 -3248.000000 264.000000
v  -64.000000 -3136.000000 264.000000
v  -192.000000 -3264.000000 264.000000
v  -192.000000 -3216.000000 264.000000
v  -176.000000 -3232.000000 264.000000
v  -192.000000 -3200.000000 264.000000
v  128.000000 -3200.000000 192.000000
v  128.000000 -3264.000000 192.000000
v  64.000000 -3392.000000 192.000000
v  48.000000 -3392.000000 192.000000
v  -64.000000 -3328.000000 192.000000
v  -64.000000 -3136.000000 192.000000
v  48.000000 -3072.000000 192.000000
v  64.000000 -3072.000000 192.000000
v  128.000000 -3264.000000 224.000000
v  128.000000 -3200.000000 224.000000
v  320.000000 -3200.000000 224.000000
v  320.000000 -3264.000000 224.000000
v  288.000000 -3264.000000 224.000000
v  288.000000 -3200.000000 224.000000

vt  7.750000 49.000000 0.000000
vt  5.000000 51.000000 0.000000
vt  5.000000 50.000000 0.000000
vt  4.000000 50.000000 0.000000
vt  2.000000 50.000000 0.000000
vt  1.500000 49.000000 0.000000
vt  4.000000 49.000000 0.000000
vt  1.000000 48.000000 0.000000
vt  2.000000 47.000000 0.000000
vt  4.000000 47.000000 0.000000
vt  4.000000 48.000000 0.000000
vt  5.000000 49.000000 0.000000
vt  5.000000 48.000000 0.000000
vt  7.375000 48.000000 0.000000
vt  5.000000 47.000000 0.000000
vt  7.000000 47.000000 0.000000
vt  4.000000 51.000000 0.000000
vt  4.000000 52.000000 0.000000
vt  4.000000 54.000000 0.000000
vt  2.000000 54.000000 0.000000
vt  3.000000 53.000000 0.000000
vt  4.000000 53.000000 0.000000
vt  1.000000 53.000000 0.000000
vt  1.500000 52.000000 0.000000
vt  2.000000 51.000000 0.000000
vt  5.000000 53.000000 0.000000
vt  7.375000 53.000000 0.000000
vt  7.000000 54.000000 0.000000
vt  5.000000 54.000000 0.000000
vt  7.750000 52.000000 0.000000
vt  5.000000 52.000000 0.000000
vt  4.000000 50.000000 0.000000
vt  4.000000 51.000000 0.000000
vt  3.500000 51.000000 0.000000
vt  3.500000 50.000000 0.000000
vt  3.000000 51.000000 0.000000
vt  3.000000 50.000000 0.000000
vt  2.500000 51.000000 0.000000
vt  2.500000 50.000000 0.000000
vt  -1.000000 51.000000 0.000000
vt  -1.000000 52.000000 0.000000
vt  -4.000000 52.000000 0.000000
vt  -4.166667 51.916668 0.000000
vt  -3.250000 51.000000 0.000000
vt  -3.500000 51.250000 0.000000
vt  -5.000000 51.500000 0.000000
vt  -5.000000 51.000000 0.000000
vt  -3.750000 51.000000 0.000000
vt  -4.000000 51.000000 0.000000
vt  -5.000000 49.750000 0.000000
vt  -4.000000 50.750000 0.000000
vt  -4.250000 50.500000 0.000000
vt  -5.000000 49.500000 0.000000
vt  -4.000000 49.000000 0.000000
vt  -4.000000 50.250000 0.000000
vt  -4.000000 50.000000 0.000000
vt  -2.750000 49.000000 0.000000
vt  -3.750000 50.000000 0.000000
vt  -3.500000 49.750000 0.000000
vt  -1.250000 49.000000 0.000000
vt  -2.250000 50.000000 0.000000
vt  -3.250000 50.000000 0.000000
vt  -3.000000 50.750000 0.000000
vt  -1.000000 49.000000 0.000000
vt  -3.000000 51.000000 0.000000
vt  -3.000000 50.250000 0.000000
vt  -2.750000 50.500000 0.000000
vt  -3.000000 50.000000 0.000000
vt  2.000000 50.000000 0.000000
vt  2.000000 51.000000 0.000000
vt  1.000000 53.000000 0.000000
vt  0.750000 53.000000 0.000000
vt  -1.000000 52.000000 0.000000
vt  -1.000000 49.000000 0.000000
vt  0.750000 48.000000 0.000000
vt  1.000000 48.000000 0.000000
vt  2.000000 51.000000 0.000000
vt  2.000000 50.000000 0.000000
vt  5.000000 50.000000 0.000000
vt  5.000000 51.000000 0.000000
vt  4.500000 51.000000 0.000000
vt  4.500000 50.000000 0.000000

vn  0.000000 0.000000 -1.000000
vn  0.000000 0.000000 -1.000000
vn  0.000000 0.000000 -1.000000
vn  0.000000 0.000000 -1.000000
vn  0.000000 0.000000 -1.000000
vn  0.000000 0.000000 -1.000000
vn  0.000000 0.000000 -1.000000
vn  0.000000 0.000000 -1.000000
vn  0.000000 0.000000 -1.000000
vn  0.000000 0.000000 -1.000000
vn  0.000000 0.000000 -1.000000
vn  0.000000 0.000000 -1.000000
vn  0.000000 0.000000 -1.000000
vn  0.000000 0.000000 -1.000000
vn  0.000000 0.000000 -1.000000
vn  0.000000 0.000000 -1.000000
vn  0.000000 0.000000 -1.000000
vn  0.000000 0.000000 -1.000000
vn  0.000000 0.000000 -1.000000
vn  0.000000 0.000000 -1.000000
vn  0.000000 0.000000 -1.000000
vn  0.000000 0.000000 -1.000000
vn  0.000000 0.000000 -1.000000
vn  0.000000 0.000000 -1.000000
vn  0.000000 0.000000 -1.000000
vn  0.000000 0.000000 -1.000000
vn  0.000000 0.000000 -1.000000
vn  0.000000 0.000000 -1.000000
vn  0.000000 0.000000 -1.000000
vn  0.000000 0.000000 -1.000000
vn  0.000000 0.000000 -1.000000
vn  0.000000 0.000000 -1.000000
vn  0.000000 0.000000 -1.000000
vn  0.000000 0.000000 -1.000000
vn  0.000000 0.000000 -1.000000
vn  0.000000 0.000000 -1.000000
vn  0.000000 0.000000 -1.000000
vn  0.000000 0.000000 -1.000000
vn  0.000000 0.000000 -1.000000
vn  0.000000 0.000000 -1.000000
vn  0.000000 0.000000 -1.000000
vn  0.000000 0.000000 -1.000000
vn  0.000000 0.000000 -1.000000
vn  0.000000 0.000000 -1.000000
vn  0.000000 0.000000 -1.000000
vn  0.000000 0.000000 -1.000000
vn  0.000000 0.000000 -1.000000
vn  0.000000 0.000000 -1.000000
vn  0.000000 0.000000 -1.000000
vn  0.000000 0.000000 -1.000000
vn  0.000000 0.000000 -1.000000
vn  0.000000 0.000000 -1.000000
vn  0.000000 0.000000 -1.000000
vn  0.000000 0.000000 -1.000000
vn  0.000000 0.000000 -1.000000
vn  0.000000 0.000000 -1.000000
vn  0.000000 0.000000 -1.000000
vn  0.000000 0.000000 -1.000000
vn  0.000000 0.000000 -1.000000
vn  0.000000 0.000000 -1.000000
vn  0.000000 0.000000 -1.000000
vn  0.000000 0.000000 -1.000000
vn  0.000000 0.000000 -1.000000
vn  0.000000 0.000000 -1.000000
vn  0.000000 0.000000 -1.000000
vn  0.000000 0.000000 -1.000000
vn  0.000000 0.000000 -1.000000
vn  0.000000 0.000000 -1.000000
vn  0.000000 0.000000 -1.000000
vn  0.000000 0.000000 -1.000000
vn  0.000000 0.000000 -1.000000
vn  0.000000 0.000000 -1.000000
vn  0.000000 0.000000 -1.000000
vn  0.000000 0.000000 -1.000000
vn  0.000000 0.000000 -1.000000
vn  0.000000 0.000000 -1.000000
vn  0.000000 0.000000 -1.000000
vn  0.000000 0.000000 -1.000000
vn  0.000000 0.000000 -1.000000
vn  0.000000 0.000000 -1.000000
vn  0.000000 0.000000 -1.000000
vn  0.000000 0.000000 -1.000000

g rdmobj14
usemtl FLOOR7_2
f  954/954/954 955/955/955 956/956/956
f  957/957/957 958/958/958 959/959/959
f  960/960/960 957/957/957 959/959/959
f  960/960/960 956/956/956 957/957/957
f  961/961/961 962/962/962 963/963/963
f  961/961/961 964/964/964 959/959/959
f  964/964/964 961/961/961 963/963/963
f  964/964/964 960/960/960 959/959/959
f  965/965/965 956/956/956 960/960/960
f  956/956/956 965/965/965 954/954/954
f  966/966/966 964/964/964 963/963/963
f  965/965/965 966/966/966 954/954/954
f  966/966/966 967/967/967 954/954/954
f  966/966/966 968/968/968 967/967/967
f  968/968/968 966/966/966 963/963/963
f  968/968/968 969/969/969 967/967/967
f  970/970/970 955/955/955 971/971/971
f  972/972/972 973/973/973 974/974/974
f  975/975/975 972/972/972 974/974/974
f  975/975/975 974/974/974 971/971/971
f  971/971/971 973/973/973 976/976/976
f  977/977/977 971/971/971 976/976/976
f  971/971/971 977/977/977 970/970/970
f  977/977/977 978/978/978 970/970/970
f  979/979/979 980/980/980 981/981/981
f  982/982/982 972/972/972 975/975/975
f  982/982/982 979/979/979 981/981/981
f  979/979/979 982/982/982 975/975/975
f  955/955/955 954/954/954 983/983/983
f  980/980/980 984/984/984 983/983/983
f  979/979/979 984/984/984 980/980/980
f  984/984/984 955/955/955 983/983/983
f  984/984/984 971/971/971 955/955/955
f  985/985/985 986/986/986 987/987/987
f  988/988/988 985/985/985 987/987/987
f  988/988/988 987/987/987 989/989/989
f  990/990/990 988/988/988 989/989/989
f  990/990/990 989/989/989 991/991/991
f  992/992/992 990/990/990 991/991/991
f  993/993/993 994/994/994 995/995/995
f  996/996/996 993/993/993 995/995/995
f  997/997/997 993/993/993 996/996/996
f  998/998/998 996/996/996 999/999/999
f  1000/1000/1000 998/998/998 999/999/999
f  1001/1001/1001 998/998/998 1000/1000/1000
f  1001/1001/1001 997/997/997 998/998/998
f  1002/1002/1002 1000/1000/1000 1003/1003/1003
f  1004/1004/1004 1002/1002/1002 1003/1003/1003
f  1004/1004/1004 1001/1001/1001 1002/1002/1002
f  1005/1005/1005 1003/1003/1003 1006/1006/1006
f  1007/1007/1007 1005/1005/1005 1006/1006/1006
f  1008/1008/1008 1005/1005/1005 1007/1007/1007
f  1008/1008/1008 1004/1004/1004 1005/1005/1005
f  1009/1009/1009 1007/1007/1007 1010/1010/1010
f  1011/1011/1011 1008/1008/1008 1009/1009/1009
f  1011/1011/1011 1009/1009/1009 1010/1010/1010
f  1012/1012/1012 1010/1010/1010 1013/1013/1013
f  1014/1014/1014 1012/1012/1012 1013/1013/1013
f  1015/1015/1015 1012/1012/1012 1014/1014/1014
f  1015/1015/1015 1011/1011/1011 1012/1012/1012
f  993/993/993 1016/1016/1016 1017/1017/1017
f  1016/1016/1016 1013/1013/1013 1017/1017/1017
f  1018/1018/1018 1016/1016/1016 993/993/993
f  1018/1018/1018 997/997/997 1016/1016/1016
f  1019/1019/1019 1016/1016/1016 997/997/997
f  1001/1001/1001 1019/1019/1019 997/997/997
f  1004/1004/1004 1019/1019/1019 1001/1001/1001
f  1008/1008/1008 1019/1019/1019 1004/1004/1004
f  1011/1011/1011 1019/1019/1019 1008/1008/1008
f  1015/1015/1015 1019/1019/1019 1011/1011/1011
f  1019/1019/1019 1020/1020/1020 1016/1016/1016
f  1021/1021/1021 1014/1014/1014 1020/1020/1020
f  1019/1019/1019 1015/1015/1015 1021/1021/1021
f  1019/1019/1019 1021/1021/1021 1020/1020/1020
f  1022/1022/1022 1023/1023/1023 1024/1024/1024
f  1025/1025/1025 1022/1022/1022 1024/1024/1024
f  1026/1026/1026 1022/1022/1022 1025/1025/1025
f  1027/1027/1027 1022/1022/1022 1026/1026/1026
f  1028/1028/1028 1022/1022/1022 1027/1027/1027
f  1029/1029/1029 1022/1022/1022 1028/1028/1028
f  992/992/992 991/991/991 1030/1030/1030
f  1031/1031/1031 992/992/992 1030/1030/1030
f  1032/1032/1032 1033/1033/1033 1034/1034/1034
f  1035/1035/1035 1034/1034/1034 986/986/986
f  1035/1035/1035 1032/1032/1032 1034/1034/1034
f  985/985/985 1035/1035/1035 986/986/986

g
v  -208.000000 -3200.000000 128.000000
v  -240.000000 -3200.000000 128.000000
v  -256.000000 -3216.000000 128.000000
v  -256.000000 -3248.000000 128.000000
v  -240.000000 -3264.000000 128.000000
v  -208.000000 -3264.000000 128.000000
v  -192.000000 -3248.000000 128.000000
v  -192.000000 -3216.000000 128.000000

vt  -3.250000 50.000000 0.000000
vt  -3.750000 50.000000 0.000000
vt  -4.000000 50.250000 0.000000
vt  -4.000000 50.750000 0.000000
vt  -3.750000 51.000000 0.000000
vt  -3.250000 51.000000 0.000000
vt  -3.000000 50.750000 0.000000
vt  -3.000000 50.250000 0.000000

vn  0.000000 0.000000 1.000000
vn  0.000000 0.000000 1.000000
vn  0.000000 0.000000 1.000000
vn  0.000000 0.000000 1.000000
vn  0.000000 0.000000 1.000000
vn  0.000000 0.000000 1.000000
vn  0.000000 0.000000 1.000000
vn  0.000000 0.000000 1.000000

g rdmobj15
usemtl FLOOR1_1
f  1036/1036/1036 1037/1037/1037 1038/1038/1038
f  1039/1039/1039 1036/1036/1036 1038/1038/1038
f  1040/1040/1040 1036/1036/1036 1039/1039/1039
f  1041/1041/1041 1036/1036/1036 1040/1040/1040
f  1042/1042/1042 1036/1036/1036 1041/1041/1041
f  1043/1043/1043 1036/1036/1036 1042/1042/1042

g
v  256.000000 -3328.000000 40.000000
v  256.000000 -3392.000000 40.000000
v  320.000000 -3392.000000 40.000000
v  320.000000 -3328.000000 40.000000
v  256.000000 -3072.000000 40.000000
v  256.000000 -3136.000000 40.000000
v  320.000000 -3136.000000 40.000000
v  320.000000 -3072.000000 40.000000

vt  4.000000 52.000000 0.000000
vt  4.000000 53.000000 0.000000
vt  5.000000 53.000000 0.000000
vt  5.000000 52.000000 0.000000
vt  4.000000 48.000000 0.000000
vt  4.000000 49.000000 0.000000
vt  5.000000 49.000000 0.000000
vt  5.000000 48.000000 0.000000

vn  0.000000 0.000000 1.000000
vn  0.000000 0.000000 1.000000
vn  0.000000 0.000000 1.000000
vn  0.000000 0.000000 1.000000
vn  0.000000 0.000000 1.000000
vn  0.000000 0.000000 1.000000
vn  0.000000 0.000000 1.000000
vn  0.000000 0.000000 1.000000

g rdmobj16
usemtl STEP2
f  1044/1044/1044 1045/1045/1045 1046/1046/1046
f  1047/1047/1047 1044/1044/1044 1046/1046/1046
f  1048/1048/1048 1049/1049/1049 1050/1050/1050
f  1051/1051/1051 1048/1048/1048 1050/1050/1050

g
v  320.000000 -3328.000000 184.000000
v  320.000000 -3392.000000 184.000000
v  256.000000 -3392.000000 184.000000
v  256.000000 -3328.000000 184.000000
v  320.000000 -3072.000000 184.000000
v  320.000000 -3136.000000 184.000000
v  256.000000 -3136.000000 184.000000
v  256.000000 -3072.000000 184.000000

vt  5.000000 52.000000 0.000000
vt  5.000000 53.000000 0.000000
vt  4.000000 53.000000 0.000000
vt  4.000000 52.000000 0.000000
vt  5.000000 48.000000 0.000000
vt  5.000000 49.000000 0.000000
vt  4.000000 49.000000 0.000000
vt  4.000000 48.000000 0.000000

vn  0.000000 0.000000 -1.000000
vn  0.000000 0.000000 -1.000000
vn  0.000000 0.000000 -1.000000
vn  0.000000 0.000000 -1.000000
vn  0.000000 0.000000 -1.000000
vn  0.000000 0.000000 -1.000000
vn  0.000000 0.000000 -1.000000
vn  0.000000 0.000000 -1.000000

g rdmobj17
usemtl TLITE6_1
f  1052/1052/1052 1053/1053/1053 1054/1054/1054
f  1055/1055/1055 1052/1052/1052 1054/1054/1054
f  1056/1056/1056 1057/1057/1057 1058/1058/1058
f  1059/1059/1059 1056/1056/1056 1058/1058/1058

g
v  2944.000000 -3648.000000 -24.000000
v  2944.000000 -4000.000000 -24.000000
v  3072.000000 -4000.000000 -24.000000
v  3072.000000 -3648.000000 -24.000000
v  2944.000000 -3536.000000 -24.000000
v  2752.000000 -3584.000000 -24.000000
v  2944.000000 -3536.000000 -24.000000
v  3072.000000 -3648.000000 -24.000000
v  3264.000000 -3616.000000 -24.000000
v  3104.000000 -3552.000000 -24.000000
v  3280.000000 -3320.000000 -24.000000
v  3112.000000 -3360.000000 -24.000000
v  3048.000000 -2944.000000 -24.000000
v  3048.000000 -2880.000000 -24.000000
v  2752.000000 -3048.000000 -24.000000
v  2976.000000 -3072.000000 -24.000000
v  3136.000000 -3072.000000 -24.000000
v  3304.000000 -3040.000000 -24.000000
v  2816.000000 -3232.000000 -24.000000
v  2984.000000 -3200.000000 -24.000000
v  2880.000000 -3776.000000 -24.000000
v  2880.000000 -3904.000000 -24.000000
v  2912.000000 -3904.000000 -24.000000
v  2912.000000 -3776.000000 -24.000000
v  2912.000000 -3776.000000 -24.000000
v  2912.000000 -3904.000000 -24.000000
v  2944.000000 -3904.000000 -24.000000
v  2944.000000 -3776.000000 -24.000000
v  2880.000000 -2912.000000 -24.000000
v  2752.000000 -2912.000000 -24.000000
v  2752.000000 -3048.000000 -24.000000
v  3048.000000 -2880.000000 -24.000000
v  2960.000000 -2656.000000 -24.000000
v  2944.000000 -2656.000000 -24.000000
v  2752.000000 -2784.000000 -24.000000
v  2752.000000 -2800.000000 -24.000000
v  2880.000000 -2880.000000 -24.000000
v  2856.000000 -4160.000000 -24.000000
v  2856.000000 -4352.000000 -24.000000
v  3160.000000 -4352.000000 -24.000000
v  3160.000000 -4160.000000 -24.000000
v  3072.000000 -4032.000000 -24.000000
v  2944.000000 -4032.000000 -24.000000
v  2912.000000 -4128.000000 -24.000000
v  2912.000000 -4160.000000 -24.000000
v  3104.000000 -4160.000000 -24.000000
v  3104.000000 -4128.000000 -24.000000
v  2856.000000 -4384.000000 -24.000000
v  2856.000000 -4160.000000 -24.000000
v  2816.000000 -4128.000000 -24.000000
v  2688.000000 -4128.000000 -24.000000
v  2688.000000 -4544.000000 -24.000000
v  3328.000000 -4544.000000 -24.000000
v  3160.000000 -4384.000000 -24.000000
v  3104.000000 -4384.000000 -24.000000
v  3104.000000 -4352.000000 -24.000000
v  2912.000000 -4352.000000 -24.000000
v  2912.000000 -4384.000000 -24.000000
v  3328.000000 -4128.000000 -24.000000
v  3200.000000 -4128.000000 -24.000000
v  3160.000000 -4160.000000 -24.000000
v  2944.000000 -4016.000000 -24.000000
v  3072.000000 -4016.000000 -24.000000
v  2944.000000 -4000.000000 -24.000000
v  3072.000000 -4000.000000 -24.000000
v  2992.000000 -4600.000000 -24.000000
v  2944.000000 -4600.000000 -24.000000
v  2944.000000 -4608.000000 -24.000000
v  2992.000000 -4608.000000 -24.000000
v  2992.000000 -4592.000000 -24.000000
v  2992.000000 -4544.000000 -24.000000
v  2944.000000 -4544.000000 -24.000000
v  2944.000000 -4592.000000 -24.000000
v  3024.000000 -4608.000000 -24.000000
v  3072.000000 -4608.000000 -24.000000
v  3072.000000 -4600.000000 -24.000000
v  3024.000000 -4600.000000 -24.000000
v  3072.000000 -4592.000000 -24.000000
v  3024.000000 -4592.000000 -24.000000
v  3072.000000 -4544.000000 -24.000000
v  3024.000000 -4544.000000 -24.000000
v  2976.000000 -4608.000000 -24.000000
v  2976.000000 -4632.000000 -24.000000
v  3040.000000 -4632.000000 -24.000000
v  3040.000000 -4608.000000 -24.000000
v  3040.000000 -4648.000000 -24.000000
v  2976.000000 -4648.000000 -24.000000
v  2992.000000 -4848.000000 -24.000000
v  2912.000000 -4848.000000 -24.000000
v  2912.000000 -4864.000000 -24.000000
v  2992.000000 -4864.000000 -24.000000
v  2992.000000 -4840.000000 -24.000000
v  2992.000000 -4672.000000 -24.000000
v  2912.000000 -4672.000000 -24.000000
v  2912.000000 -4840.000000 -24.000000
v  3024.000000 -4864.000000 -24.000000
v  3104.000000 -4864.000000 -24.000000
v  3104.000000 -4848.000000 -24.000000
v  3024.000000 -4848.000000 -24.000000
v  3104.000000 -4840.000000 -24.000000
v  3024.000000 -4840.000000 -24.000000
v  3104.000000 -4672.000000 -24.000000
v  3024.000000 -4672.000000 -24.000000
v  3040.000000 -4672.000000 -24.000000
v  2976.000000 -4672.000000 -24.000000

vt  46.000000 57.000000 0.000000
vt  46.000000 62.500000 0.000000
vt  48.000000 62.500000 0.000000
vt  48.000000 57.000000 0.000000
vt  46.000000 55.250000 0.000000
vt  43.000000 56.000000 0.000000
vt  46.000000 55.250000 0.000000
vt  48.000000 57.000000 0.000000
vt  51.000000 56.500000 0.000000
vt  48.500000 55.500000 0.000000
vt  51.250000 51.875000 0.000000
vt  48.625000 52.500000 0.000000
vt  47.625000 46.000000 0.000000
vt  47.625000 45.000000 0.000000
vt  43.000000 47.625000 0.000000
vt  46.500000 48.000000 0.000000
vt  49.000000 48.000000 0.000000
vt  51.625000 47.500000 0.000000
vt  44.000000 50.500000 0.000000
vt  46.625000 50.000000 0.000000
vt  45.000000 59.000000 0.000000
vt  45.000000 61.000000 0.000000
vt  45.500000 61.000000 0.000000
vt  45.500000 59.000000 0.000000
vt  45.500000 59.000000 0.000000
vt  45.500000 61.000000 0.000000
vt  46.000000 61.000000 0.000000
vt  46.000000 59.000000 0.000000
vt  45.000000 45.500000 0.000000
vt  43.000000 45.500000 0.000000
vt  43.000000 47.625000 0.000000
vt  47.625000 45.000000 0.000000
vt  46.250000 41.500000 0.000000
vt  46.000000 41.500000 0.000000
vt  43.000000 43.500000 0.000000
vt  43.000000 43.750000 0.000000
vt  45.000000 45.000000 0.000000
vt  44.625000 65.000000 0.000000
vt  44.625000 68.000000 0.000000
vt  49.375000 68.000000 0.000000
vt  49.375000 65.000000 0.000000
vt  48.000000 63.000000 0.000000
vt  46.000000 63.000000 0.000000
vt  45.500000 64.500000 0.000000
vt  45.500000 65.000000 0.000000
vt  48.500000 65.000000 0.000000
vt  48.500000 64.500000 0.000000
vt  44.625000 68.500000 0.000000
vt  44.625000 65.000000 0.000000
vt  44.000000 64.500000 0.000000
vt  42.000000 64.500000 0.000000
vt  42.000000 71.000000 0.000000
vt  52.000000 71.000000 0.000000
vt  49.375000 68.500000 0.000000
vt  48.500000 68.500000 0.000000
vt  48.500000 68.000000 0.000000
vt  45.500000 68.000000 0.000000
vt  45.500000 68.500000 0.000000
vt  52.000000 64.500000 0.000000
vt  50.000000 64.500000 0.000000
vt  49.375000 65.000000 0.000000
vt  46.000000 62.750000 0.000000
vt  48.000000 62.750000 0.000000
vt  46.000000 62.500000 0.000000
vt  48.000000 62.500000 0.000000
vt  46.750000 71.875000 0.000000
vt  46.000000 71.875000 0.000000
vt  46.000000 72.000000 0.000000
vt  46.750000 72.000000 0.000000
vt  46.750000 71.750000 0.000000
vt  46.750000 71.000000 0.000000
vt  46.000000 71.000000 0.000000
vt  46.000000 71.750000 0.000000
vt  47.250000 72.000000 0.000000
vt  48.000000 72.000000 0.000000
vt  48.000000 71.875000 0.000000
vt  47.250000 71.875000 0.000000
vt  48.000000 71.750000 0.000000
vt  47.250000 71.750000 0.000000
vt  48.000000 71.000000 0.000000
vt  47.250000 71.000000 0.000000
vt  46.500000 72.000000 0.000000
vt  46.500000 72.375000 0.000000
vt  47.500000 72.375000 0.000000
vt  47.500000 72.000000 0.000000
vt  47.500000 72.625000 0.000000
vt  46.500000 72.625000 0.000000
vt  46.750000 75.750000 0.000000
vt  45.500000 75.750000 0.000000
vt  45.500000 76.000000 0.000000
vt  46.750000 76.000000 0.000000
vt  46.750000 75.625000 0.000000
vt  46.750000 73.000000 0.000000
vt  45.500000 73.000000 0.000000
vt  45.500000 75.625000 0.000000
vt  47.250000 76.000000 0.000000
vt  48.500000 76.000000 0.000000
vt  48.500000 75.750000 0.000000
vt  47.250000 75.750000 0.000000
vt  48.500000 75.625000 0.000000
vt  47.250000 75.625000 0.000000
vt  48.500000 73.000000 0.000000
vt  47.250000 73.000000 0.000000
vt  47.500000 73.000000 0.000000
vt  46.500000 73.000000 0.000000

vn  0.000000 0.000000 1.000000
vn  0.000000 0.000000 1.000000
vn  0.000000 0.000000 1.000000
vn  0.000000 0.000000 1.000000
vn  0.000000 0.000000 1.000000
vn  0.000000 0.000000 1.000000
vn  0.000000 0.000000 1.000000
vn  0.000000 0.000000 1.000000
vn  0.000000 0.000000 1.000000
vn  0.000000 0.000000 1.000000
vn  0.000000 0.000000 1.000000
vn  0.000000 0.000000 1.000000
vn  0.000000 0.000000 1.000000
vn  0.000000 0.000000 1.000000
vn  0.000000 0.000000 1.000000
vn  0.000000 0.000000 1.000000
vn  0.000000 0.000000 1.000000
vn  0.000000 0.000000 1.000000
vn  0.000000 0.000000 1.000000
vn  0.000000 0.000000 1.000000
vn  0.000000 0.000000 1.000000
vn  0.000000 0.000000 1.000000
vn  0.000000 0.000000 1.000000
vn  0.000000 0.000000 1.000000
vn  0.000000 0.000000 1.000000
vn  0.000000 0.000000 1.000000
vn  0.000000 0.000000 1.000000
vn  0.000000 0.000000 1.000000
vn  0.000000 0.000000 1.000000
vn  0.000000 0.000000 1.000000
vn  0.000000 0.000000 1.000000
vn  0.000000 0.000000 1.000000
vn  0.000000 0.000000 1.000000
vn  0.000000 0.000000 1.000000
vn  0.000000 0.000000 1.000000
vn  0.000000 0.000000 1.000000
vn  0.000000 0.000000 1.000000
vn  0.000000 0.000000 1.000000
vn  0.000000 0.000000 1.000000
vn  0.000000 0.000000 1.000000
vn  0.000000 0.000000 1.000000
vn  0.000000 0.000000 1.000000
vn  0.000000 0.000000 1.000000
vn  0.000000 0.000000 1.000000
vn  0.000000 0.000000 1.000000
vn  0.000000 0.000000 1.000000
vn  0.000000 0.000000 1.000000
vn  0.000000 0.000000 1.000000
vn  0.000000 0.000000 1.000000
vn  0.000000 0.000000 1.000000
vn  0.000000 0.000000 1.000000
vn  0.000000 0.000000 1.000000
vn  0.000000 0.000000 1.000000
vn  0.000000 0.000000 1.000000
vn  0.000000 0.000000 1.000000
vn  0.000000 0.000000 1.000000
vn  0.000000 0.000000 1.000000
vn  0.000000 0.000000 1.000000
vn  0.000000 0.000000 1.000000
vn  0.000000 0.000000 1.000000
vn  0.000000 0.000000 1.000000
vn  0.000000 0.000000 1.000000
vn  0.000000 0.000000 1.000000
vn  0.000000 0.000000 1.000000
vn  0.000000 0.000000 1.000000
vn  0.000000 0.000000 1.000000
vn  0.000000 0.000000 1.000000
vn  0.000000 0.000000 1.000000
vn  0.000000 0.000000 1.000000
vn  0.000000 0.000000 1.000000
vn  0.000000 0.000000 1.000000
vn  0.000000 0.000000 1.000000
vn  0.000000 0.000000 1.000000
vn  0.000000 0.000000 1.000000
vn  0.000000 0.000000 1.000000
vn  0.000000 0.000000 1.000000
vn  0.000000 0.000000 1.000000
vn  0.000000 0.000000 1.000000
vn  0.000000 0.000000 1.000000
vn  0.000000 0.000000 1.000000
vn  0.000000 0.000000 1.000000
vn  0.000000 0.000000 1.000000
vn  0.000000 0.000000 1.000000
vn  0.000000 0.000000 1.000000
vn  0.000000 0.000000 1.000000
vn  0.000000 0.000000 1.000000
vn  0.000000 0.000000 1.000000
vn  0.000000 0.000000 1.000000
vn  0.000000 0.000000 1.000000
vn  0.000000 0.000000 1.000000
vn  0.000000 0.000000 1.000000
vn  0.000000 0.000000 1.000000
vn  0.000000 0.000000 1.000000
vn  0.000000 0.000000 1.000000
vn  0.000000 0.000000 1.000000
vn  0.000000 0.000000 1.000000
vn  0.000000 0.000000 1.000000
vn  0.000000 0.000000 1.000000
vn  0.000000 0.000000 1.000000
vn  0.000000 0.000000 1.000000
vn  0.000000 0.000000 1.000000
vn  0.000000 0.000000 1.000000
vn  0.000000 0.000000 1.000000
vn  0.000000 0.000000 1.000000
vn  0.000000 0.000000 1.000000

g rdmobj18
usemtl FLOOR5_2
f  1060/1060/1060 1061/1061/1061 1062/1062/1062
f  1063/1063/1063 1060/1060/1060 1062/1062/1062
f  1063/1063/1063 1064/1064/1064 1060/1060/1060
f  1064/1064/1064 1065/1065/1065 1060/1060/1060
f  1066/1066/1066 1067/1067/1067 1068/1068/1068
f  1069/1069/1069 1066/1066/1066 1068/1068/1068
f  1069/1069/1069 1070/1070/1070 1066/1066/1066
f  1070/1070/1070 1071/1071/1071 1066/1066/1066
f  1072/1072/1072 1073/1073/1073 1074/1074/1074
f  1075/1075/1075 1072/1072/1072 1074/1074/1074
f  1075/1075/1075 1076/1076/1076 1072/1072/1072
f  1076/1076/1076 1077/1077/1077 1072/1072/1072
f  1075/1075/1075 1078/1078/1078 1076/1076/1076
f  1078/1078/1078 1079/1079/1079 1076/1076/1076
f  1079/1079/1079 1078/1078/1078 1071/1071/1071
f  1070/1070/1070 1079/1079/1079 1071/1071/1071
f  1080/1080/1080 1081/1081/1081 1082/1082/1082
f  1083/1083/1083 1080/1080/1080 1082/1082/1082
f  1084/1084/1084 1085/1085/1085 1086/1086/1086
f  1087/1087/1087 1084/1084/1084 1086/1086/1086
f  1088/1088/1088 1089/1089/1089 1090/1090/1090
f  1088/1088/1088 1090/1090/1090 1091/1091/1091
f  1091/1091/1091 1092/1092/1092 1093/1093/1093
f  1094/1094/1094 1091/1091/1091 1093/1093/1093
f  1095/1095/1095 1091/1091/1091 1094/1094/1094
f  1096/1096/1096 1091/1091/1091 1095/1095/1095
f  1096/1096/1096 1088/1088/1088 1091/1091/1091
f  1097/1097/1097 1098/1098/1098 1099/1099/1099
f  1100/1100/1100 1097/1097/1097 1099/1099/1099
f  1101/1101/1101 1102/1102/1102 1103/1103/1103
f  1104/1104/1104 1101/1101/1101 1103/1103/1103
f  1105/1105/1105 1101/1101/1101 1104/1104/1104
f  1106/1106/1106 1101/1101/1101 1105/1105/1105
f  1107/1107/1107 1108/1108/1108 1109/1109/1109
f  1110/1110/1110 1107/1107/1107 1109/1109/1109
f  1111/1111/1111 1107/1107/1107 1110/1110/1110
f  1111/1111/1111 1112/1112/1112 1107/1107/1107
f  1112/1112/1112 1113/1113/1113 1107/1107/1107
f  1114/1114/1114 1115/1115/1115 1116/1116/1116
f  1117/1117/1117 1114/1114/1114 1116/1116/1116
f  1112/1112/1112 1118/1118/1118 1119/1119/1119
f  1120/1120/1120 1112/1112/1112 1119/1119/1119
f  1113/1113/1113 1112/1112/1112 1120/1120/1120
f  1121/1121/1121 1102/1102/1102 1101/1101/1101
f  1122/1122/1122 1121/1121/1121 1101/1101/1101
f  1123/1123/1123 1121/1121/1121 1122/1122/1122
f  1124/1124/1124 1123/1123/1123 1122/1122/1122
f  1125/1125/1125 1126/1126/1126 1127/1127/1127
f  1128/1128/1128 1125/1125/1125 1127/1127/1127
f  1129/1129/1129 1130/1130/1130 1131/1131/1131
f  1132/1132/1132 1126/1126/1126 1125/1125/1125
f  1129/1129/1129 1132/1132/1132 1125/1125/1125
f  1132/1132/1132 1129/1129/1129 1131/1131/1131
f  1133/1133/1133 1134/1134/1134 1135/1135/1135
f  1136/1136/1136 1125/1125/1125 1128/1128/1128
f  1133/1133/1133 1136/1136/1136 1128/1128/1128
f  1136/1136/1136 1133/1133/1133 1135/1135/1135
f  1129/1129/1129 1125/1125/1125 1136/1136/1136
f  1136/1136/1136 1135/1135/1135 1137/1137/1137
f  1138/1138/1138 1129/1129/1129 1136/1136/1136
f  1138/1138/1138 1136/1136/1136 1137/1137/1137
f  1138/1138/1138 1137/1137/1137 1139/1139/1139
f  1138/1138/1138 1140/1140/1140 1129/1129/1129
f  1140/1140/1140 1138/1138/1138 1139/1139/1139
f  1140/1140/1140 1130/1130/1130 1129/1129/1129
f  1141/1141/1141 1142/1142/1142 1143/1143/1143
f  1144/1144/1144 1141/1141/1141 1143/1143/1143
f  1143/1143/1143 1142/1142/1142 1145/1145/1145
f  1142/1142/1142 1146/1146/1146 1145/1145/1145
f  1147/1147/1147 1148/1148/1148 1149/1149/1149
f  1150/1150/1150 1147/1147/1147 1149/1149/1149
f  1151/1151/1151 1152/1152/1152 1153/1153/1153
f  1151/1151/1151 1154/1154/1154 1147/1147/1147
f  1154/1154/1154 1148/1148/1148 1147/1147/1147
f  1154/1154/1154 1151/1151/1151 1153/1153/1153
f  1155/1155/1155 1156/1156/1156 1157/1157/1157
f  1158/1158/1158 1147/1147/1147 1150/1150/1150
f  1155/1155/1155 1158/1158/1158 1150/1150/1150
f  1151/1151/1151 1147/1147/1147 1158/1158/1158
f  1158/1158/1158 1155/1155/1155 1157/1157/1157
f  1158/1158/1158 1157/1157/1157 1159/1159/1159
f  1160/1160/1160 1158/1158/1158 1159/1159/1159
f  1160/1160/1160 1151/1151/1151 1158/1158/1158
f  1160/1160/1160 1159/1159/1159 1161/1161/1161
f  1162/1162/1162 1152/1152/1152 1151/1151/1151
f  1162/1162/1162 1160/1160/1160 1161/1161/1161
f  1160/1160/1160 1162/1162/1162 1151/1151/1151
f  1145/1145/1145 1146/1146/1146 1163/1163/1163
f  1146/1146/1146 1164/1164/1164 1163/1163/1163

g
v  3520.000000 -3584.000000 104.000000
v  3520.000000 -3904.000000 104.000000
v  3328.000000 -3968.000000 104.000000
v  3328.000000 -3744.000000 104.000000
v  3360.000000 -3648.000000 104.000000
v  3352.000000 -3592.000000 104.000000
v  3352.000000 -3568.000000 104.000000
v  3448.000000 -3520.000000 104.000000
v  3472.000000 -3520.000000 104.000000
v  3680.000000 -3552.000000 184.000000
v  3744.000000 -3808.000000 184.000000
v  3680.000000 -3904.000000 184.000000
v  3584.000000 -3904.000000 184.000000
v  3616.000000 -3776.000000 184.000000
v  3584.000000 -3840.000000 184.000000
v  3552.000000 -3552.000000 184.000000
v  3552.000000 -3392.000000 184.000000
v  3648.000000 -3264.000000 184.000000
v  3680.000000 -3392.000000 184.000000
v  3456.000000 -3032.000000 184.000000
v  3416.000000 -3152.000000 184.000000
v  3400.000000 -3152.000000 184.000000
v  3320.000000 -3040.000000 184.000000
v  3360.000000 -2880.000000 184.000000
v  3304.000000 -3040.000000 184.000000
v  3808.000000 -3264.000000 184.000000
v  3584.000000 -2880.000000 184.000000
v  3496.000000 -3032.000000 184.000000
v  3520.000000 -3904.000000 184.000000
v  3520.000000 -3840.000000 184.000000

vt  55.000000 56.000000 0.000000
vt  55.000000 61.000000 0.000000
vt  52.000000 62.000000 0.000000
vt  52.000000 58.500000 0.000000
vt  52.500000 57.000000 0.000000
vt  52.375000 56.125000 0.000000
vt  52.375000 55.750000 0.000000
vt  53.875000 55.000000 0.000000
vt  54.250000 55.000000 0.000000
vt  57.500000 55.500000 0.000000
vt  58.500000 59.500000 0.000000
vt  57.500000 61.000000 0.000000
vt  56.000000 61.000000 0.000000
vt  56.500000 59.000000 0.000000
vt  56.000000 60.000000 0.000000
vt  55.500000 55.500000 0.000000
vt  55.500000 53.000000 0.000000
vt  57.000000 51.000000 0.000000
vt  57.500000 53.000000 0.000000
vt  54.000000 47.375000 0.000000
vt  53.375000 49.250000 0.000000
vt  53.125000 49.250000 0.000000
vt  51.875000 47.500000 0.000000
vt  52.500000 45.000000 0.000000
vt  51.625000 47.500000 0.000000
vt  59.500000 51.000000 0.000000
vt  56.000000 45.000000 0.000000
vt  54.625000 47.375000 0.000000
vt  55.000000 61.000000 0.000000
vt  55.000000 60.000000 0.000000

vn  0.000000 0.000000 -1.000000
vn  0.000000 0.000000 -1.000000
vn  0.000000 0.000000 -1.000000
vn  0.000000 0.000000 -1.000000
vn  0.000000 0.000000 -1.000000
vn  0.000000 0.000000 -1.000000
vn  0.000000 0.000000 -1.000000
vn  0.000000 0.000000 -1.000000
vn  0.000000 0.000000 -1.000000
vn  0.000000 0.000000 -1.000000
vn  0.000000 0.000000 -1.000000
vn  0.000000 0.000000 -1.000000
vn  0.000000 0.000000 -1.000000
vn  0.000000 0.000000 -1.000000
vn  0.000000 0.000000 -1.000000
vn  0.000000 0.000000 -1.000000
vn  0.000000 0.000000 -1.000000
vn  0.000000 0.000000 -1.000000
vn  0.000000 0.000000 -1.000000
vn  0.000000 0.000000 -1.000000
vn  0.000000 0.000000 -1.000000
vn  0.000000 0.000000 -1.000000
vn  0.000000 0.000000 -1.000000
vn  0.000000 0.000000 -1.000000
vn  0.000000 0.000000 -1.000000
vn  0.000000 0.000000 -1.000000
vn  0.000000 0.000000 -1.000000
vn  0.000000 0.000000 -1.000000
vn  0.000000 0.000000 -1.000000
vn  0.000000 0.000000 -1.000000

g rdmobj19
usemtl FLOOR6_2
f  1165/1165/1165 1166/1166/1166 1167/1167/1167
f  1168/1168/1168 1165/1165/1165 1167/1167/1167
f  1169/1169/1169 1165/1165/1165 1168/1168/1168
f  1165/1165/1165 1169/1169/1169 1170/1170/1170
f  1171/1171/1171 1165/1165/1165 1170/1170/1170
f  1172/1172/1172 1165/1165/1165 1171/1171/1171
f  1173/1173/1173 1165/1165/1165 1172/1172/1172
f  1174/1174/1174 1175/1175/1175 1176/1176/1176
f  1177/1177/1177 1174/1174/1174 1176/1176/1176
f  1178/1178/1178 1174/1174/1174 1177/1177/1177
f  1177/1177/1177 1179/1179/1179 1178/1178/1178
f  1178/1178/1178 1180/1180/1180 1181/1181/1181
f  1182/1182/1182 1178/1178/1178 1181/1181/1181
f  1174/1174/1174 1178/1178/1178 1183/1183/1183
f  1183/1183/1183 1178/1178/1178 1182/1182/1182
f  1184/1184/1184 1185/1185/1185 1186/1186/1186
f  1187/1187/1187 1184/1184/1184 1186/1186/1186
f  1188/1188/1188 1184/1184/1184 1187/1187/1187
f  1186/1186/1186 1189/1189/1189 1187/1187/1187
f  1190/1190/1190 1183/1183/1183 1182/1182/1182
f  1188/1188/1188 1191/1191/1191 1190/1190/1190
f  1190/1190/1190 1182/1182/1182 1192/1192/1192
f  1192/1192/1192 1188/1188/1188 1190/1190/1190
f  1192/1192/1192 1184/1184/1184 1188/1188/1188
f  1179/1179/1179 1177/1177/1177 1193/1193/1193
f  1194/1194/1194 1179/1179/1179 1193/1193/1193

g
v  3328.000000 -3744.000000 32.000000
v  3328.000000 -3968.000000 32.000000
v  3200.000000 -3968.000000 32.000000
v  3200.000000 -3744.000000 32.000000
v  2368.000000 -3968.000000 -24.000000
v  2368.000000 -4096.000000 -24.000000
v  2240.000000 -4096.000000 -24.000000
v  2240.000000 -3968.000000 -24.000000

vt  52.000000 58.500000 0.000000
vt  52.000000 62.000000 0.000000
vt  50.000000 62.000000 0.000000
vt  50.000000 58.500000 0.000000
vt  37.000000 62.000000 0.000000
vt  37.000000 64.000000 0.000000
vt  35.000000 64.000000 0.000000
vt  35.000000 62.000000 0.000000

vn  0.000000 0.000000 -1.000000
vn  0.000000 0.000000 -1.000000
vn  0.000000 0.000000 -1.000000
vn  0.000000 0.000000 -1.000000
vn  0.000000 0.000000 -1.000000
vn  0.000000 0.000000 -1.000000
vn  0.000000 0.000000 -1.000000
vn  0.000000 0.000000 -1.000000

g rdmobj20
usemtl TLITE6_6
f  1195/1195/1195 1196/1196/1196 1197/1197/1197
f  1198/1198/1198 1195/1195/1195 1197/1197/1197
f  1199/1199/1199 1200/1200/1200 1201/1201/1201
f  1202/1202/1202 1199/1199/1199 1201/1201/1201

g
v  3024.000000 -4592.000000 56.000000
v  3024.000000 -4600.000000 56.000000
v  2992.000000 -4600.000000 56.000000
v  2992.000000 -4592.000000 56.000000
v  3024.000000 -4840.000000 72.000000
v  3024.000000 -4848.000000 72.000000
v  2992.000000 -4848.000000 72.000000
v  2992.000000 -4840.000000 72.000000

vt  47.250000 71.750000 0.000000
vt  47.250000 71.875000 0.000000
vt  46.750000 71.875000 0.000000
vt  46.750000 71.750000 0.000000
vt  47.250000 75.625000 0.000000
vt  47.250000 75.750000 0.000000
vt  46.750000 75.750000 0.000000
vt  46.750000 75.625000 0.000000

vn  0.000000 0.000000 -1.000000
vn  0.000000 0.000000 -1.000000
vn  0.000000 0.000000 -1.000000
vn  0.000000 0.000000 -1.000000
vn  0.000000 0.000000 -1.000000
vn  0.000000 0.000000 -1.000000
vn  0.000000 0.000000 -1.000000
vn  0.000000 0.000000 -1.000000

g rdmobj21
usemtl FLAT23
f  1203/1203/1203 1204/1204/1204 1205/1205/1205
f  1206/1206/1206 1203/1203/1203 1205/1205/1205
f  1207/1207/1207 1208/1208/1208 1209/1209/1209
f  1210/1210/1210 1207/1207/1207 1209/1209/1209

g
v  1024.000000 -3680.000000 0.000000
v  1024.000000 -3680.000000 72.000000
v  1088.000000 -3680.000000 72.000000
v  1088.000000 -3680.000000 0.000000

vt  1.000000 1.000000 0.000000
vt  1.000000 0.000000 0.000000
vt  0.000000 0.000000 0.000000
vt  0.000000 1.000000 0.000000

vn  0.000000 1.000000 0.000000
vn  0.000000 1.000000 0.000000
vn  0.000000 1.000000 0.000000
vn  0.000000 1.000000 0.000000

g rdmobj22
usemtl DOOR3
f  1211/1211/1211 1212/1212/1212 1213/1213/1213
f  1214/1214/1214 1211/1211/1211 1213/1213/1213

g
v  1024.000000 -3648.000000 0.000000
v  1024.000000 -3648.000000 72.000000
v  1024.000000 -3680.000000 72.000000
v  1024.000000 -3680.000000 0.000000
v  1088.000000 -3680.000000 0.000000
v  1088.000000 -3680.000000 72.000000
v  1088.000000 -3648.000000 72.000000
v  1088.000000 -3648.000000 0.000000
v  3072.000000 -4608.000000 -24.000000
v  3072.000000 -4608.000000 72.000000
v  3072.000000 -4544.000000 72.000000
v  3072.000000 -4544.000000 -24.000000
v  2944.000000 -4544.000000 -24.000000
v  2944.000000 -4544.000000 72.000000
v  2944.000000 -4608.000000 72.000000
v  2944.000000 -4608.000000 -24.000000
v  1600.000000 -2368.000000 32.000000
v  1600.000000 -2368.000000 88.000000
v  1664.000000 -2368.000000 88.000000
v  1664.000000 -2368.000000 32.000000
v  1664.000000 -2624.000000 32.000000
v  1664.000000 -2624.000000 88.000000
v  1600.000000 -2624.000000 88.000000
v  1600.000000 -2624.000000 32.000000
v  2496.000000 -2496.000000 32.000000
v  2496.000000 -2496.000000 88.000000
v  2560.000000 -2496.000000 88.000000
v  2560.000000 -2496.000000 32.000000
v  2176.000000 -2816.000000 32.000000
v  2176.000000 -2816.000000 88.000000
v  2176.000000 -2752.000000 88.000000
v  2176.000000 -2752.000000 32.000000
v  1664.000000 -2048.000000 32.000000
v  1664.000000 -2048.000000 88.000000
v  1600.000000 -2048.000000 88.000000
v  1600.000000 -2048.000000 32.000000
v  2560.000000 -2048.000000 32.000000
v  2560.000000 -2048.000000 88.000000
v  2496.000000 -2048.000000 88.000000
v  2496.000000 -2048.000000 32.000000
v  2560.000000 -2112.000000 32.000000
v  2560.000000 -2112.000000 88.000000
v  2560.000000 -2048.000000 88.000000
v  2560.000000 -2048.000000 32.000000
v  1600.000000 -2048.000000 32.000000
v  1600.000000 -2048.000000 88.000000
v  1600.000000 -2112.000000 88.000000
v  1600.000000 -2112.000000 32.000000
v  1600.000000 -2816.000000 32.000000
v  1600.000000 -2816.000000 88.000000
v  1664.000000 -2816.000000 88.000000
v  1664.000000 -2816.000000 32.000000
v  1600.000000 -2752.000000 32.000000
v  1600.000000 -2752.000000 88.000000
v  1600.000000 -2816.000000 88.000000
v  1600.000000 -2816.000000 32.000000

vt  1.000000 0.562500 0.000000
vt  1.000000 0.000000 0.000000
vt  0.000000 0.000000 0.000000
vt  0.000000 0.562500 0.000000
vt  1.000000 0.562500 0.000000
vt  1.000000 0.000000 0.000000
vt  0.000000 0.000000 0.000000
vt  0.000000 0.562500 0.000000
vt  2.000000 0.750000 0.000000
vt  2.000000 0.000000 0.000000
vt  0.000000 0.000000 0.000000
vt  0.000000 0.750000 0.000000
vt  2.000000 0.750000 0.000000
vt  2.000000 0.000000 0.000000
vt  0.000000 0.000000 0.000000
vt  0.000000 0.750000 0.000000
vt  2.000000 0.687500 0.000000
vt  2.000000 0.250000 0.000000
vt  0.000000 0.250000 0.000000
vt  0.000000 0.687500 0.000000
vt  2.000000 0.687500 0.000000
vt  2.000000 0.250000 0.000000
vt  0.000000 0.250000 0.000000
vt  0.000000 0.687500 0.000000
vt  2.000000 0.687500 0.000000
vt  2.000000 0.250000 0.000000
vt  0.000000 0.250000 0.000000
vt  0.000000 0.687500 0.000000
vt  2.000000 0.687500 0.000000
vt  2.000000 0.250000 0.000000
vt  0.000000 0.250000 0.000000
vt  0.000000 0.687500 0.000000
vt  2.000000 0.687500 0.000000
vt  2.000000 0.250000 0.000000
vt  0.000000 0.250000 0.000000
vt  0.000000 0.687500 0.000000
vt  2.000000 0.687500 0.000000
vt  2.000000 0.250000 0.000000
vt  0.000000 0.250000 0.000000
vt  0.000000 0.687500 0.000000
vt  2.000000 0.687500 0.000000
vt  2.000000 0.250000 0.000000
vt  0.000000 0.250000 0.000000
vt  0.000000 0.687500 0.000000
vt  2.000000 0.687500 0.000000
vt  2.000000 0.250000 0.000000
vt  0.000000 0.250000 0.000000
vt  0.000000 0.687500 0.000000
vt  2.000000 0.687500 0.000000
vt  2.000000 0.250000 0.000000
vt  0.000000 0.250000 0.000000
vt  0.000000 0.687500 0.000000
vt  2.000000 0.687500 0.000000
vt  2.000000 0.250000 0.000000
vt  0.000000 0.250000 0.000000
vt  0.000000 0.687500 0.000000

vn  1.000000 0.000000 0.000000
vn  1.000000 0.000000 0.000000
vn  1.000000 0.000000 0.000000
vn  1.000000 0.000000 0.000000
vn  -1.000000 0.000000 0.000000
vn  -1.000000 0.000000 0.000000
vn  -1.000000 0.000000 0.000000
vn  -1.000000 0.000000 0.000000
vn  -1.000000 0.000000 0.000000
vn  -1.000000 0.000000 0.000000
vn  -1.000000 0.000000 0.000000
vn  -1.000000 0.000000 0.000000
vn  1.000000 0.000000 0.000000
vn  1.000000 0.000000 0.000000
vn  1.000000 0.000000 0.000000
vn  1.000000 0.000000 0.000000
vn  0.000000 1.000000 0.000000
vn  0.000000 1.000000 0.000000
vn  0.000000 1.000000 0.000000
vn  0.000000 1.000000 0.000000
vn  0.000000 -1.000000 0.000000
vn  0.000000 -1.000000 0.000000
vn  0.000000 -1.000000 0.000000
vn  0.000000 -1.000000 0.000000
vn  0.000000 1.000000 0.000000
vn  0.000000 1.000000 0.000000
vn  0.000000 1.000000 0.000000
vn  0.000000 1.000000 0.000000
vn  -1.000000 0.000000 0.000000
vn  -1.000000 0.000000 0.000000
vn  -1.000000 0.000000 0.000000
vn  -1.000000 0.000000 0.000000
vn  0.000000 -1.000000 0.000000
vn  0.000000 -1.000000 0.000000
vn  0.447214 -0.894427 0.000000
vn  0.894427 -0.447214 0.000000
vn  -0.447214 -0.894427 0.000000
vn  -0.894427 -0.447214 0.000000
vn  0.000000 -1.000000 0.000000
vn  0.000000 -1.000000 0.000000
vn  -1.000000 0.000000 0.000000
vn  -1.000000 0.000000 0.000000
vn  -0.894427 -0.447214 0.000000
vn  -0.447214 -0.894427 0.000000
vn  0.894427 -0.447214 0.000000
vn  0.447214 -0.894427 0.000000
vn  1.000000 0.000000 0.000000
vn  1.000000 0.000000 0.000000
vn  0.447214 0.894427 0.000000
vn  0.894427 0.447214 0.000000
vn  0.000000 1.000000 0.000000
vn  0.000000 1.000000 0.000000
vn  1.000000 0.000000 0.000000
vn  1.000000 0.000000 0.000000
vn  0.894427 0.447214 0.000000
vn  0.447214 0.894427 0.000000

g rdmobj23
usemtl LITE3
f  1215/1215/1215 1216/1216/1216 1217/1217/1217
f  1218/1218/1218 1215/1215/1215 1217/1217/1217
f  1219/1219/1219 1220/1220/1220 1221/1221/1221
f  1222/1222/1222 1219/1219/1219 1221/1221/1221
f  1223/1223/1223 1224/1224/1224 1225/1225/1225
f  1226/1226/1226 1223/1223/1223 1225/1225/1225
f  1227/1227/1227 1228/1228/1228 1229/1229/1229
f  1230/1230/1230 1227/1227/1227 1229/1229/1229
f  1231/1231/1231 1232/1232/1232 1233/1233/1233
f  1234/1234/1234 1231/1231/1231 1233/1233/1233
f  1235/1235/1235 1236/1236/1236 1237/1237/1237
f  1238/1238/1238 1235/1235/1235 1237/1237/1237
f  1239/1239/1239 1240/1240/1240 1241/1241/1241
f  1242/1242/1242 1239/1239/1239 1241/1241/1241
f  1243/1243/1243 1244/1244/1244 1245/1245/1245
f  1246/1246/1246 1243/1243/1243 1245/1245/1245
f  1247/1247/1247 1248/1248/1248 1249/1249/1249
f  1250/1250/1250 1247/1247/1247 1249/1249/1249
f  1251/1251/1251 1252/1252/1252 1253/1253/1253
f  1254/1254/1254 1251/1251/1251 1253/1253/1253
f  1255/1255/1255 1256/1256/1256 1257/1257/1257
f  1258/1258/1258 1255/1255/1255 1257/1257/1257
f  1259/1259/1259 1260/1260/1260 1261/1261/1261
f  1262/1262/1262 1259/1259/1259 1261/1261/1261
f  1263/1263/1263 1264/1264/1264 1265/1265/1265
f  1266/1266/1266 1263/1263/1263 1265/1265/1265
f  1267/1267/1267 1268/1268/1268 1269/1269/1269
f  1270/1270/1270 1267/1267/1267 1269/1269/1269

g
v  1088.000000 -3648.000000 0.000000
v  1088.000000 -3648.000000 72.000000
v  1152.000000 -3648.000000 72.000000
v  1152.000000 -3648.000000 0.000000
v  960.000000 -3648.000000 0.000000
v  960.000000 -3648.000000 72.000000
v  1024.000000 -3648.000000 72.000000
v  1024.000000 -3648.000000 0.000000
v  1152.000000 -3648.000000 0.000000
v  1152.000000 -3648.000000 72.000000
v  1280.000000 -3552.000000 72.000000
v  1280.000000 -3552.000000 0.000000
v  832.000000 -3552.000000 0.000000
v  832.000000 -3552.000000 72.000000
v  960.000000 -3648.000000 72.000000
v  960.000000 -3648.000000 0.000000
v  1280.000000 -3552.000000 0.000000
v  1280.000000 -3552.000000 72.000000
v  1344.000000 -3552.000000 72.000000
v  1344.000000 -3552.000000 0.000000
v  704.000000 -3552.000000 0.000000
v  704.000000 -3552.000000 72.000000
v  832.000000 -3552.000000 72.000000
v  832.000000 -3552.000000 0.000000
v  1344.000000 -3552.000000 0.000000
v  1344.000000 -3552.000000 72.000000
v  1344.000000 -3360.000000 72.000000
v  1344.000000 -3360.000000 0.000000
v  1344.000000 -3360.000000 192.000000
v  1344.000000 -3360.000000 200.000000
v  1344.000000 -3264.000000 200.000000
v  1344.000000 -3264.000000 192.000000
v  1344.000000 -3360.000000 -16.000000
v  1344.000000 -3360.000000 8.000000
v  1344.000000 -3264.000000 8.000000
v  1344.000000 -3264.000000 -16.000000
v  1344.000000 -3264.000000 -16.000000
v  1344.000000 -3264.000000 200.000000
v  1344.000000 -3200.000000 200.000000
v  1344.000000 -3200.000000 -16.000000
v  1344.000000 -3104.000000 0.000000
v  1344.000000 -3104.000000 72.000000
v  1344.000000 -2880.000000 72.000000
v  1344.000000 -2880.000000 0.000000
v  1344.000000 -3200.000000 192.000000
v  1344.000000 -3200.000000 200.000000
v  1344.000000 -3104.000000 200.000000
v  1344.000000 -3104.000000 192.000000
v  1344.000000 -3200.000000 -16.000000
v  1344.000000 -3200.000000 8.000000
v  1344.000000 -3104.000000 8.000000
v  1344.000000 -3104.000000 -16.000000
v  1376.000000 -3104.000000 192.000000
v  1376.000000 -3104.000000 216.000000
v  1376.000000 -3200.000000 216.000000
v  1376.000000 -3200.000000 192.000000
v  1376.000000 -3104.000000 -56.000000
v  1376.000000 -3104.000000 8.000000
v  1376.000000 -3200.000000 8.000000
v  1376.000000 -3200.000000 -56.000000
v  1376.000000 -3264.000000 192.000000
v  1376.000000 -3264.000000 216.000000
v  1376.000000 -3360.000000 216.000000
v  1376.000000 -3360.000000 192.000000
v  1376.000000 -3264.000000 -56.000000
v  1376.000000 -3264.000000 8.000000
v  1376.000000 -3360.000000 8.000000
v  1376.000000 -3360.000000 -56.000000
v  1376.000000 -3200.000000 -56.000000
v  1376.000000 -3200.000000 216.000000
v  1376.000000 -3264.000000 216.000000
v  1376.000000 -3264.000000 -56.000000
v  1376.000000 -3360.000000 -56.000000
v  1376.000000 -3360.000000 216.000000
v  1376.000000 -3648.000000 216.000000
v  1376.000000 -3648.000000 -56.000000
v  1376.000000 -2944.000000 -56.000000
v  1376.000000 -2944.000000 216.000000
v  1376.000000 -3104.000000 216.000000
v  1376.000000 -3104.000000 -56.000000
v  1216.000000 -3392.000000 72.000000
v  1216.000000 -3392.000000 200.000000
v  1344.000000 -3360.000000 200.000000
v  1344.000000 -3360.000000 72.000000
v  1344.000000 -3104.000000 72.000000
v  1344.000000 -3104.000000 200.000000
v  1216.000000 -3072.000000 200.000000
v  1216.000000 -3072.000000 72.000000
v  832.000000 -2944.000000 0.000000
v  832.000000 -2944.000000 72.000000
v  704.000000 -2944.000000 72.000000
v  704.000000 -2944.000000 0.000000
v  968.000000 -2880.000000 0.000000
v  968.000000 -2880.000000 72.000000
v  832.000000 -2944.000000 72.000000
v  832.000000 -2944.000000 0.000000
v  1216.000000 -2880.000000 0.000000
v  1216.000000 -2880.000000 72.000000
v  968.000000 -2880.000000 72.000000
v  968.000000 -2880.000000 0.000000
v  1472.000000 -2880.000000 -56.000000
v  1472.000000 -2880.000000 216.000000
v  1376.000000 -2944.000000 216.000000
v  1376.000000 -2944.000000 -56.000000
v  1856.000000 -2880.000000 -56.000000
v  1856.000000 -2880.000000 216.000000
v  1472.000000 -2880.000000 216.000000
v  1472.000000 -2880.000000 -56.000000
v  1184.000000 -3104.000000 120.000000
v  1184.000000 -3104.000000 200.000000
v  928.000000 -3104.000000 200.000000
v  928.000000 -3104.000000 120.000000
v  928.000000 -3360.000000 120.000000
v  928.000000 -3360.000000 200.000000
v  1184.000000 -3360.000000 200.000000
v  1184.000000 -3360.000000 120.000000
v  928.000000 -3104.000000 120.000000
v  928.000000 -3104.000000 200.000000
v  928.000000 -3360.000000 200.000000
v  928.000000 -3360.000000 120.000000
v  704.000000 -3360.000000 0.000000
v  704.000000 -3360.000000 72.000000
v  704.000000 -3552.000000 72.000000
v  704.000000 -3552.000000 0.000000
v  704.000000 -2944.000000 0.000000
v  704.000000 -2944.000000 72.000000
v  704.000000 -3104.000000 72.000000
v  704.000000 -3104.000000 0.000000
v  704.000000 -3360.000000 72.000000
v  704.000000 -3360.000000 120.000000
v  704.000000 -3104.000000 120.000000
v  704.000000 -3104.000000 72.000000
v  512.000000 -3304.000000 -8.000000
v  512.000000 -3304.000000 120.000000
v  512.000000 -3328.000000 120.000000
v  512.000000 -3328.000000 -8.000000
v  512.000000 -3136.000000 -8.000000
v  512.000000 -3136.000000 120.000000
v  512.000000 -3160.000000 120.000000
v  512.000000 -3160.000000 -8.000000
v  680.000000 -3104.000000 -8.000000
v  680.000000 -3104.000000 120.000000
v  512.000000 -3136.000000 120.000000
v  512.000000 -3136.000000 -8.000000
v  512.000000 -3328.000000 -8.000000
v  512.000000 -3328.000000 120.000000
v  680.000000 -3360.000000 120.000000
v  680.000000 -3360.000000 -8.000000
v  -320.000000 -3296.000000 104.000000
v  -320.000000 -3296.000000 264.000000
v  -256.000000 -3328.000000 264.000000
v  -256.000000 -3328.000000 104.000000
v  -256.000000 -3136.000000 104.000000
v  -256.000000 -3136.000000 264.000000
v  -320.000000 -3168.000000 264.000000
v  -320.000000 -3168.000000 104.000000
v  -336.000000 -3120.000000 0.000000
v  -336.000000 -3120.000000 264.000000
v  -256.000000 -3120.000000 264.000000
v  -256.000000 -3120.000000 0.000000
v  -336.000000 -3168.000000 0.000000
v  -336.000000 -3168.000000 264.000000
v  -336.000000 -3120.000000 264.000000
v  -336.000000 -3120.000000 0.000000
v  -336.000000 -3344.000000 0.000000
v  -336.000000 -3344.000000 264.000000
v  -336.000000 -3296.000000 264.000000
v  -336.000000 -3296.000000 0.000000
v  -256.000000 -3344.000000 0.000000
v  -256.000000 -3344.000000 264.000000
v  -336.000000 -3344.000000 264.000000
v  -336.000000 -3344.000000 0.000000
v  -96.000000 -3344.000000 0.000000
v  -96.000000 -3344.000000 264.000000
v  -128.000000 -3344.000000 264.000000
v  -128.000000 -3344.000000 0.000000
v  64.000000 -3520.000000 0.000000
v  64.000000 -3520.000000 264.000000
v  -96.000000 -3344.000000 264.000000
v  -96.000000 -3344.000000 0.000000
v  -128.000000 -3120.000000 0.000000
v  -128.000000 -3120.000000 264.000000
v  -96.000000 -3120.000000 264.000000
v  -96.000000 -3120.000000 0.000000
v  -96.000000 -3120.000000 0.000000
v  -96.000000 -3120.000000 264.000000
v  64.000000 -2944.000000 264.000000
v  64.000000 -2944.000000 0.000000
v  -256.000000 -3328.000000 240.000000
v  -256.000000 -3328.000000 264.000000
v  -128.000000 -3328.000000 264.000000
v  -128.000000 -3328.000000 240.000000
v  -256.000000 -3328.000000 104.000000
v  -256.000000 -3328.000000 136.000000
v  -128.000000 -3328.000000 136.000000
v  -128.000000 -3328.000000 104.000000
v  -128.000000 -3344.000000 240.000000
v  -128.000000 -3344.000000 264.000000
v  -256.000000 -3344.000000 264.000000
v  -256.000000 -3344.000000 240.000000
v  -128.000000 -3344.000000 0.000000
v  -128.000000 -3344.000000 136.000000
v  -256.000000 -3344.000000 136.000000
v  -256.000000 -3344.000000 0.000000
v  -128.000000 -3136.000000 240.000000
v  -128.000000 -3136.000000 264.000000
v  -256.000000 -3136.000000 264.000000
v  -256.000000 -3136.000000 240.000000
v  -128.000000 -3136.000000 104.000000
v  -128.000000 -3136.000000 136.000000
v  -256.000000 -3136.000000 136.000000
v  -256.000000 -3136.000000 104.000000
v  -256.000000 -3120.000000 240.000000
v  -256.000000 -3120.000000 264.000000
v  -128.000000 -3120.000000 264.000000
v  -128.000000 -3120.000000 240.000000
v  -256.000000 -3120.000000 0.000000
v  -256.000000 -3120.000000 136.000000
v  -128.000000 -3120.000000 136.000000
v  -128.000000 -3120.000000 0.000000
v  -320.000000 -3168.000000 240.000000
v  -320.000000 -3168.000000 264.000000
v  -320.000000 -3296.000000 264.000000
v  -320.000000 -3296.000000 240.000000
v  -320.000000 -3168.000000 104.000000
v  -320.000000 -3168.000000 136.000000
v  -320.000000 -3296.000000 136.000000
v  -320.000000 -3296.000000 104.000000
v  -336.000000 -3296.000000 240.000000
v  -336.000000 -3296.000000 264.000000
v  -336.000000 -3168.000000 264.000000
v  -336.000000 -3168.000000 240.000000
v  -336.000000 -3296.000000 0.000000
v  -336.000000 -3296.000000 136.000000
v  -336.000000 -3168.000000 136.000000
v  -336.000000 -3168.000000 0.000000
v  64.000000 -2944.000000 0.000000
v  64.000000 -2944.000000 264.000000
v  64.000000 -2816.000000 264.000000
v  64.000000 -2816.000000 0.000000
v  64.000000 -3648.000000 0.000000
v  64.000000 -3648.000000 264.000000
v  64.000000 -3520.000000 264.000000
v  64.000000 -3520.000000 0.000000
v  -88.000000 -3136.000000 104.000000
v  -88.000000 -3136.000000 264.000000
v  -128.000000 -3136.000000 264.000000
v  -128.000000 -3136.000000 104.000000
v  -128.000000 -3328.000000 104.000000
v  -128.000000 -3328.000000 264.000000
v  -88.000000 -3328.000000 264.000000
v  -88.000000 -3328.000000 104.000000
v  1248.000000 -2528.000000 0.000000
v  1248.000000 -2528.000000 144.000000
v  1216.000000 -2880.000000 144.000000
v  1216.000000 -2880.000000 0.000000
v  1344.000000 -2880.000000 0.000000
v  1344.000000 -2880.000000 144.000000
v  1384.000000 -2592.000000 144.000000
v  1384.000000 -2592.000000 0.000000
v  1384.000000 -2592.000000 0.000000
v  1384.000000 -2592.000000 144.000000
v  1472.000000 -2560.000000 144.000000
v  1472.000000 -2560.000000 0.000000
v  1472.000000 -2432.000000 0.000000
v  1472.000000 -2432.000000 144.000000
v  1248.000000 -2528.000000 144.000000
v  1248.000000 -2528.000000 0.000000
v  1216.000000 -2880.000000 72.000000
v  1216.000000 -2880.000000 144.000000
v  1344.000000 -2880.000000 144.000000
v  1344.000000 -2880.000000 72.000000
v  1472.000000 -2560.000000 88.000000
v  1472.000000 -2560.000000 144.000000
v  1472.000000 -2432.000000 144.000000
v  1472.000000 -2432.000000 88.000000
v  1472.000000 -2560.000000 0.000000
v  1472.000000 -2560.000000 88.000000
v  1536.000000 -2560.000000 88.000000
v  1536.000000 -2560.000000 0.000000
v  1536.000000 -2432.000000 0.000000
v  1536.000000 -2432.000000 88.000000
v  1472.000000 -2432.000000 88.000000
v  1472.000000 -2432.000000 0.000000
v  1920.000000 -2920.000000 -56.000000
v  1920.000000 -2920.000000 216.000000
v  1856.000000 -2880.000000 216.000000
v  1856.000000 -2880.000000 -56.000000
v  2240.000000 -2920.000000 -56.000000
v  2240.000000 -2920.000000 216.000000
v  1920.000000 -2920.000000 216.000000
v  1920.000000 -2920.000000 -56.000000
v  2736.000000 -3648.000000 -56.000000
v  2736.000000 -3648.000000 216.000000
v  2736.000000 -3360.000000 216.000000
v  2736.000000 -3360.000000 -56.000000
v  2240.000000 -3648.000000 24.000000
v  2240.000000 -3648.000000 216.000000
v  2736.000000 -3648.000000 216.000000
v  2736.000000 -3648.000000 24.000000
v  1984.000000 -3648.000000 64.000000
v  1984.000000 -3648.000000 216.000000
v  2240.000000 -3648.000000 216.000000
v  2240.000000 -3648.000000 64.000000
v  1376.000000 -3648.000000 24.000000
v  1376.000000 -3648.000000 216.000000
v  1984.000000 -3648.000000 216.000000
v  1984.000000 -3648.000000 24.000000
v  1984.000000 -3776.000000 64.000000
v  1984.000000 -3776.000000 24.000000
v  1984.000000 -3648.000000 24.000000
v  1984.000000 -3648.000000 64.000000
v  2240.000000 -3648.000000 64.000000
v  2240.000000 -3648.000000 24.000000
v  2240.000000 -3776.000000 24.000000
v  2240.000000 -3776.000000 64.000000
v  2272.000000 -3008.000000 -56.000000
v  2272.000000 -3008.000000 216.000000
v  2240.000000 -2920.000000 216.000000
v  2240.000000 -2920.000000 -56.000000
v  2432.000000 -3112.000000 -56.000000
v  2432.000000 -3112.000000 216.000000
v  2272.000000 -3008.000000 216.000000
v  2272.000000 -3008.000000 -56.000000
v  2736.000000 -3112.000000 -56.000000
v  2736.000000 -3112.000000 216.000000
v  2432.000000 -3112.000000 216.000000
v  2432.000000 -3112.000000 -56.000000
v  2736.000000 -3360.000000 136.000000
v  2736.000000 -3360.000000 216.000000
v  2736.000000 -3112.000000 216.000000
v  2736.000000 -3112.000000 136.000000
v  2736.000000 -3360.000000 -56.000000
v  2736.000000 -3360.000000 0.000000
v  2736.000000 -3112.000000 0.000000
v  2736.000000 -3112.000000 -56.000000

vt  0.500000 0.562500 0.000000
vt  0.500000 0.000000 0.000000
vt  0.000000 0.000000 0.000000
vt  0.000000 0.562500 0.000000
vt  0.500000 0.562500 0.000000
vt  0.500000 0.000000 0.000000
vt  0.000000 0.000000 0.000000
vt  0.000000 0.562500 0.000000
vt  1.250000 0.562500 0.000000
vt  1.250000 0.000000 0.000000
vt  0.000000 0.000000 0.000000
vt  0.000000 0.562500 0.000000
vt  1.250000 0.562500 0.000000
vt  1.250000 0.000000 0.000000
vt  0.000000 0.000000 0.000000
vt  0.000000 0.562500 0.000000
vt  0.500000 0.562500 0.000000
vt  0.500000 0.000000 0.000000
vt  0.000000 0.000000 0.000000
vt  0.000000 0.562500 0.000000
vt  1.000000 0.562500 0.000000
vt  1.000000 0.000000 0.000000
vt  0.000000 0.000000 0.000000
vt  0.000000 0.562500 0.000000
vt  1.500000 0.562500 0.000000
vt  1.500000 0.000000 0.000000
vt  0.000000 0.000000 0.000000
vt  0.000000 0.562500 0.000000
vt  0.750000 0.062500 0.000000
vt  0.750000 0.000000 0.000000
vt  0.000000 0.000000 0.000000
vt  0.000000 0.062500 0.000000
vt  0.750000 1.687500 0.000000
vt  0.750000 1.500000 0.000000
vt  0.000000 1.500000 0.000000
vt  0.000000 1.687500 0.000000
vt  0.500000 1.687500 0.000000
vt  0.500000 0.000000 0.000000
vt  0.000000 0.000000 0.000000
vt  0.000000 1.687500 0.000000
vt  1.750000 0.562500 0.000000
vt  1.750000 0.000000 0.000000
vt  0.000000 0.000000 0.000000
vt  0.000000 0.562500 0.000000
vt  0.750000 0.062500 0.000000
vt  0.750000 0.000000 0.000000
vt  0.000000 0.000000 0.000000
vt  0.000000 0.062500 0.000000
vt  0.750000 1.687500 0.000000
vt  0.750000 1.500000 0.000000
vt  0.000000 1.500000 0.000000
vt  0.000000 1.687500 0.000000
vt  0.750000 0.187500 0.000000
vt  0.750000 0.000000 0.000000
vt  0.000000 0.000000 0.000000
vt  0.000000 0.187500 0.000000
vt  0.750000 2.125000 0.000000
vt  0.750000 1.625000 0.000000
vt  0.000000 1.625000 0.000000
vt  0.000000 2.125000 0.000000
vt  0.750000 0.187500 0.000000
vt  0.750000 0.000000 0.000000
vt  0.000000 0.000000 0.000000
vt  0.000000 0.187500 0.000000
vt  0.750000 2.125000 0.000000
vt  0.750000 1.625000 0.000000
vt  0.000000 1.625000 0.000000
vt  0.000000 2.125000 0.000000
vt  0.500000 2.125000 0.000000
vt  0.500000 0.000000 0.000000
vt  0.000000 0.000000 0.000000
vt  0.000000 2.125000 0.000000
vt  2.250000 2.125000 0.000000
vt  2.250000 0.000000 0.000000
vt  0.000000 0.000000 0.000000
vt  0.000000 2.125000 0.000000
vt  1.250000 2.125000 0.000000
vt  1.250000 0.000000 0.000000
vt  0.000000 0.000000 0.000000
vt  0.000000 2.125000 0.000000
vt  1.030776 1.000000 0.000000
vt  1.030776 0.000000 0.000000
vt  0.000000 0.000000 0.000000
vt  0.000000 1.000000 0.000000
vt  1.030776 1.000000 0.000000
vt  1.030776 0.000000 0.000000
vt  0.000000 0.000000 0.000000
vt  0.000000 1.000000 0.000000
vt  1.000000 0.562500 0.000000
vt  1.000000 0.000000 0.000000
vt  0.000000 0.000000 0.000000
vt  0.000000 0.562500 0.000000
vt  1.174268 0.562500 0.000000
vt  1.174268 0.000000 0.000000
vt  0.000000 0.000000 0.000000
vt  0.000000 0.562500 0.000000
vt  1.937500 0.562500 0.000000
vt  1.937500 0.000000 0.000000
vt  0.000000 0.000000 0.000000
vt  0.000000 0.562500 0.000000
vt  0.901388 2.125000 0.000000
vt  0.901388 0.000000 0.000000
vt  0.000000 0.000000 0.000000
vt  0.000000 2.125000 0.000000
vt  3.000000 2.125000 0.000000
vt  3.000000 0.000000 0.000000
vt  0.000000 0.000000 0.000000
vt  0.000000 2.125000 0.000000
vt  2.000000 0.625000 0.000000
vt  2.000000 0.000000 0.000000
vt  0.000000 0.000000 0.000000
vt  0.000000 0.625000 0.000000
vt  2.000000 0.625000 0.000000
vt  2.000000 0.000000 0.000000
vt  0.000000 0.000000 0.000000
vt  0.000000 0.625000 0.000000
vt  2.000000 0.625000 0.000000
vt  2.000000 0.000000 0.000000
vt  0.000000 0.000000 0.000000
vt  0.000000 0.625000 0.000000
vt  1.500000 0.562500 0.000000
vt  1.500000 0.000000 0.000000
vt  0.000000 0.000000 0.000000
vt  0.000000 0.562500 0.000000
vt  1.250000 0.562500 0.000000
vt  1.250000 0.000000 0.000000
vt  0.000000 0.000000 0.000000
vt  0.000000 0.562500 0.000000
vt  2.000000 0.375000 0.000000
vt  2.000000 0.000000 0.000000
vt  0.000000 0.000000 0.000000
vt  0.000000 0.375000 0.000000
vt  0.187500 1.000000 0.000000
vt  0.187500 0.000000 0.000000
vt  0.000000 0.000000 0.000000
vt  0.000000 1.000000 0.000000
vt  0.187500 1.000000 0.000000
vt  0.187500 0.000000 0.000000
vt  0.000000 0.000000 0.000000
vt  0.000000 1.000000 0.000000
vt  1.336097 1.000000 0.000000
vt  1.336097 0.000000 0.000000
vt  0.000000 0.000000 0.000000
vt  0.000000 1.000000 0.000000
vt  1.336097 1.000000 0.000000
vt  1.336097 0.000000 0.000000
vt  0.000000 0.000000 0.000000
vt  0.000000 1.000000 0.000000
vt  0.559017 1.250000 0.000000
vt  0.559017 0.000000 0.000000
vt  0.000000 0.000000 0.000000
vt  0.000000 1.250000 0.000000
vt  0.559017 1.250000 0.000000
vt  0.559017 0.000000 0.000000
vt  0.000000 0.000000 0.000000
vt  0.000000 1.250000 0.000000
vt  0.625000 2.062500 0.000000
vt  0.625000 0.000000 0.000000
vt  0.000000 0.000000 0.000000
vt  0.000000 2.062500 0.000000
vt  0.375000 2.062500 0.000000
vt  0.375000 0.000000 0.000000
vt  0.000000 0.000000 0.000000
vt  0.000000 2.062500 0.000000
vt  0.375000 2.062500 0.000000
vt  0.375000 0.000000 0.000000
vt  0.000000 0.000000 0.000000
vt  0.000000 2.062500 0.000000
vt  0.625000 2.062500 0.000000
vt  0.625000 0.000000 0.000000
vt  0.000000 0.000000 0.000000
vt  0.000000 2.062500 0.000000
vt  0.250000 2.062500 0.000000
vt  0.250000 0.000000 0.000000
vt  0.000000 0.000000 0.000000
vt  0.000000 2.062500 0.000000
vt  1.858259 2.062500 0.000000
vt  1.858259 0.000000 0.000000
vt  0.000000 0.000000 0.000000
vt  0.000000 2.062500 0.000000
vt  0.250000 2.062500 0.000000
vt  0.250000 0.000000 0.000000
vt  0.000000 0.000000 0.000000
vt  0.000000 2.062500 0.000000
vt  1.858259 2.062500 0.000000
vt  1.858259 0.000000 0.000000
vt  0.000000 0.000000 0.000000
vt  0.000000 2.062500 0.000000
vt  1.000000 0.187500 0.000000
vt  1.000000 0.000000 0.000000
vt  0.000000 0.000000 0.000000
vt  0.000000 0.187500 0.000000
vt  1.000000 1.250000 0.000000
vt  1.000000 1.000000 0.000000
vt  0.000000 1.000000 0.000000
vt  0.000000 1.250000 0.000000
vt  1.000000 0.187500 0.000000
vt  1.000000 0.000000 0.000000
vt  0.000000 0.000000 0.000000
vt  0.000000 0.187500 0.000000
vt  1.000000 2.062500 0.000000
vt  1.000000 1.000000 0.000000
vt  0.000000 1.000000 0.000000
vt  0.000000 2.062500 0.000000
vt  1.000000 0.187500 0.000000
vt  1.000000 0.000000 0.000000
vt  0.000000 0.000000 0.000000
vt  0.000000 0.187500 0.000000
vt  1.000000 1.250000 0.000000
vt  1.000000 1.000000 0.000000
vt  0.000000 1.000000 0.000000
vt  0.000000 1.250000 0.000000
vt  1.000000 0.187500 0.000000
vt  1.000000 0.000000 0.000000
vt  0.000000 0.000000 0.000000
vt  0.000000 0.187500 0.000000
vt  1.000000 2.062500 0.000000
vt  1.000000 1.000000 0.000000
vt  0.000000 1.000000 0.000000
vt  0.000000 2.062500 0.000000
vt  1.000000 0.187500 0.000000
vt  1.000000 0.000000 0.000000
vt  0.000000 0.000000 0.000000
vt  0.000000 0.187500 0.000000
vt  1.000000 1.250000 0.000000
vt  1.000000 1.000000 0.000000
vt  0.000000 1.000000 0.000000
vt  0.000000 1.250000 0.000000
vt  1.000000 0.187500 0.000000
vt  1.000000 0.000000 0.000000
vt  0.000000 0.000000 0.000000
vt  0.000000 0.187500 0.000000
vt  1.000000 2.062500 0.000000
vt  1.000000 1.000000 0.000000
vt  0.000000 1.000000 0.000000
vt  0.000000 2.062500 0.000000
vt  1.000000 2.062500 0.000000
vt  1.000000 0.000000 0.000000
vt  0.000000 0.000000 0.000000
vt  0.000000 2.062500 0.000000
vt  1.000000 2.062500 0.000000
vt  1.000000 0.000000 0.000000
vt  0.000000 0.000000 0.000000
vt  0.000000 2.062500 0.000000
vt  0.312500 1.250000 0.000000
vt  0.312500 0.000000 0.000000
vt  0.000000 0.000000 0.000000
vt  0.000000 1.250000 0.000000
vt  0.312500 1.250000 0.000000
vt  0.312500 0.000000 0.000000
vt  0.000000 0.000000 0.000000
vt  0.000000 1.250000 0.000000
vt  2.761340 1.125000 0.000000
vt  2.761340 0.000000 0.000000
vt  0.000000 0.000000 0.000000
vt  0.000000 1.125000 0.000000
vt  2.271598 1.125000 0.000000
vt  2.271598 0.000000 0.000000
vt  0.000000 0.000000 0.000000
vt  0.000000 1.125000 0.000000
vt  0.731544 1.125000 0.000000
vt  0.731544 0.000000 0.000000
vt  0.000000 0.000000 0.000000
vt  0.000000 1.125000 0.000000
vt  1.903943 1.125000 0.000000
vt  1.903943 0.000000 0.000000
vt  0.000000 0.000000 0.000000
vt  0.000000 1.125000 0.000000
vt  1.000000 0.562500 0.000000
vt  1.000000 0.000000 0.000000
vt  0.000000 0.000000 0.000000
vt  0.000000 0.562500 0.000000
vt  1.000000 0.437500 0.000000
vt  1.000000 0.000000 0.000000
vt  0.000000 0.000000 0.000000
vt  0.000000 0.437500 0.000000
vt  0.500000 1.125000 0.000000
vt  0.500000 0.437500 0.000000
vt  0.000000 0.437500 0.000000
vt  0.000000 1.125000 0.000000
vt  0.500000 1.125000 0.000000
vt  0.500000 0.437500 0.000000
vt  0.000000 0.437500 0.000000
vt  0.000000 1.125000 0.000000
vt  0.589624 2.125000 0.000000
vt  0.589624 0.000000 0.000000
vt  0.000000 0.000000 0.000000
vt  0.000000 2.125000 0.000000
vt  2.500000 2.125000 0.000000
vt  2.500000 0.000000 0.000000
vt  0.000000 0.000000 0.000000
vt  0.000000 2.125000 0.000000
vt  2.250000 2.125000 0.000000
vt  2.250000 0.000000 0.000000
vt  0.000000 0.000000 0.000000
vt  0.000000 2.125000 0.000000
vt  3.875000 1.500000 0.000000
vt  3.875000 0.000000 0.000000
vt  0.000000 0.000000 0.000000
vt  0.000000 1.500000 0.000000
vt  2.000000 1.187500 0.000000
vt  2.000000 0.000000 0.000000
vt  0.000000 0.000000 0.000000
vt  0.000000 1.187500 0.000000
vt  4.750000 1.500000 0.000000
vt  4.750000 0.000000 0.000000
vt  0.000000 0.000000 0.000000
vt  0.000000 1.500000 0.000000
vt  1.000000 0.625000 0.000000
vt  1.000000 0.312500 0.000000
vt  0.000000 0.312500 0.000000
vt  0.000000 0.625000 0.000000
vt  1.000000 0.625000 0.000000
vt  1.000000 0.312500 0.000000
vt  0.000000 0.312500 0.000000
vt  0.000000 0.625000 0.000000
vt  0.731544 2.125000 0.000000
vt  0.731544 0.000000 0.000000
vt  0.000000 0.000000 0.000000
vt  0.000000 2.125000 0.000000
vt  1.490858 2.125000 0.000000
vt  1.490858 0.000000 0.000000
vt  0.000000 0.000000 0.000000
vt  0.000000 2.125000 0.000000
vt  2.375000 2.125000 0.000000
vt  2.375000 0.000000 0.000000
vt  0.000000 0.000000 0.000000
vt  0.000000 2.125000 0.000000
vt  1.937500 0.625000 0.000000
vt  1.937500 0.000000 0.000000
vt  0.000000 0.000000 0.000000
vt  0.000000 0.625000 0.000000
vt  1.937500 2.125000 0.000000
vt  1.937500 1.687500 0.000000
vt  0.000000 1.687500 0.000000
vt  0.000000 2.125000 0.000000

vn  0.000000 1.000000 0.000000
vn  0.000000 1.000000 0.000000
vn  -0.209529 0.977802 0.000000
vn  -0.419058 0.907959 0.000000
vn  0.209529 0.977802 0.000000
vn  0.419058 0.907959 0.000000
vn  0.000000 1.000000 0.000000
vn  0.000000 1.000000 0.000000
vn  -0.419058 0.907959 0.000000
vn  -0.209529 0.977802 0.000000
vn  -0.419058 0.907959 0.000000
vn  -0.209529 0.977802 0.000000
vn  0.419058 0.907959 0.000000
vn  0.209529 0.977802 0.000000
vn  0.419058 0.907959 0.000000
vn  0.209529 0.977802 0.000000
vn  -0.209529 0.977802 0.000000
vn  -0.419058 0.907959 0.000000
vn  -0.447214 0.894427 0.000000
vn  -0.894427 0.447214 0.000000
vn  0.447214 0.894427 0.000000
vn  0.894427 0.447214 0.000000
vn  0.209529 0.977802 0.000000
vn  0.419058 0.907959 0.000000
vn  -0.894427 0.447214 0.000000
vn  -0.447214 0.894427 0.000000
vn  -0.917798 0.397048 0.000000
vn  -1.000000 0.000000 0.000000
vn  -1.000000 0.000000 0.000000
vn  -0.607792 0.794096 0.000000
vn  -1.000000 0.000000 0.000000
vn  -1.000000 0.000000 0.000000
vn  -1.000000 0.000000 0.000000
vn  -1.000000 0.000000 0.000000
vn  -1.000000 0.000000 0.000000
vn  -1.000000 0.000000 0.000000
vn  -1.000000 0.000000 0.000000
vn  -1.000000 0.000000 0.000000
vn  -1.000000 0.000000 0.000000
vn  -1.000000 0.000000 0.000000
vn  -1.000000 0.000000 0.000000
vn  -0.607792 -0.794096 0.000000
vn  -0.894427 0.447214 0.000000
vn  -0.995768 0.091907 0.000000
vn  -1.000000 0.000000 0.000000
vn  -1.000000 0.000000 0.000000
vn  -0.917798 -0.397048 0.000000
vn  -1.000000 0.000000 0.000000
vn  -1.000000 0.000000 0.000000
vn  -1.000000 0.000000 0.000000
vn  -1.000000 0.000000 0.000000
vn  -1.000000 0.000000 0.000000
vn  1.000000 0.000000 0.000000
vn  1.000000 0.000000 0.000000
vn  1.000000 0.000000 0.000000
vn  1.000000 0.000000 0.000000
vn  1.000000 0.000000 0.000000
vn  1.000000 0.000000 0.000000
vn  1.000000 0.000000 0.000000
vn  1.000000 0.000000 0.000000
vn  1.000000 0.000000 0.000000
vn  1.000000 0.000000 0.000000
vn  1.000000 0.000000 0.000000
vn  1.000000 0.000000 0.000000
vn  1.000000 0.000000 0.000000
vn  1.000000 0.000000 0.000000
vn  1.000000 0.000000 0.000000
vn  1.000000 0.000000 0.000000
vn  1.000000 0.000000 0.000000
vn  1.000000 0.000000 0.000000
vn  1.000000 0.000000 0.000000
vn  1.000000 0.000000 0.000000
vn  1.000000 0.000000 0.000000
vn  1.000000 0.000000 0.000000
vn  0.894427 0.447214 0.000000
vn  1.000000 0.000000 0.000000
vn  0.950840 -0.309683 0.000000
vn  0.785103 -0.619366 0.000000
vn  1.000000 0.000000 0.000000
vn  1.000000 0.000000 0.000000
vn  -0.242536 0.970143 0.000000
vn  -0.242536 0.970143 0.000000
vn  -0.607792 0.794096 0.000000
vn  -0.917798 0.397048 0.000000
vn  -0.607792 -0.794096 0.000000
vn  -0.917798 -0.397048 0.000000
vn  -0.242536 -0.970143 0.000000
vn  -0.242536 -0.970143 0.000000
vn  0.145033 -0.989427 0.000000
vn  0.290066 -0.957007 0.000000
vn  0.447214 -0.894427 0.000000
vn  0.894427 -0.447214 0.000000
vn  0.290066 -0.957007 0.000000
vn  0.145033 -0.989427 0.000000
vn  0.290066 -0.957007 0.000000
vn  0.145033 -0.989427 0.000000
vn  0.430074 -0.902793 0.000000
vn  0.000000 1.000000 0.000000
vn  0.145033 -0.989427 0.000000
vn  0.290066 -0.957007 0.000000
vn  0.384426 -0.923156 0.000000
vn  0.192213 -0.981353 0.000000
vn  0.785103 -0.619366 0.000000
vn  0.950840 -0.309683 0.000000
vn  -0.182954 -0.983122 0.000000
vn  -0.365908 -0.930651 0.000000
vn  0.192213 -0.981353 0.000000
vn  0.384426 -0.923156 0.000000
vn  0.000000 -1.000000 0.000000
vn  0.000000 -1.000000 0.000000
vn  0.447214 -0.894427 0.000000
vn  0.894427 -0.447214 0.000000
vn  0.447214 0.894427 0.000000
vn  0.894427 0.447214 0.000000
vn  0.000000 1.000000 0.000000
vn  0.000000 1.000000 0.000000
vn  0.894427 -0.447214 0.000000
vn  0.447214 -0.894427 0.000000
vn  0.894427 0.447214 0.000000
vn  0.447214 0.894427 0.000000
vn  1.000000 0.000000 0.000000
vn  -1.000000 0.000000 0.000000
vn  0.894427 0.447214 0.000000
vn  0.447214 0.894427 0.000000
vn  0.894427 -0.447214 0.000000
vn  0.447214 -0.894427 0.000000
vn  1.000000 0.000000 0.000000
vn  1.000000 0.000000 0.000000
vn  -1.000000 0.000000 0.000000
vn  -1.000000 0.000000 0.000000
vn  -1.000000 0.000000 0.000000
vn  1.000000 0.000000 0.000000
vn  1.000000 0.000000 0.000000
vn  1.000000 0.000000 0.000000
vn  0.912212 0.409719 0.000000
vn  0.573168 0.819438 0.000000
vn  0.912212 -0.409719 0.000000
vn  0.573168 -0.819438 0.000000
vn  1.000000 0.000000 0.000000
vn  1.000000 0.000000 0.000000
vn  0.187112 -0.982339 0.000000
vn  0.187112 -0.982339 0.000000
vn  0.573168 -0.819438 0.000000
vn  0.912212 -0.409719 0.000000
vn  0.573168 0.819438 0.000000
vn  0.912212 0.409719 0.000000
vn  0.187112 0.982339 0.000000
vn  0.187112 0.982339 0.000000
vn  0.727076 0.686557 0.000000
vn  0.939234 0.343279 0.000000
vn  0.305393 0.952226 0.000000
vn  0.152697 0.988273 0.000000
vn  0.305393 -0.952226 0.000000
vn  0.152697 -0.988273 0.000000
vn  0.727076 -0.686557 0.000000
vn  0.939234 -0.343279 0.000000
vn  -0.447214 0.894427 0.000000
vn  -0.894427 0.447214 0.000000
vn  0.000000 1.000000 0.000000
vn  0.000000 1.000000 0.000000
vn  -1.000000 0.000000 0.000000
vn  -1.000000 0.000000 0.000000
vn  -0.894427 0.447214 0.000000
vn  -0.447214 0.894427 0.000000
vn  -0.894427 -0.447214 0.000000
vn  -0.447214 -0.894427 0.000000
vn  -1.000000 0.000000 0.000000
vn  -1.000000 0.000000 0.000000
vn  0.000000 -1.000000 0.000000
vn  0.000000 -1.000000 0.000000
vn  -0.447214 -0.894427 0.000000
vn  -0.894427 -0.447214 0.000000
vn  -0.266817 -0.963747 0.000000
vn  -0.533634 -0.845715 0.000000
vn  0.000000 -1.000000 0.000000
vn  0.000000 -1.000000 0.000000
vn  -0.878983 -0.476852 0.000000
vn  -0.971161 -0.238426 0.000000
vn  -0.533634 -0.845715 0.000000
vn  -0.266817 -0.963747 0.000000
vn  0.000000 1.000000 0.000000
vn  0.000000 1.000000 0.000000
vn  -0.266817 0.963747 0.000000
vn  -0.533634 0.845715 0.000000
vn  -0.533634 0.845715 0.000000
vn  -0.266817 0.963747 0.000000
vn  -0.878983 0.476852 0.000000
vn  -0.971161 0.238426 0.000000
vn  0.000000 1.000000 0.000000
vn  0.305393 0.952226 0.000000
vn  0.000000 1.000000 0.000000
vn  0.000000 1.000000 0.000000
vn  0.152697 0.988273 0.000000
vn  0.000000 1.000000 0.000000
vn  0.000000 1.000000 0.000000
vn  0.000000 1.000000 0.000000
vn  0.000000 -1.000000 0.000000
vn  0.000000 -1.000000 0.000000
vn  0.000000 -1.000000 0.000000
vn  0.000000 -1.000000 0.000000
vn  0.000000 -1.000000 0.000000
vn  0.000000 -1.000000 0.000000
vn  0.000000 -1.000000 0.000000
vn  0.000000 -1.000000 0.000000
vn  0.000000 -1.000000 0.000000
vn  0.000000 -1.000000 0.000000
vn  0.152697 -0.988273 0.000000
vn  0.000000 -1.000000 0.000000
vn  0.000000 -1.000000 0.000000
vn  0.000000 -1.000000 0.000000
vn  0.000000 -1.000000 0.000000
vn  0.305393 -0.952226 0.000000
vn  0.000000 1.000000 0.000000
vn  0.000000 1.000000 0.000000
vn  0.000000 1.000000 0.000000
vn  0.000000 1.000000 0.000000
vn  0.000000 1.000000 0.000000
vn  0.000000 1.000000 0.000000
vn  0.000000 1.000000 0.000000
vn  0.000000 1.000000 0.000000
vn  1.000000 0.000000 0.000000
vn  0.727076 -0.686557 0.000000
vn  0.939234 0.343279 0.000000
vn  1.000000 0.000000 0.000000
vn  0.939234 -0.343279 0.000000
vn  1.000000 0.000000 0.000000
vn  1.000000 0.000000 0.000000
vn  0.727076 0.686557 0.000000
vn  -1.000000 0.000000 0.000000
vn  -1.000000 0.000000 0.000000
vn  -1.000000 0.000000 0.000000
vn  -1.000000 0.000000 0.000000
vn  -1.000000 0.000000 0.000000
vn  -1.000000 0.000000 0.000000
vn  -1.000000 0.000000 0.000000
vn  -1.000000 0.000000 0.000000
vn  -0.971161 0.238426 0.000000
vn  -0.878983 0.476852 0.000000
vn  -1.000000 0.000000 0.000000
vn  -1.000000 0.000000 0.000000
vn  -1.000000 0.000000 0.000000
vn  -1.000000 0.000000 0.000000
vn  -0.971161 -0.238426 0.000000
vn  -0.878983 -0.476852 0.000000
vn  0.000000 -1.000000 0.000000
vn  0.000000 -1.000000 0.000000
vn  0.000000 -1.000000 0.000000
vn  0.000000 -1.000000 0.000000
vn  0.000000 1.000000 0.000000
vn  0.000000 1.000000 0.000000
vn  0.000000 1.000000 0.000000
vn  0.000000 1.000000 0.000000
vn  0.908087 -0.418783 0.000000
vn  0.678953 -0.734181 0.000000
vn  0.924877 0.380266 0.000000
vn  0.430074 -0.902793 0.000000
vn  -0.995768 0.091907 0.000000
vn  -0.420430 0.907325 0.000000
vn  -0.886104 0.463487 0.000000
vn  -0.638611 0.769530 0.000000
vn  -0.638611 0.769530 0.000000
vn  -0.886104 0.463487 0.000000
vn  -0.667180 0.744896 0.000000
vn  -0.115470 0.993311 0.000000
vn  0.267463 -0.963568 0.000000
vn  -0.867921 -0.496703 0.000000
vn  0.678953 -0.734181 0.000000
vn  0.908087 -0.418783 0.000000
vn  0.000000 1.000000 0.000000
vn  0.924877 0.380266 0.000000
vn  -0.420430 0.907325 0.000000
vn  -0.894427 0.447214 0.000000
vn  -0.894427 0.447214 0.000000
vn  -0.667180 0.744896 0.000000
vn  -0.867921 -0.496703 0.000000
vn  -0.447214 -0.894427 0.000000
vn  -0.115470 0.993311 0.000000
vn  -0.894427 0.447214 0.000000
vn  0.000000 1.000000 0.000000
vn  0.000000 1.000000 0.000000
vn  0.000000 -1.000000 0.000000
vn  0.000000 -1.000000 0.000000
vn  -0.447214 -0.894427 0.000000
vn  0.267463 -0.963568 0.000000
vn  -0.365908 -0.930651 0.000000
vn  -0.182954 -0.983122 0.000000
vn  -0.365908 -0.930651 0.000000
vn  -0.182954 -0.983122 0.000000
vn  -0.372448 -0.928053 0.000000
vn  -0.744896 -0.667180 0.000000
vn  -0.182954 -0.983122 0.000000
vn  -0.365908 -0.930651 0.000000
vn  -1.000000 0.000000 0.000000
vn  -0.447214 0.894427 0.000000
vn  -1.000000 0.000000 0.000000
vn  -1.000000 0.000000 0.000000
vn  -0.447214 0.894427 0.000000
vn  0.000000 1.000000 0.000000
vn  -0.447214 0.894427 0.000000
vn  0.000000 1.000000 0.000000
vn  0.447214 0.894427 0.000000
vn  0.000000 1.000000 0.000000
vn  0.000000 1.000000 0.000000
vn  -0.894427 0.447214 0.000000
vn  0.000000 1.000000 0.000000
vn  0.894427 0.447214 0.000000
vn  0.000000 1.000000 0.000000
vn  0.894427 0.447214 0.000000
vn  1.000000 0.000000 0.000000
vn  1.000000 0.000000 0.000000
vn  0.894427 0.447214 0.000000
vn  0.447214 0.894427 0.000000
vn  -0.894427 0.447214 0.000000
vn  -0.447214 0.894427 0.000000
vn  -1.000000 0.000000 0.000000
vn  -1.000000 0.000000 0.000000
vn  -0.846965 -0.531648 0.000000
vn  -0.709050 -0.705158 0.000000
vn  -0.744896 -0.667180 0.000000
vn  -0.372448 -0.928053 0.000000
vn  -0.377117 -0.926166 0.000000
vn  -0.188558 -0.982062 0.000000
vn  -0.709050 -0.705158 0.000000
vn  -0.846965 -0.531648 0.000000
vn  -0.447214 -0.894427 0.000000
vn  -0.894427 -0.447214 0.000000
vn  -0.188558 -0.982062 0.000000
vn  -0.377117 -0.926166 0.000000
vn  -1.000000 0.000000 0.000000
vn  -1.000000 0.000000 0.000000
vn  -0.894427 -0.447214 0.000000
vn  -1.000000 0.000000 0.000000
vn  -1.000000 0.000000 0.000000
vn  -1.000000 0.000000 0.000000
vn  -1.000000 0.000000 0.000000
vn  -0.447214 -0.894427 0.000000

g rdmobj24
usemtl STARTAN3
f  1271/1271/1271 1272/1272/1272 1273/1273/1273
f  1274/1274/1274 1271/1271/1271 1273/1273/1273
f  1275/1275/1275 1276/1276/1276 1277/1277/1277
f  1278/1278/1278 1275/1275/1275 1277/1277/1277
f  1279/1279/1279 1280/1280/1280 1281/1281/1281
f  1282/1282/1282 1279/1279/1279 1281/1281/1281
f  1283/1283/1283 1284/1284/1284 1285/1285/1285
f  1286/1286/1286 1283/1283/1283 1285/1285/1285
f  1287/1287/1287 1288/1288/1288 1289/1289/1289
f  1290/1290/1290 1287/1287/1287 1289/1289/1289
f  1291/1291/1291 1292/1292/1292 1293/1293/1293
f  1294/1294/1294 1291/1291/1291 1293/1293/1293
f  1295/1295/1295 1296/1296/1296 1297/1297/1297
f  1298/1298/1298 1295/1295/1295 1297/1297/1297
f  1299/1299/1299 1300/1300/1300 1301/1301/1301
f  1302/1302/1302 1299/1299/1299 1301/1301/1301
f  1303/1303/1303 1304/1304/1304 1305/1305/1305
f  1306/1306/1306 1303/1303/1303 1305/1305/1305
f  1307/1307/1307 1308/1308/1308 1309/1309/1309
f  1310/1310/1310 1307/1307/1307 1309/1309/1309
f  1311/1311/1311 1312/1312/1312 1313/1313/1313
f  1314/1314/1314 1311/1311/1311 1313/1313/1313
f  1315/1315/1315 1316/1316/1316 1317/1317/1317
f  1318/1318/1318 1315/1315/1315 1317/1317/1317
f  1319/1319/1319 1320/1320/1320 1321/1321/1321
f  1322/1322/1322 1319/1319/1319 1321/1321/1321
f  1323/1323/1323 1324/1324/1324 1325/1325/1325
f  1326/1326/1326 1323/1323/1323 1325/1325/1325
f  1327/1327/1327 1328/1328/1328 1329/1329/1329
f  1330/1330/1330 1327/1327/1327 1329/1329/1329
f  1331/1331/1331 1332/1332/1332 1333/1333/1333
f  1334/1334/1334 1331/1331/1331 1333/1333/1333
f  1335/1335/1335 1336/1336/1336 1337/1337/1337
f  1338/1338/1338 1335/1335/1335 1337/1337/1337
f  1339/1339/1339 1340/1340/1340 1341/1341/1341
f  1342/1342/1342 1339/1339/1339 1341/1341/1341
f  1343/1343/1343 1344/1344/1344 1345/1345/1345
f  1346/1346/1346 1343/1343/1343 1345/1345/1345
f  1347/1347/1347 1348/1348/1348 1349/1349/1349
f  1350/1350/1350 1347/1347/1347 1349/1349/1349
f  1351/1351/1351 1352/1352/1352 1353/1353/1353
f  1354/1354/1354 1351/1351/1351 1353/1353/1353
f  1355/1355/1355 1356/1356/1356 1357/1357/1357
f  1358/1358/1358 1355/1355/1355 1357/1357/1357
f  1359/1359/1359 1360/1360/1360 1361/1361/1361
f  1362/1362/1362 1359/1359/1359 1361/1361/1361
f  1363/1363/1363 1364/1364/1364 1365/1365/1365
f  1366/1366/1366 1363/1363/1363 1365/1365/1365
f  1367/1367/1367 1368/1368/1368 1369/1369/1369
f  1370/1370/1370 1367/1367/1367 1369/1369/1369
f  1371/1371/1371 1372/1372/1372 1373/1373/1373
f  1374/1374/1374 1371/1371/1371 1373/1373/1373
f  1375/1375/1375 1376/1376/1376 1377/1377/1377
f  1378/1378/1378 1375/1375/1375 1377/1377/1377
f  1379/1379/1379 1380/1380/1380 1381/1381/1381
f  1382/1382/1382 1379/1379/1379 1381/1381/1381
f  1383/1383/1383 1384/1384/1384 1385/1385/1385
f  1386/1386/1386 1383/1383/1383 1385/1385/1385
f  1387/1387/1387 1388/1388/1388 1389/1389/1389
f  1390/1390/1390 1387/1387/1387 1389/1389/1389
f  1391/1391/1391 1392/1392/1392 1393/1393/1393
f  1394/1394/1394 1391/1391/1391 1393/1393/1393
f  1395/1395/1395 1396/1396/1396 1397/1397/1397
f  1398/1398/1398 1395/1395/1395 1397/1397/1397
f  1399/1399/1399 1400/1400/1400 1401/1401/1401
f  1402/1402/1402 1399/1399/1399 1401/1401/1401
f  1403/1403/1403 1404/1404/1404 1405/1405/1405
f  1406/1406/1406 1403/1403/1403 1405/1405/1405
f  1407/1407/1407 1408/1408/1408 1409/1409/1409
f  1410/1410/1410 1407/1407/1407 1409/1409/1409
f  1411/1411/1411 1412/1412/1412 1413/1413/1413
f  1414/1414/1414 1411/1411/1411 1413/1413/1413
f  1415/1415/1415 1416/1416/1416 1417/1417/1417
f  1418/1418/1418 1415/1415/1415 1417/1417/1417
f  1419/1419/1419 1420/1420/1420 1421/1421/1421
f  1422/1422/1422 1419/1419/1419 1421/1421/1421
f  1423/1423/1423 1424/1424/1424 1425/1425/1425
f  1426/1426/1426 1423/1423/1423 1425/1425/1425
f  1427/1427/1427 1428/1428/1428 1429/1429/1429
f  1430/1430/1430 1427/1427/1427 1429/1429/1429
f  1431/1431/1431 1432/1432/1432 1433/1433/1433
f  1434/1434/1434 1431/1431/1431 1433/1433/1433
f  1435/1435/1435 1436/1436/1436 1437/1437/1437
f  1438/1438/1438 1435/1435/1435 1437/1437/1437
f  1439/1439/1439 1440/1440/1440 1441/1441/1441
f  1442/1442/1442 1439/1439/1439 1441/1441/1441
f  1443/1443/1443 1444/1444/1444 1445/1445/1445
f  1446/1446/1446 1443/1443/1443 1445/1445/1445
f  1447/1447/1447 1448/1448/1448 1449/1449/1449
f  1450/1450/1450 1447/1447/1447 1449/1449/1449
f  1451/1451/1451 1452/1452/1452 1453/1453/1453
f  1454/1454/1454 1451/1451/1451 1453/1453/1453
f  1455/1455/1455 1456/1456/1456 1457/1457/1457
f  1458/1458/1458 1455/1455/1455 1457/1457/1457
f  1459/1459/1459 1460/1460/1460 1461/1461/1461
f  1462/1462/1462 1459/1459/1459 1461/1461/1461
f  1463/1463/1463 1464/1464/1464 1465/1465/1465
f  1466/1466/1466 1463/1463/1463 1465/1465/1465
f  1467/1467/1467 1468/1468/1468 1469/1469/1469
f  1470/1470/1470 1467/1467/1467 1469/1469/1469
f  1471/1471/1471 1472/1472/1472 1473/1473/1473
f  1474/1474/1474 1471/1471/1471 1473/1473/1473
f  1475/1475/1475 1476/1476/1476 1477/1477/1477
f  1478/1478/1478 1475/1475/1475 1477/1477/1477
f  1479/1479/1479 1480/1480/1480 1481/1481/1481
f  1482/1482/1482 1479/1479/1479 1481/1481/1481
f  1483/1483/1483 1484/1484/1484 1485/1485/1485
f  1486/1486/1486 1483/1483/1483 1485/1485/1485
f  1487/1487/1487 1488/1488/1488 1489/1489/1489
f  1490/1490/1490 1487/1487/1487 1489/1489/1489
f  1491/1491/1491 1492/1492/1492 1493/1493/1493
f  1494/1494/1494 1491/1491/1491 1493/1493/1493
f  1495/1495/1495 1496/1496/1496 1497/1497/1497
f  1498/1498/1498 1495/1495/1495 1497/1497/1497
f  1499/1499/1499 1500/1500/1500 1501/1501/1501
f  1502/1502/1502 1499/1499/1499 1501/1501/1501
f  1503/1503/1503 1504/1504/1504 1505/1505/1505
f  1506/1506/1506 1503/1503/1503 1505/1505/1505
f  1507/1507/1507 1508/1508/1508 1509/1509/1509
f  1510/1510/1510 1507/1507/1507 1509/1509/1509
f  1511/1511/1511 1512/1512/1512 1513/1513/1513
f  1514/1514/1514 1511/1511/1511 1513/1513/1513
f  1515/1515/1515 1516/1516/1516 1517/1517/1517
f  1518/1518/1518 1515/1515/1515 1517/1517/1517
f  1519/1519/1519 1520/1520/1520 1521/1521/1521
f  1522/1522/1522 1519/1519/1519 1521/1521/1521
f  1523/1523/1523 1524/1524/1524 1525/1525/1525
f  1526/1526/1526 1523/1523/1523 1525/1525/1525
f  1527/1527/1527 1528/1528/1528 1529/1529/1529
f  1530/1530/1530 1527/1527/1527 1529/1529/1529
f  1531/1531/1531 1532/1532/1532 1533/1533/1533
f  1534/1534/1534 1531/1531/1531 1533/1533/1533
f  1535/1535/1535 1536/1536/1536 1537/1537/1537
f  1538/1538/1538 1535/1535/1535 1537/1537/1537
f  1539/1539/1539 1540/1540/1540 1541/1541/1541
f  1542/1542/1542 1539/1539/1539 1541/1541/1541
f  1543/1543/1543 1544/1544/1544 1545/1545/1545
f  1546/1546/1546 1543/1543/1543 1545/1545/1545
f  1547/1547/1547 1548/1548/1548 1549/1549/1549
f  1550/1550/1550 1547/1547/1547 1549/1549/1549
f  1551/1551/1551 1552/1552/1552 1553/1553/1553
f  1554/1554/1554 1551/1551/1551 1553/1553/1553
f  1555/1555/1555 1556/1556/1556 1557/1557/1557
f  1558/1558/1558 1555/1555/1555 1557/1557/1557
f  1559/1559/1559 1560/1560/1560 1561/1561/1561
f  1562/1562/1562 1559/1559/1559 1561/1561/1561
f  1563/1563/1563 1564/1564/1564 1565/1565/1565
f  1566/1566/1566 1563/1563/1563 1565/1565/1565
f  1567/1567/1567 1568/1568/1568 1569/1569/1569
f  1570/1570/1570 1567/1567/1567 1569/1569/1569
f  1571/1571/1571 1572/1572/1572 1573/1573/1573
f  1574/1574/1574 1571/1571/1571 1573/1573/1573
f  1575/1575/1575 1576/1576/1576 1577/1577/1577
f  1578/1578/1578 1575/1575/1575 1577/1577/1577
f  1579/1579/1579 1580/1580/1580 1581/1581/1581
f  1582/1582/1582 1579/1579/1579 1581/1581/1581
f  1583/1583/1583 1584/1584/1584 1585/1585/1585
f  1586/1586/1586 1583/1583/1583 1585/1585/1585
f  1587/1587/1587 1588/1588/1588 1589/1589/1589
f  1590/1590/1590 1587/1587/1587 1589/1589/1589
f  1591/1591/1591 1592/1592/1592 1593/1593/1593
f  1594/1594/1594 1591/1591/1591 1593/1593/1593
f  1595/1595/1595 1596/1596/1596 1597/1597/1597
f  1598/1598/1598 1595/1595/1595 1597/1597/1597
f  1599/1599/1599 1600/1600/1600 1601/1601/1601
f  1602/1602/1602 1599/1599/1599 1601/1601/1601
f  1603/1603/1603 1604/1604/1604 1605/1605/1605
f  1606/1606/1606 1603/1603/1603 1605/1605/1605

g
v  928.000000 -3392.000000 0.000000
v  928.000000 -3392.000000 72.000000
v  896.000000 -3392.000000 72.000000
v  896.000000 -3392.000000 0.000000
v  928.000000 -3360.000000 -8.000000
v  928.000000 -3360.000000 120.000000
v  928.000000 -3392.000000 120.000000
v  928.000000 -3392.000000 -8.000000
v  896.000000 -3360.000000 -8.000000
v  896.000000 -3360.000000 120.000000
v  928.000000 -3360.000000 120.000000
v  928.000000 -3360.000000 -8.000000
v  896.000000 -3392.000000 0.000000
v  896.000000 -3392.000000 72.000000
v  896.000000 -3360.000000 72.000000
v  896.000000 -3360.000000 0.000000
v  1216.000000 -3392.000000 0.000000
v  1216.000000 -3392.000000 72.000000
v  1184.000000 -3392.000000 72.000000
v  1184.000000 -3392.000000 0.000000
v  1216.000000 -3360.000000 -16.000000
v  1216.000000 -3360.000000 200.000000
v  1216.000000 -3392.000000 200.000000
v  1216.000000 -3392.000000 -16.000000
v  1184.000000 -3360.000000 -16.000000
v  1184.000000 -3360.000000 200.000000
v  1216.000000 -3360.000000 200.000000
v  1216.000000 -3360.000000 -16.000000
v  1184.000000 -3392.000000 -8.000000
v  1184.000000 -3392.000000 120.000000
v  1184.000000 -3360.000000 120.000000
v  1184.000000 -3360.000000 -8.000000
v  896.000000 -3104.000000 0.000000
v  896.000000 -3104.000000 72.000000
v  896.000000 -3072.000000 72.000000
v  896.000000 -3072.000000 0.000000
v  928.000000 -3104.000000 -8.000000
v  928.000000 -3104.000000 120.000000
v  896.000000 -3104.000000 120.000000
v  896.000000 -3104.000000 -8.000000
v  928.000000 -3072.000000 -8.000000
v  928.000000 -3072.000000 120.000000
v  928.000000 -3104.000000 120.000000
v  928.000000 -3104.000000 -8.000000
v  896.000000 -3072.000000 0.000000
v  896.000000 -3072.000000 72.000000
v  928.000000 -3072.000000 72.000000
v  928.000000 -3072.000000 0.000000
v  1184.000000 -3072.000000 0.000000
v  1184.000000 -3072.000000 72.000000
v  1216.000000 -3072.000000 72.000000
v  1216.000000 -3072.000000 0.000000
v  1184.000000 -3104.000000 -8.000000
v  1184.000000 -3104.000000 120.000000
v  1184.000000 -3072.000000 120.000000
v  1184.000000 -3072.000000 -8.000000
v  1216.000000 -3104.000000 -16.000000
v  1216.000000 -3104.000000 200.000000
v  1184.000000 -3104.000000 200.000000
v  1184.000000 -3104.000000 -16.000000
v  1216.000000 -3072.000000 -16.000000
v  1216.000000 -3072.000000 200.000000
v  1216.000000 -3104.000000 200.000000
v  1216.000000 -3104.000000 -16.000000
v  2624.000000 -2784.000000 -16.000000
v  2624.000000 -2784.000000 72.000000
v  2752.000000 -2784.000000 72.000000
v  2752.000000 -2784.000000 -16.000000
v  2752.000000 -2560.000000 -8.000000
v  2752.000000 -2560.000000 72.000000
v  2520.000000 -2560.000000 72.000000
v  2520.000000 -2560.000000 -8.000000
v  2944.000000 -2656.000000 -16.000000
v  2944.000000 -2656.000000 72.000000
v  2752.000000 -2560.000000 72.000000
v  2752.000000 -2560.000000 -16.000000
v  2944.000000 -2656.000000 72.000000
v  2944.000000 -2656.000000 176.000000
v  2752.000000 -2784.000000 176.000000
v  2752.000000 -2784.000000 72.000000
v  2944.000000 -2656.000000 -24.000000
v  2944.000000 -2656.000000 -16.000000
v  2752.000000 -2784.000000 -16.000000
v  2752.000000 -2784.000000 -24.000000
v  2208.000000 -3680.000000 -56.000000
v  2208.000000 -3680.000000 64.000000
v  2240.000000 -3776.000000 64.000000
v  2240.000000 -3776.000000 -56.000000
v  2176.000000 -3680.000000 -56.000000
v  2176.000000 -3680.000000 64.000000
v  2208.000000 -3680.000000 64.000000
v  2208.000000 -3680.000000 -56.000000
v  1984.000000 -3776.000000 -56.000000
v  1984.000000 -3776.000000 64.000000
v  2016.000000 -3680.000000 64.000000
v  2016.000000 -3680.000000 -56.000000
v  2016.000000 -3680.000000 -56.000000
v  2016.000000 -3680.000000 64.000000
v  2048.000000 -3680.000000 64.000000
v  2048.000000 -3680.000000 -56.000000
v  2176.000000 -3808.000000 -72.000000
v  2176.000000 -3808.000000 16.000000
v  2176.000000 -3776.000000 16.000000
v  2176.000000 -3776.000000 -72.000000
v  2176.000000 -3840.000000 -88.000000
v  2176.000000 -3840.000000 16.000000
v  2176.000000 -3808.000000 16.000000
v  2176.000000 -3808.000000 -88.000000
v  2048.000000 -3776.000000 -72.000000
v  2048.000000 -3776.000000 16.000000
v  2048.000000 -3808.000000 16.000000
v  2048.000000 -3808.000000 -72.000000
v  2048.000000 -3808.000000 -88.000000
v  2048.000000 -3808.000000 16.000000
v  2048.000000 -3840.000000 16.000000
v  2048.000000 -3840.000000 -88.000000
v  2048.000000 -3840.000000 -104.000000
v  2048.000000 -3840.000000 16.000000
v  2048.000000 -3872.000000 16.000000
v  2048.000000 -3872.000000 -104.000000
v  2048.000000 -3872.000000 -120.000000
v  2048.000000 -3872.000000 16.000000
v  2048.000000 -3904.000000 16.000000
v  2048.000000 -3904.000000 -120.000000
v  2176.000000 -3872.000000 -104.000000
v  2176.000000 -3872.000000 16.000000
v  2176.000000 -3840.000000 16.000000
v  2176.000000 -3840.000000 -104.000000
v  2176.000000 -3904.000000 -120.000000
v  2176.000000 -3904.000000 16.000000
v  2176.000000 -3872.000000 16.000000
v  2176.000000 -3872.000000 -120.000000
v  2112.000000 -4032.000000 -136.000000
v  2112.000000 -4032.000000 -40.000000
v  2240.000000 -4096.000000 -40.000000
v  2240.000000 -4096.000000 -136.000000
v  2048.000000 -3680.000000 16.000000
v  2048.000000 -3680.000000 64.000000
v  2176.000000 -3680.000000 64.000000
v  2176.000000 -3680.000000 16.000000
v  2176.000000 -3776.000000 -72.000000
v  2176.000000 -3776.000000 -56.000000
v  2048.000000 -3776.000000 -56.000000
v  2048.000000 -3776.000000 -72.000000
v  2176.000000 -3808.000000 -88.000000
v  2176.000000 -3808.000000 -72.000000
v  2048.000000 -3808.000000 -72.000000
v  2048.000000 -3808.000000 -88.000000
v  2176.000000 -3840.000000 -104.000000
v  2176.000000 -3840.000000 -88.000000
v  2048.000000 -3840.000000 -88.000000
v  2048.000000 -3840.000000 -104.000000
v  2176.000000 -3872.000000 -120.000000
v  2176.000000 -3872.000000 -104.000000
v  2048.000000 -3872.000000 -104.000000
v  2048.000000 -3872.000000 -120.000000
v  2048.000000 -3904.000000 -40.000000
v  2176.000000 -3904.000000 -40.000000
v  2176.000000 -3904.000000 16.000000
v  2048.000000 -3904.000000 16.000000
v  2176.000000 -3904.000000 -136.000000
v  2176.000000 -3904.000000 -120.000000
v  2048.000000 -3904.000000 -120.000000
v  2048.000000 -3904.000000 -136.000000
v  2176.000000 -3904.000000 16.000000
v  2240.000000 -3968.000000 -40.000000
v  2240.000000 -3968.000000 -24.000000
v  2240.000000 -4096.000000 -24.000000
v  2240.000000 -4096.000000 -40.000000
v  2368.000000 -4096.000000 -40.000000
v  2368.000000 -4096.000000 -24.000000
v  2368.000000 -3968.000000 -24.000000
v  2368.000000 -3968.000000 -40.000000
v  2880.000000 -3904.000000 -40.000000
v  2880.000000 -3904.000000 -24.000000
v  2880.000000 -3776.000000 -24.000000
v  2880.000000 -3776.000000 -40.000000
v  2848.000000 -3904.000000 -56.000000
v  2848.000000 -3904.000000 -40.000000
v  2848.000000 -3776.000000 -40.000000
v  2848.000000 -3776.000000 -56.000000
v  2816.000000 -3904.000000 -72.000000
v  2816.000000 -3904.000000 -56.000000
v  2816.000000 -3776.000000 -56.000000
v  2816.000000 -3776.000000 -72.000000
v  2784.000000 -3904.000000 -88.000000
v  2784.000000 -3904.000000 -72.000000
v  2784.000000 -3776.000000 -72.000000
v  2784.000000 -3776.000000 -88.000000
v  2752.000000 -3904.000000 -104.000000
v  2752.000000 -3904.000000 -88.000000
v  2752.000000 -3776.000000 -88.000000
v  2752.000000 -3776.000000 -104.000000
v  2720.000000 -3904.000000 -120.000000
v  2720.000000 -3904.000000 -104.000000
v  2688.000000 -3776.000000 -104.000000
v  2688.000000 -3776.000000 -120.000000
v  2688.000000 -3920.000000 48.000000
v  2688.000000 -3920.000000 -40.000000
v  2632.000000 -3792.000000 -40.000000
v  2632.000000 -3792.000000 48.000000
v  2688.000000 -3920.000000 -136.000000
v  2688.000000 -3920.000000 -120.000000
v  2632.000000 -3792.000000 -120.000000
v  2632.000000 -3792.000000 -136.000000
v  2632.000000 -3792.000000 48.000000
v  2688.000000 -3920.000000 48.000000
v  2688.000000 -3776.000000 -120.000000
v  2688.000000 -3776.000000 48.000000
v  2632.000000 -3792.000000 -120.000000
v  2688.000000 -3920.000000 -120.000000
v  2688.000000 -3920.000000 48.000000
v  2720.000000 -3904.000000 48.000000
v  2720.000000 -3904.000000 -120.000000
v  2752.000000 -3776.000000 -104.000000
v  2752.000000 -3776.000000 48.000000
v  2688.000000 -3776.000000 48.000000
v  2688.000000 -3776.000000 -104.000000
v  2784.000000 -3776.000000 -88.000000
v  2784.000000 -3776.000000 48.000000
v  2752.000000 -3776.000000 48.000000
v  2752.000000 -3776.000000 -88.000000
v  2816.000000 -3776.000000 -72.000000
v  2816.000000 -3776.000000 48.000000
v  2784.000000 -3776.000000 48.000000
v  2784.000000 -3776.000000 -72.000000
v  2848.000000 -3776.000000 -56.000000
v  2848.000000 -3776.000000 48.000000
v  2816.000000 -3776.000000 48.000000
v  2816.000000 -3776.000000 -56.000000
v  2880.000000 -3776.000000 -40.000000
v  2880.000000 -3776.000000 48.000000
v  2848.000000 -3776.000000 48.000000
v  2848.000000 -3776.000000 -40.000000
v  2848.000000 -3904.000000 -40.000000
v  2848.000000 -3904.000000 48.000000
v  2880.000000 -3904.000000 48.000000
v  2880.000000 -3904.000000 -40.000000
v  2816.000000 -3904.000000 -56.000000
v  2816.000000 -3904.000000 48.000000
v  2848.000000 -3904.000000 48.000000
v  2848.000000 -3904.000000 -56.000000
v  2784.000000 -3904.000000 -72.000000
v  2784.000000 -3904.000000 48.000000
v  2816.000000 -3904.000000 48.000000
v  2816.000000 -3904.000000 -72.000000
v  2752.000000 -3904.000000 -88.000000
v  2752.000000 -3904.000000 48.000000
v  2784.000000 -3904.000000 48.000000
v  2784.000000 -3904.000000 -88.000000
v  2720.000000 -3904.000000 -104.000000
v  2720.000000 -3904.000000 48.000000
v  2752.000000 -3904.000000 48.000000
v  2752.000000 -3904.000000 -104.000000
v  2912.000000 -3776.000000 -24.000000
v  2912.000000 -3776.000000 48.000000
v  2880.000000 -3776.000000 48.000000
v  2880.000000 -3776.000000 -24.000000
v  2880.000000 -3904.000000 -24.000000
v  2880.000000 -3904.000000 48.000000
v  2912.000000 -3904.000000 48.000000
v  2912.000000 -3904.000000 -24.000000
v  2368.000000 -4096.000000 -136.000000
v  2368.000000 -4096.000000 -40.000000
v  2672.000000 -3920.000000 -40.000000
v  2672.000000 -3920.000000 -136.000000
v  2616.000000 -3792.000000 -136.000000
v  2616.000000 -3792.000000 -40.000000
v  2368.000000 -3968.000000 -40.000000
v  2368.000000 -3968.000000 -136.000000
v  2240.000000 -3968.000000 -136.000000
v  2240.000000 -3968.000000 -40.000000
v  2176.000000 -3920.000000 -40.000000
v  2176.000000 -3920.000000 -136.000000
v  2048.000000 -3920.000000 -136.000000
v  2048.000000 -3920.000000 -40.000000
v  2112.000000 -4032.000000 -40.000000
v  2112.000000 -4032.000000 -136.000000
v  2520.000000 -2688.000000 -8.000000
v  2520.000000 -2688.000000 72.000000
v  2624.000000 -2784.000000 72.000000
v  2624.000000 -2784.000000 -8.000000
v  2496.000000 -2560.000000 -8.000000
v  2496.000000 -2560.000000 0.000000
v  2496.000000 -2688.000000 0.000000
v  2496.000000 -2688.000000 -8.000000
v  2752.000000 -2560.000000 -16.000000
v  2752.000000 -2560.000000 -8.000000
v  2624.000000 -2784.000000 -8.000000
v  2624.000000 -2784.000000 -16.000000
v  2264.000000 -4096.000000 -136.000000
v  2264.000000 -4096.000000 -24.000000
v  2344.000000 -4096.000000 -24.000000
v  2344.000000 -4096.000000 -136.000000
v  2344.000000 -3968.000000 -136.000000
v  2344.000000 -3968.000000 -24.000000
v  2264.000000 -3968.000000 -24.000000
v  2264.000000 -3968.000000 -136.000000
v  2176.000000 -3776.000000 -56.000000
v  2176.000000 -3776.000000 16.000000
v  2176.000000 -3704.000000 16.000000
v  2176.000000 -3704.000000 -56.000000
v  2048.000000 -3704.000000 -56.000000
v  2048.000000 -3704.000000 16.000000
v  2048.000000 -3776.000000 16.000000
v  2048.000000 -3776.000000 -56.000000

vt  0.250000 0.937500 0.000000
vt  0.250000 0.375000 0.000000
vt  0.000000 0.375000 0.000000
vt  0.000000 0.937500 0.000000
vt  0.250000 1.000000 0.000000
vt  0.250000 0.000000 0.000000
vt  0.000000 0.000000 0.000000
vt  0.000000 1.000000 0.000000
vt  0.250000 1.000000 0.000000
vt  0.250000 0.000000 0.000000
vt  0.000000 0.000000 0.000000
vt  0.000000 1.000000 0.000000
vt  0.250000 0.937500 0.000000
vt  0.250000 0.375000 0.000000
vt  0.000000 0.375000 0.000000
vt  0.000000 0.937500 0.000000
vt  0.250000 0.562500 0.000000
vt  0.250000 0.000000 0.000000
vt  0.000000 0.000000 0.000000
vt  0.000000 0.562500 0.000000
vt  0.250000 1.687500 0.000000
vt  0.250000 0.000000 0.000000
vt  0.000000 0.000000 0.000000
vt  0.000000 1.687500 0.000000
vt  0.250000 1.687500 0.000000
vt  0.250000 0.000000 0.000000
vt  0.000000 0.000000 0.000000
vt  0.000000 1.687500 0.000000
vt  0.250000 1.625000 0.000000
vt  0.250000 0.625000 0.000000
vt  0.000000 0.625000 0.000000
vt  0.000000 1.625000 0.000000
vt  0.250000 0.937500 0.000000
vt  0.250000 0.375000 0.000000
vt  0.000000 0.375000 0.000000
vt  0.000000 0.937500 0.000000
vt  0.250000 1.000000 0.000000
vt  0.250000 0.000000 0.000000
vt  0.000000 0.000000 0.000000
vt  0.000000 1.000000 0.000000
vt  0.250000 1.000000 0.000000
vt  0.250000 0.000000 0.000000
vt  0.000000 0.000000 0.000000
vt  0.000000 1.000000 0.000000
vt  0.250000 0.937500 0.000000
vt  0.250000 0.375000 0.000000
vt  0.000000 0.375000 0.000000
vt  0.000000 0.937500 0.000000
vt  0.250000 0.562500 0.000000
vt  0.250000 0.000000 0.000000
vt  0.000000 0.000000 0.000000
vt  0.000000 0.562500 0.000000
vt  0.250000 1.625000 0.000000
vt  0.250000 0.625000 0.000000
vt  0.000000 0.625000 0.000000
vt  0.000000 1.625000 0.000000
vt  0.250000 1.687500 0.000000
vt  0.250000 0.000000 0.000000
vt  0.000000 0.000000 0.000000
vt  0.000000 1.687500 0.000000
vt  0.250000 1.687500 0.000000
vt  0.250000 0.000000 0.000000
vt  0.000000 0.000000 0.000000
vt  0.000000 1.687500 0.000000
vt  1.000000 0.687500 0.000000
vt  1.000000 0.000000 0.000000
vt  0.000000 0.000000 0.000000
vt  0.000000 0.687500 0.000000
vt  1.812500 0.625000 0.000000
vt  1.812500 0.000000 0.000000
vt  0.000000 0.000000 0.000000
vt  0.000000 0.625000 0.000000
vt  1.677051 0.687500 0.000000
vt  1.677051 0.000000 0.000000
vt  0.000000 0.000000 0.000000
vt  0.000000 0.687500 0.000000
vt  1.802776 1.000000 0.000000
vt  1.802776 0.187500 0.000000
vt  0.000000 0.187500 0.000000
vt  0.000000 1.000000 0.000000
vt  1.802776 0.062500 0.000000
vt  1.802776 0.000000 0.000000
vt  0.000000 0.000000 0.000000
vt  0.000000 0.062500 0.000000
vt  0.790569 0.937500 0.000000
vt  0.790569 0.000000 0.000000
vt  0.000000 0.000000 0.000000
vt  0.000000 0.937500 0.000000
vt  0.250000 0.937500 0.000000
vt  0.250000 0.000000 0.000000
vt  0.000000 0.000000 0.000000
vt  0.000000 0.937500 0.000000
vt  0.790569 0.937500 0.000000
vt  0.790569 0.000000 0.000000
vt  0.000000 0.000000 0.000000
vt  0.000000 0.937500 0.000000
vt  0.250000 0.937500 0.000000
vt  0.250000 0.000000 0.000000
vt  0.000000 0.000000 0.000000
vt  0.000000 0.937500 0.000000
vt  0.250000 0.687500 0.000000
vt  0.250000 0.000000 0.000000
vt  0.000000 0.000000 0.000000
vt  0.000000 0.687500 0.000000
vt  0.250000 0.812500 0.000000
vt  0.250000 0.000000 0.000000
vt  0.000000 0.000000 0.000000
vt  0.000000 0.812500 0.000000
vt  0.250000 0.687500 0.000000
vt  0.250000 0.000000 0.000000
vt  0.000000 0.000000 0.000000
vt  0.000000 0.687500 0.000000
vt  0.250000 0.812500 0.000000
vt  0.250000 0.000000 0.000000
vt  0.000000 0.000000 0.000000
vt  0.000000 0.812500 0.000000
vt  0.250000 0.937500 0.000000
vt  0.250000 0.000000 0.000000
vt  0.000000 0.000000 0.000000
vt  0.000000 0.937500 0.000000
vt  0.250000 1.062500 0.000000
vt  0.250000 0.000000 0.000000
vt  0.000000 0.000000 0.000000
vt  0.000000 1.062500 0.000000
vt  0.250000 0.937500 0.000000
vt  0.250000 0.000000 0.000000
vt  0.000000 0.000000 0.000000
vt  0.000000 0.937500 0.000000
vt  0.250000 1.062500 0.000000
vt  0.250000 0.000000 0.000000
vt  0.000000 0.000000 0.000000
vt  0.000000 1.062500 0.000000
vt  1.118034 0.750000 0.000000
vt  1.118034 0.000000 0.000000
vt  0.000000 0.000000 0.000000
vt  0.000000 0.750000 0.000000
vt  1.000000 0.375000 0.000000
vt  1.000000 0.000000 0.000000
vt  0.000000 0.000000 0.000000
vt  0.000000 0.375000 0.000000
vt  1.000000 0.125000 0.000000
vt  1.000000 0.000000 0.000000
vt  0.000000 0.000000 0.000000
vt  0.000000 0.125000 0.000000
vt  1.000000 0.125000 0.000000
vt  1.000000 0.000000 0.000000
vt  0.000000 0.000000 0.000000
vt  0.000000 0.125000 0.000000
vt  1.000000 0.125000 0.000000
vt  1.000000 0.000000 0.000000
vt  0.000000 0.000000 0.000000
vt  0.000000 0.125000 0.000000
vt  1.000000 0.125000 0.000000
vt  1.000000 0.000000 0.000000
vt  0.000000 0.000000 0.000000
vt  0.000000 0.125000 0.000000
vt  0.000000 0.437500 0.000000
vt  1.000000 0.437500 0.000000
vt  1.000000 0.875000 0.000000
vt  0.000000 0.875000 0.000000
vt  1.000000 0.125000 0.000000
vt  1.000000 0.000000 0.000000
vt  0.000000 0.000000 0.000000
vt  0.000000 0.125000 0.000000
vt  1.000000 0.000000 0.000000
vt  1.000000 0.125000 0.000000
vt  1.000000 0.000000 0.000000
vt  0.000000 0.000000 0.000000
vt  0.000000 0.125000 0.000000
vt  1.000000 0.125000 0.000000
vt  1.000000 0.000000 0.000000
vt  0.000000 0.000000 0.000000
vt  0.000000 0.125000 0.000000
vt  1.000000 0.125000 0.000000
vt  1.000000 0.000000 0.000000
vt  0.000000 0.000000 0.000000
vt  0.000000 0.125000 0.000000
vt  1.000000 0.125000 0.000000
vt  1.000000 0.000000 0.000000
vt  0.000000 0.000000 0.000000
vt  0.000000 0.125000 0.000000
vt  1.000000 0.125000 0.000000
vt  1.000000 0.000000 0.000000
vt  0.000000 0.000000 0.000000
vt  0.000000 0.125000 0.000000
vt  1.000000 0.125000 0.000000
vt  1.000000 0.000000 0.000000
vt  0.000000 0.000000 0.000000
vt  0.000000 0.125000 0.000000
vt  1.000000 0.125000 0.000000
vt  1.000000 0.000000 0.000000
vt  0.000000 0.000000 0.000000
vt  0.000000 0.125000 0.000000
vt  1.030776 0.125000 0.000000
vt  1.030776 0.000000 0.000000
vt  0.000000 0.000000 0.000000
vt  0.000000 0.125000 0.000000
vt  1.091516 1.375000 0.000000
vt  1.091516 0.687500 0.000000
vt  0.000000 0.687500 0.000000
vt  0.000000 1.375000 0.000000
vt  1.091516 0.125000 0.000000
vt  1.091516 0.000000 0.000000
vt  0.000000 0.000000 0.000000
vt  0.000000 0.125000 0.000000
vt  0.000000 0.000000 0.000000
vt  1.091516 0.000000 0.000000
vt  0.455007 1.312500 0.000000
vt  0.455007 0.000000 0.000000
vt  0.000000 1.312500 0.000000
vt  0.279509 1.312500 0.000000
vt  0.279509 0.000000 0.000000
vt  0.000000 0.000000 0.000000
vt  0.000000 1.312500 0.000000
vt  0.500000 1.187500 0.000000
vt  0.500000 0.000000 0.000000
vt  0.000000 0.000000 0.000000
vt  0.000000 1.187500 0.000000
vt  0.250000 1.062500 0.000000
vt  0.250000 0.000000 0.000000
vt  0.000000 0.000000 0.000000
vt  0.000000 1.062500 0.000000
vt  0.250000 0.937500 0.000000
vt  0.250000 0.000000 0.000000
vt  0.000000 0.000000 0.000000
vt  0.000000 0.937500 0.000000
vt  0.250000 0.812500 0.000000
vt  0.250000 0.000000 0.000000
vt  0.000000 0.000000 0.000000
vt  0.000000 0.812500 0.000000
vt  0.250000 0.687500 0.000000
vt  0.250000 0.000000 0.000000
vt  0.000000 0.000000 0.000000
vt  0.000000 0.687500 0.000000
vt  0.250000 0.687500 0.000000
vt  0.250000 0.000000 0.000000
vt  0.000000 0.000000 0.000000
vt  0.000000 0.687500 0.000000
vt  0.250000 0.812500 0.000000
vt  0.250000 0.000000 0.000000
vt  0.000000 0.000000 0.000000
vt  0.000000 0.812500 0.000000
vt  0.250000 0.937500 0.000000
vt  0.250000 0.000000 0.000000
vt  0.000000 0.000000 0.000000
vt  0.000000 0.937500 0.000000
vt  0.250000 1.062500 0.000000
vt  0.250000 0.000000 0.000000
vt  0.000000 0.000000 0.000000
vt  0.000000 1.062500 0.000000
vt  0.250000 1.187500 0.000000
vt  0.250000 0.000000 0.000000
vt  0.000000 0.000000 0.000000
vt  0.000000 1.187500 0.000000
vt  0.250000 0.562500 0.000000
vt  0.250000 0.000000 0.000000
vt  0.000000 0.000000 0.000000
vt  0.000000 0.562500 0.000000
vt  0.250000 0.562500 0.000000
vt  0.250000 0.000000 0.000000
vt  0.000000 0.000000 0.000000
vt  0.000000 0.562500 0.000000
vt  2.744312 0.750000 0.000000
vt  2.744312 0.000000 0.000000
vt  0.000000 0.000000 0.000000
vt  0.000000 0.750000 0.000000
vt  2.375822 0.750000 0.000000
vt  2.375822 0.000000 0.000000
vt  0.000000 0.000000 0.000000
vt  0.000000 0.750000 0.000000
vt  0.625000 0.750000 0.000000
vt  0.625000 0.000000 0.000000
vt  0.000000 0.000000 0.000000
vt  0.000000 0.750000 0.000000
vt  1.007782 0.750000 0.000000
vt  1.007782 0.000000 0.000000
vt  0.000000 0.000000 0.000000
vt  0.000000 0.750000 0.000000
vt  1.105738 0.625000 0.000000
vt  1.105738 0.000000 0.000000
vt  0.000000 0.000000 0.000000
vt  0.000000 0.625000 0.000000
vt  0.000000 0.062500 0.000000
vt  0.000000 0.000000 0.000000
vt  -1.000000 0.000000 0.000000
vt  -1.000000 0.062500 0.000000
vt  2.015564 0.062500 0.000000
vt  2.015564 0.000000 0.000000
vt  0.000000 0.000000 0.000000
vt  0.000000 0.062500 0.000000
vt  0.625000 1.000000 0.000000
vt  0.625000 0.125000 0.000000
vt  0.000000 0.125000 0.000000
vt  0.000000 1.000000 0.000000
vt  0.625000 1.000000 0.000000
vt  0.625000 0.125000 0.000000
vt  0.000000 0.125000 0.000000
vt  0.000000 1.000000 0.000000
vt  0.562500 0.562500 0.000000
vt  0.562500 0.000000 0.000000
vt  0.000000 0.000000 0.000000
vt  0.000000 0.562500 0.000000
vt  0.562500 0.562500 0.000000
vt  0.562500 0.000000 0.000000
vt  0.000000 0.000000 0.000000
vt  0.000000 0.562500 0.000000

vn  0.000000 -1.000000 0.000000
vn  0.000000 -1.000000 0.000000
vn  -0.447214 -0.894427 0.000000
vn  -0.894427 -0.447214 0.000000
vn  0.894427 0.447214 0.000000
vn  0.447214 0.894427 0.000000
vn  1.000000 0.000000 0.000000
vn  1.000000 0.000000 0.000000
vn  0.000000 1.000000 0.000000
vn  0.000000 1.000000 0.000000
vn  0.447214 0.894427 0.000000
vn  0.894427 0.447214 0.000000
vn  -0.894427 -0.447214 0.000000
vn  -0.447214 -0.894427 0.000000
vn  -1.000000 0.000000 0.000000
vn  -1.000000 0.000000 0.000000
vn  0.000000 -1.000000 0.000000
vn  0.000000 -1.000000 0.000000
vn  0.000000 -1.000000 0.000000
vn  0.000000 -1.000000 0.000000
vn  0.894427 0.447214 0.000000
vn  0.447214 0.894427 0.000000
vn  1.000000 0.000000 0.000000
vn  1.000000 0.000000 0.000000
vn  0.000000 1.000000 0.000000
vn  0.000000 1.000000 0.000000
vn  0.447214 0.894427 0.000000
vn  0.894427 0.447214 0.000000
vn  -1.000000 0.000000 0.000000
vn  -1.000000 0.000000 0.000000
vn  -1.000000 0.000000 0.000000
vn  -1.000000 0.000000 0.000000
vn  -1.000000 0.000000 0.000000
vn  -1.000000 0.000000 0.000000
vn  -0.894427 0.447214 0.000000
vn  -0.447214 0.894427 0.000000
vn  0.447214 -0.894427 0.000000
vn  0.894427 -0.447214 0.000000
vn  0.000000 -1.000000 0.000000
vn  0.000000 -1.000000 0.000000
vn  1.000000 0.000000 0.000000
vn  1.000000 0.000000 0.000000
vn  0.894427 -0.447214 0.000000
vn  0.447214 -0.894427 0.000000
vn  -0.447214 0.894427 0.000000
vn  -0.894427 0.447214 0.000000
vn  0.000000 1.000000 0.000000
vn  0.000000 1.000000 0.000000
vn  0.000000 1.000000 0.000000
vn  0.000000 1.000000 0.000000
vn  0.000000 1.000000 0.000000
vn  0.000000 1.000000 0.000000
vn  -1.000000 0.000000 0.000000
vn  -1.000000 0.000000 0.000000
vn  -1.000000 0.000000 0.000000
vn  -1.000000 0.000000 0.000000
vn  0.447214 -0.894427 0.000000
vn  0.894427 -0.447214 0.000000
vn  0.000000 -1.000000 0.000000
vn  0.000000 -1.000000 0.000000
vn  1.000000 0.000000 0.000000
vn  1.000000 0.000000 0.000000
vn  0.894427 -0.447214 0.000000
vn  0.447214 -0.894427 0.000000
vn  0.499995 0.866028 0.000000
vn  0.481449 0.876474 0.000000
vn  0.429009 0.903300 0.000000
vn  0.858018 -0.513620 0.000000
vn  0.328528 -0.944494 0.000000
vn  -0.305393 -0.952226 0.000000
vn  0.000000 -1.000000 0.000000
vn  0.000000 -1.000000 0.000000
vn  -0.128547 -0.991703 0.000000
vn  0.250560 -0.968101 0.000000
vn  -0.305393 -0.952226 0.000000
vn  0.564198 -0.825640 0.000000
vn  0.250560 -0.968101 0.000000
vn  0.554700 -0.832050 0.000000
vn  0.554700 -0.832050 0.000000
vn  0.429009 0.903300 0.000000
vn  0.554700 -0.832050 0.000000
vn  -0.128547 -0.991703 0.000000
vn  0.858018 -0.513620 0.000000
vn  0.554700 -0.832050 0.000000
vn  0.758043 0.652205 0.000000
vn  0.379021 0.925388 0.000000
vn  0.948683 0.316228 0.000000
vn  0.948683 0.316228 0.000000
vn  0.000000 1.000000 0.000000
vn  0.000000 1.000000 0.000000
vn  0.379021 0.925388 0.000000
vn  0.758043 0.652205 0.000000
vn  -0.948683 0.316228 0.000000
vn  -0.948683 0.316228 0.000000
vn  -0.758043 0.652205 0.000000
vn  -0.379021 0.925388 0.000000
vn  -0.379021 0.925388 0.000000
vn  -0.758043 0.652205 0.000000
vn  0.000000 1.000000 0.000000
vn  0.000000 1.000000 0.000000
vn  -0.894427 -0.447214 0.000000
vn  -1.000000 0.000000 0.000000
vn  -1.000000 0.000000 0.000000
vn  -0.447214 -0.894427 0.000000
vn  -0.894427 -0.447214 0.000000
vn  -1.000000 0.000000 0.000000
vn  -1.000000 0.000000 0.000000
vn  -0.447214 -0.894427 0.000000
vn  0.894427 -0.447214 0.000000
vn  1.000000 0.000000 0.000000
vn  1.000000 0.000000 0.000000
vn  0.447214 -0.894427 0.000000
vn  0.894427 -0.447214 0.000000
vn  1.000000 0.000000 0.000000
vn  1.000000 0.000000 0.000000
vn  0.447214 -0.894427 0.000000
vn  0.894427 -0.447214 0.000000
vn  1.000000 0.000000 0.000000
vn  1.000000 0.000000 0.000000
vn  0.447214 -0.894427 0.000000
vn  0.894427 -0.447214 0.000000
vn  1.000000 0.000000 0.000000
vn  0.894427 -0.447214 0.000000
vn  0.447214 -0.894427 0.000000
vn  -0.894427 -0.447214 0.000000
vn  -1.000000 0.000000 0.000000
vn  -1.000000 0.000000 0.000000
vn  -0.447214 -0.894427 0.000000
vn  -0.894427 -0.447214 0.000000
vn  -0.707107 0.707107 0.000000
vn  -1.000000 0.000000 0.000000
vn  -0.447214 -0.894427 0.000000
vn  0.610795 0.791789 0.000000
vn  0.756689 0.653775 0.000000
vn  0.727076 0.686557 0.000000
vn  0.447214 0.894427 0.000000
vn  0.000000 1.000000 0.000000
vn  0.000000 1.000000 0.000000
vn  0.000000 1.000000 0.000000
vn  0.000000 1.000000 0.000000
vn  -0.447214 -0.894427 0.000000
vn  -0.894427 -0.447214 0.000000
vn  0.447214 -0.894427 0.000000
vn  0.894427 -0.447214 0.000000
vn  -0.447214 -0.894427 0.000000
vn  -0.894427 -0.447214 0.000000
vn  0.447214 -0.894427 0.000000
vn  0.894427 -0.447214 0.000000
vn  -0.447214 -0.894427 0.000000
vn  -0.894427 -0.447214 0.000000
vn  0.447214 -0.894427 0.000000
vn  0.894427 -0.447214 0.000000
vn  -0.447214 -0.894427 0.000000
vn  -0.894427 -0.447214 0.000000
vn  0.447214 -0.894427 0.000000
vn  0.894427 -0.447214 0.000000
vn  0.000000 1.000000 0.000000
vn  0.000000 -1.000000 0.000000
vn  -0.707107 0.707107 0.000000
vn  0.894427 -0.447214 0.000000
vn  0.000000 -1.000000 0.000000
vn  -0.894427 -0.447214 0.000000
vn  0.447214 -0.894427 0.000000
vn  0.000000 -1.000000 0.000000
vn  -0.707107 0.707107 0.000000
vn  0.868243 -0.496139 0.000000
vn  1.000000 0.000000 0.000000
vn  1.000000 0.000000 0.000000
vn  0.727076 0.686557 0.000000
vn  -0.945023 0.327004 0.000000
vn  -1.000000 0.000000 0.000000
vn  -1.000000 0.000000 0.000000
vn  0.096115 -0.995370 0.000000
vn  -0.894427 0.447214 0.000000
vn  -0.447214 0.894427 0.000000
vn  -0.894427 -0.447214 0.000000
vn  -0.447214 -0.894427 0.000000
vn  -0.894427 0.447214 0.000000
vn  -0.447214 0.894427 0.000000
vn  -0.894427 -0.447214 0.000000
vn  -0.447214 -0.894427 0.000000
vn  -0.894427 0.447214 0.000000
vn  -0.447214 0.894427 0.000000
vn  -0.894427 -0.447214 0.000000
vn  -0.447214 -0.894427 0.000000
vn  -0.894427 0.447214 0.000000
vn  -0.447214 0.894427 0.000000
vn  -0.894427 -0.447214 0.000000
vn  -0.447214 -0.894427 0.000000
vn  -0.894427 0.447214 0.000000
vn  -0.447214 0.894427 0.000000
vn  -0.894427 -0.447214 0.000000
vn  -0.447214 -0.894427 0.000000
vn  -0.985617 0.168992 0.000000
vn  -0.483271 0.875471 0.000000
vn  -0.794096 -0.607792 0.000000
vn  -0.190701 -0.981648 0.000000
vn  0.340425 0.940272 0.000000
vn  -0.916157 -0.400819 0.000000
vn  0.916157 0.400819 0.000000
vn  -0.155875 -0.987777 0.000000
vn  -0.916157 -0.400819 0.000000
vn  -0.793623 0.608410 0.000000
vn  -0.662067 -0.749445 0.000000
vn  -0.916157 -0.400819 0.000000
vn  -0.155875 -0.987777 0.000000
vn  0.340425 0.940272 0.000000
vn  -0.190701 -0.981648 0.000000
vn  0.092367 -0.995725 0.000000
vn  -0.662067 -0.749445 0.000000
vn  -0.793623 0.608410 0.000000
vn  0.340425 0.940272 0.000000
vn  -0.305393 0.952226 0.000000
vn  -0.985617 0.168992 0.000000
vn  -0.447214 -0.894427 0.000000
vn  0.000000 -1.000000 0.000000
vn  0.092367 -0.995725 0.000000
vn  -0.794096 -0.607792 0.000000
vn  -0.447214 -0.894427 0.000000
vn  0.000000 -1.000000 0.000000
vn  0.000000 -1.000000 0.000000
vn  -0.894427 -0.447214 0.000000
vn  -0.447214 -0.894427 0.000000
vn  0.000000 -1.000000 0.000000
vn  0.000000 -1.000000 0.000000
vn  -0.894427 -0.447214 0.000000
vn  -0.447214 -0.894427 0.000000
vn  0.000000 -1.000000 0.000000
vn  0.000000 -1.000000 0.000000
vn  -0.894427 -0.447214 0.000000
vn  -0.447214 -0.894427 0.000000
vn  0.000000 -1.000000 0.000000
vn  0.000000 -1.000000 0.000000
vn  -0.894427 -0.447214 0.000000
vn  -0.447214 0.894427 0.000000
vn  0.000000 1.000000 0.000000
vn  0.000000 1.000000 0.000000
vn  -0.894427 0.447214 0.000000
vn  -0.447214 0.894427 0.000000
vn  0.000000 1.000000 0.000000
vn  0.000000 1.000000 0.000000
vn  -0.894427 0.447214 0.000000
vn  -0.447214 0.894427 0.000000
vn  0.000000 1.000000 0.000000
vn  0.000000 1.000000 0.000000
vn  -0.894427 0.447214 0.000000
vn  -0.447214 0.894427 0.000000
vn  0.000000 1.000000 0.000000
vn  0.000000 1.000000 0.000000
vn  -0.894427 0.447214 0.000000
vn  -0.483271 0.875471 0.000000
vn  -0.305393 0.952226 0.000000
vn  0.000000 1.000000 0.000000
vn  -0.894427 0.447214 0.000000
vn  0.000000 -1.000000 0.000000
vn  0.000000 -1.000000 0.000000
vn  0.000000 -1.000000 0.000000
vn  -0.894427 -0.447214 0.000000
vn  -0.447214 0.894427 0.000000
vn  0.000000 1.000000 0.000000
vn  0.000000 1.000000 0.000000
vn  0.000000 1.000000 0.000000
vn  -0.501036 0.865426 0.000000
vn  -0.945023 0.327004 0.000000
vn  -0.501036 0.865426 0.000000
vn  -0.501036 0.865426 0.000000
vn  0.578747 -0.815507 0.000000
vn  0.578747 -0.815507 0.000000
vn  0.096115 -0.995370 0.000000
vn  0.578747 -0.815507 0.000000
vn  -0.600000 -0.800000 0.000000
vn  0.868243 -0.496139 0.000000
vn  -0.600000 -0.800000 0.000000
vn  -0.600000 -0.800000 0.000000
vn  0.868243 0.496139 0.000000
vn  0.868243 0.496139 0.000000
vn  0.756689 0.653775 0.000000
vn  0.610795 0.791789 0.000000
vn  0.678280 0.734803 0.000000
vn  0.678280 0.734803 0.000000
vn  0.481449 0.876474 0.000000
vn  0.994364 -0.106024 0.000000
vn  1.000000 0.000000 0.000000
vn  1.000000 0.000000 0.000000
vn  1.000000 0.000000 0.000000
vn  1.000000 0.000000 0.000000
vn  0.564198 -0.825640 0.000000
vn  0.328528 -0.944494 0.000000
vn  0.994364 -0.106024 0.000000
vn  0.499995 0.866028 0.000000
vn  0.000000 1.000000 0.000000
vn  0.000000 1.000000 0.000000
vn  0.000000 1.000000 0.000000
vn  0.000000 1.000000 0.000000
vn  0.000000 -1.000000 0.000000
vn  0.000000 -1.000000 0.000000
vn  0.000000 -1.000000 0.000000
vn  0.000000 -1.000000 0.000000
vn  -0.894427 -0.447214 0.000000
vn  -1.000000 0.000000 0.000000
vn  -1.000000 0.000000 0.000000
vn  -1.000000 0.000000 0.000000
vn  1.000000 0.000000 0.000000
vn  1.000000 0.000000 0.000000
vn  1.000000 0.000000 0.000000
vn  0.447214 -0.894427 0.000000

g rdmobj25
usemtl BROWN1
f  1607/1607/1607 1608/1608/1608 1609/1609/1609
f  1610/1610/1610 1607/1607/1607 1609/1609/1609
f  1611/1611/1611 1612/1612/1612 1613/1613/1613
f  1614/1614/1614 1611/1611/1611 1613/1613/1613
f  1615/1615/1615 1616/1616/1616 1617/1617/1617
f  1618/1618/1618 1615/1615/1615 1617/1617/1617
f  1619/1619/1619 1620/1620/1620 1621/1621/1621
f  1622/1622/1622 1619/1619/1619 1621/1621/1621
f  1623/1623/1623 1624/1624/1624 1625/1625/1625
f  1626/1626/1626 1623/1623/1623 1625/1625/1625
f  1627/1627/1627 1628/1628/1628 1629/1629/1629
f  1630/1630/1630 1627/1627/1627 1629/1629/1629
f  1631/1631/1631 1632/1632/1632 1633/1633/1633
f  1634/1634/1634 1631/1631/1631 1633/1633/1633
f  1635/1635/1635 1636/1636/1636 1637/1637/1637
f  1638/1638/1638 1635/1635/1635 1637/1637/1637
f  1639/1639/1639 1640/1640/1640 1641/1641/1641
f  1642/1642/1642 1639/1639/1639 1641/1641/1641
f  1643/1643/1643 1644/1644/1644 1645/1645/1645
f  1646/1646/1646 1643/1643/1643 1645/1645/1645
f  1647/1647/1647 1648/1648/1648 1649/1649/1649
f  1650/1650/1650 1647/1647/1647 1649/1649/1649
f  1651/1651/1651 1652/1652/1652 1653/1653/1653
f  1654/1654/1654 1651/1651/1651 1653/1653/1653
f  1655/1655/1655 1656/1656/1656 1657/1657/1657
f  1658/1658/1658 1655/1655/1655 1657/1657/1657
f  1659/1659/1659 1660/1660/1660 1661/1661/1661
f  1662/1662/1662 1659/1659/1659 1661/1661/1661
f  1663/1663/1663 1664/1664/1664 1665/1665/1665
f  1666/1666/1666 1663/1663/1663 1665/1665/1665
f  1667/1667/1667 1668/1668/1668 1669/1669/1669
f  1670/1670/1670 1667/1667/1667 1669/1669/1669
f  1671/1671/1671 1672/1672/1672 1673/1673/1673
f  1674/1674/1674 1671/1671/1671 1673/1673/1673
f  1675/1675/1675 1676/1676/1676 1677/1677/1677
f  1678/1678/1678 1675/1675/1675 1677/1677/1677
f  1679/1679/1679 1680/1680/1680 1681/1681/1681
f  1682/1682/1682 1679/1679/1679 1681/1681/1681
f  1683/1683/1683 1684/1684/1684 1685/1685/1685
f  1686/1686/1686 1683/1683/1683 1685/1685/1685
f  1687/1687/1687 1688/1688/1688 1689/1689/1689
f  1690/1690/1690 1687/1687/1687 1689/1689/1689
f  1691/1691/1691 1692/1692/1692 1693/1693/1693
f  1694/1694/1694 1691/1691/1691 1693/1693/1693
f  1695/1695/1695 1696/1696/1696 1697/1697/1697
f  1698/1698/1698 1695/1695/1695 1697/1697/1697
f  1699/1699/1699 1700/1700/1700 1701/1701/1701
f  1702/1702/1702 1699/1699/1699 1701/1701/1701
f  1703/1703/1703 1704/1704/1704 1705/1705/1705
f  1706/1706/1706 1703/1703/1703 1705/1705/1705
f  1707/1707/1707 1708/1708/1708 1709/1709/1709
f  1710/1710/1710 1707/1707/1707 1709/1709/1709
f  1711/1711/1711 1712/1712/1712 1713/1713/1713
f  1714/1714/1714 1711/1711/1711 1713/1713/1713
f  1715/1715/1715 1716/1716/1716 1717/1717/1717
f  1718/1718/1718 1715/1715/1715 1717/1717/1717
f  1719/1719/1719 1720/1720/1720 1721/1721/1721
f  1722/1722/1722 1719/1719/1719 1721/1721/1721
f  1723/1723/1723 1724/1724/1724 1725/1725/1725
f  1726/1726/1726 1723/1723/1723 1725/1725/1725
f  1727/1727/1727 1728/1728/1728 1729/1729/1729
f  1730/1730/1730 1727/1727/1727 1729/1729/1729
f  1731/1731/1731 1732/1732/1732 1733/1733/1733
f  1734/1734/1734 1731/1731/1731 1733/1733/1733
f  1735/1735/1735 1736/1736/1736 1737/1737/1737
f  1738/1738/1738 1735/1735/1735 1737/1737/1737
f  1739/1739/1739 1740/1740/1740 1741/1741/1741
f  1742/1742/1742 1739/1739/1739 1741/1741/1741
f  1743/1743/1743 1744/1744/1744 1745/1745/1745
f  1746/1746/1746 1743/1743/1743 1745/1745/1745
f  1747/1747/1747 1748/1748/1748 1749/1749/1749
f  1750/1750/1750 1747/1747/1747 1749/1749/1749
f  1751/1751/1751 1752/1752/1752 1753/1753/1753
f  1754/1754/1754 1751/1751/1751 1753/1753/1753
f  1755/1755/1755 1756/1756/1756 1757/1757/1757
f  1758/1758/1758 1755/1755/1755 1757/1757/1757
f  1759/1759/1759 1760/1760/1760 1761/1761/1761
f  1762/1762/1762 1759/1759/1759 1761/1761/1761
f  1763/1763/1763 1764/1764/1764 1729/1729/1729
f  1765/1765/1765 1764/1764/1764 1763/1763/1763
f  1766/1766/1766 1765/1765/1765 1763/1763/1763
f  1767/1767/1767 1768/1768/1768 1769/1769/1769
f  1770/1770/1770 1767/1767/1767 1769/1769/1769
f  1764/1764/1764 1771/1771/1771 1729/1729/1729
f  1772/1772/1772 1773/1773/1773 1774/1774/1774
f  1775/1775/1775 1772/1772/1772 1774/1774/1774
f  1776/1776/1776 1777/1777/1777 1778/1778/1778
f  1779/1779/1779 1776/1776/1776 1778/1778/1778
f  1780/1780/1780 1781/1781/1781 1782/1782/1782
f  1783/1783/1783 1780/1780/1780 1782/1782/1782
f  1784/1784/1784 1785/1785/1785 1786/1786/1786
f  1787/1787/1787 1784/1784/1784 1786/1786/1786
f  1788/1788/1788 1789/1789/1789 1790/1790/1790
f  1791/1791/1791 1788/1788/1788 1790/1790/1790
f  1792/1792/1792 1793/1793/1793 1794/1794/1794
f  1795/1795/1795 1792/1792/1792 1794/1794/1794
f  1796/1796/1796 1797/1797/1797 1798/1798/1798
f  1799/1799/1799 1796/1796/1796 1798/1798/1798
f  1800/1800/1800 1801/1801/1801 1802/1802/1802
f  1803/1803/1803 1800/1800/1800 1802/1802/1802
f  1804/1804/1804 1805/1805/1805 1806/1806/1806
f  1807/1807/1807 1804/1804/1804 1806/1806/1806
f  1808/1808/1808 1809/1809/1809 1810/1810/1810
f  1811/1811/1811 1808/1808/1808 1810/1810/1810
f  1806/1806/1806 1805/1805/1805 1812/1812/1812
f  1805/1805/1805 1813/1813/1813 1812/1812/1812
f  1814/1814/1814 1815/1815/1815 1812/1812/1812
f  1816/1816/1816 1814/1814/1814 1812/1812/1812
f  1817/1817/1817 1818/1818/1818 1819/1819/1819
f  1820/1820/1820 1817/1817/1817 1819/1819/1819
f  1821/1821/1821 1822/1822/1822 1823/1823/1823
f  1824/1824/1824 1821/1821/1821 1823/1823/1823
f  1825/1825/1825 1826/1826/1826 1827/1827/1827
f  1828/1828/1828 1825/1825/1825 1827/1827/1827
f  1829/1829/1829 1830/1830/1830 1831/1831/1831
f  1832/1832/1832 1829/1829/1829 1831/1831/1831
f  1833/1833/1833 1834/1834/1834 1835/1835/1835
f  1836/1836/1836 1833/1833/1833 1835/1835/1835
f  1837/1837/1837 1838/1838/1838 1839/1839/1839
f  1840/1840/1840 1837/1837/1837 1839/1839/1839
f  1841/1841/1841 1842/1842/1842 1843/1843/1843
f  1844/1844/1844 1841/1841/1841 1843/1843/1843
f  1845/1845/1845 1846/1846/1846 1847/1847/1847
f  1848/1848/1848 1845/1845/1845 1847/1847/1847
f  1849/1849/1849 1850/1850/1850 1851/1851/1851
f  1852/1852/1852 1849/1849/1849 1851/1851/1851
f  1853/1853/1853 1854/1854/1854 1855/1855/1855
f  1856/1856/1856 1853/1853/1853 1855/1855/1855
f  1857/1857/1857 1858/1858/1858 1859/1859/1859
f  1860/1860/1860 1857/1857/1857 1859/1859/1859
f  1861/1861/1861 1862/1862/1862 1863/1863/1863
f  1864/1864/1864 1861/1861/1861 1863/1863/1863
f  1865/1865/1865 1866/1866/1866 1867/1867/1867
f  1868/1868/1868 1865/1865/1865 1867/1867/1867
f  1869/1869/1869 1870/1870/1870 1871/1871/1871
f  1872/1872/1872 1869/1869/1869 1871/1871/1871
f  1873/1873/1873 1874/1874/1874 1875/1875/1875
f  1876/1876/1876 1873/1873/1873 1875/1875/1875
f  1877/1877/1877 1878/1878/1878 1879/1879/1879
f  1880/1880/1880 1877/1877/1877 1879/1879/1879
f  1881/1881/1881 1882/1882/1882 1883/1883/1883
f  1884/1884/1884 1881/1881/1881 1883/1883/1883
f  1885/1885/1885 1886/1886/1886 1887/1887/1887
f  1888/1888/1888 1885/1885/1885 1887/1887/1887
f  1889/1889/1889 1890/1890/1890 1891/1891/1891
f  1892/1892/1892 1889/1889/1889 1891/1891/1891
f  1893/1893/1893 1894/1894/1894 1895/1895/1895
f  1896/1896/1896 1893/1893/1893 1895/1895/1895
f  1897/1897/1897 1898/1898/1898 1899/1899/1899
f  1900/1900/1900 1897/1897/1897 1899/1899/1899
f  1901/1901/1901 1902/1902/1902 1903/1903/1903
f  1904/1904/1904 1901/1901/1901 1903/1903/1903
f  1905/1905/1905 1906/1906/1906 1907/1907/1907
f  1908/1908/1908 1905/1905/1905 1907/1907/1907
f  1909/1909/1909 1910/1910/1910 1911/1911/1911
f  1912/1912/1912 1909/1909/1909 1911/1911/1911

g
v  1376.000000 -3264.000000 8.000000
v  1376.000000 -3264.000000 192.000000
v  1344.000000 -3264.000000 192.000000
v  1344.000000 -3264.000000 8.000000
v  1344.000000 -3360.000000 8.000000
v  1344.000000 -3360.000000 192.000000
v  1376.000000 -3360.000000 192.000000
v  1376.000000 -3360.000000 8.000000
v  1344.000000 -3200.000000 8.000000
v  1344.000000 -3200.000000 192.000000
v  1376.000000 -3200.000000 192.000000
v  1376.000000 -3200.000000 8.000000
v  1376.000000 -3104.000000 8.000000
v  1376.000000 -3104.000000 192.000000
v  1344.000000 -3104.000000 192.000000
v  1344.000000 -3104.000000 8.000000
v  -128.000000 -3136.000000 136.000000
v  -128.000000 -3136.000000 240.000000
v  -128.000000 -3120.000000 240.000000
v  -128.000000 -3120.000000 136.000000
v  -256.000000 -3120.000000 136.000000
v  -256.000000 -3120.000000 240.000000
v  -256.000000 -3136.000000 240.000000
v  -256.000000 -3136.000000 136.000000
v  -256.000000 -3328.000000 136.000000
v  -256.000000 -3328.000000 240.000000
v  -256.000000 -3344.000000 240.000000
v  -256.000000 -3344.000000 136.000000
v  -128.000000 -3344.000000 136.000000
v  -128.000000 -3344.000000 240.000000
v  -128.000000 -3328.000000 240.000000
v  -128.000000 -3328.000000 136.000000
v  -336.000000 -3296.000000 136.000000
v  -336.000000 -3296.000000 240.000000
v  -320.000000 -3296.000000 240.000000
v  -320.000000 -3296.000000 136.000000
v  -320.000000 -3168.000000 136.000000
v  -320.000000 -3168.000000 240.000000
v  -336.000000 -3168.000000 240.000000
v  -336.000000 -3168.000000 136.000000
v  2736.000000 -3360.000000 0.000000
v  2736.000000 -3360.000000 136.000000
v  2752.000000 -3360.000000 136.000000
v  2752.000000 -3360.000000 0.000000
v  2752.000000 -3112.000000 0.000000
v  2752.000000 -3112.000000 136.000000
v  2736.000000 -3112.000000 136.000000
v  2736.000000 -3112.000000 0.000000

vt  4.000000 1.437500 0.000000
vt  4.000000 0.000000 0.000000
vt  0.000000 0.000000 0.000000
vt  0.000000 1.437500 0.000000
vt  4.000000 1.437500 0.000000
vt  4.000000 0.000000 0.000000
vt  0.000000 0.000000 0.000000
vt  0.000000 1.437500 0.000000
vt  4.000000 1.437500 0.000000
vt  4.000000 0.000000 0.000000
vt  0.000000 0.000000 0.000000
vt  0.000000 1.437500 0.000000
vt  4.000000 1.437500 0.000000
vt  4.000000 0.000000 0.000000
vt  0.000000 0.000000 0.000000
vt  0.000000 1.437500 0.000000
vt  2.000000 0.812500 0.000000
vt  2.000000 0.000000 0.000000
vt  0.000000 0.000000 0.000000
vt  0.000000 0.812500 0.000000
vt  2.000000 0.812500 0.000000
vt  2.000000 0.000000 0.000000
vt  0.000000 0.000000 0.000000
vt  0.000000 0.812500 0.000000
vt  2.000000 0.812500 0.000000
vt  2.000000 0.000000 0.000000
vt  0.000000 0.000000 0.000000
vt  0.000000 0.812500 0.000000
vt  2.000000 0.812500 0.000000
vt  2.000000 0.000000 0.000000
vt  0.000000 0.000000 0.000000
vt  0.000000 0.812500 0.000000
vt  2.000000 0.812500 0.000000
vt  2.000000 0.000000 0.000000
vt  0.000000 0.000000 0.000000
vt  0.000000 0.812500 0.000000
vt  2.000000 0.812500 0.000000
vt  2.000000 0.000000 0.000000
vt  0.000000 0.000000 0.000000
vt  0.000000 0.812500 0.000000
vt  2.000000 1.062500 0.000000
vt  2.000000 0.000000 0.000000
vt  0.000000 0.000000 0.000000
vt  0.000000 1.062500 0.000000
vt  2.000000 1.062500 0.000000
vt  2.000000 0.000000 0.000000
vt  0.000000 0.000000 0.000000
vt  0.000000 1.062500 0.000000

vn  0.000000 -1.000000 0.000000
vn  0.000000 -1.000000 0.000000
vn  0.000000 -1.000000 0.000000
vn  0.000000 -1.000000 0.000000
vn  0.000000 1.000000 0.000000
vn  0.000000 1.000000 0.000000
vn  0.000000 1.000000 0.000000
vn  0.000000 1.000000 0.000000
vn  0.000000 1.000000 0.000000
vn  0.000000 1.000000 0.000000
vn  0.000000 1.000000 0.000000
vn  0.000000 1.000000 0.000000
vn  0.000000 -1.000000 0.000000
vn  0.000000 -1.000000 0.000000
vn  0.000000 -1.000000 0.000000
vn  0.000000 -1.000000 0.000000
vn  -1.000000 0.000000 0.000000
vn  -1.000000 0.000000 0.000000
vn  -1.000000 0.000000 0.000000
vn  -1.000000 0.000000 0.000000
vn  1.000000 0.000000 0.000000
vn  1.000000 0.000000 0.000000
vn  1.000000 0.000000 0.000000
vn  1.000000 0.000000 0.000000
vn  1.000000 0.000000 0.000000
vn  1.000000 0.000000 0.000000
vn  1.000000 0.000000 0.000000
vn  1.000000 0.000000 0.000000
vn  -1.000000 0.000000 0.000000
vn  -1.000000 0.000000 0.000000
vn  -1.000000 0.000000 0.000000
vn  -1.000000 0.000000 0.000000
vn  0.000000 1.000000 0.000000
vn  0.000000 1.000000 0.000000
vn  0.000000 1.000000 0.000000
vn  0.000000 1.000000 0.000000
vn  0.000000 -1.000000 0.000000
vn  0.000000 -1.000000 0.000000
vn  0.000000 -1.000000 0.000000
vn  0.000000 -1.000000 0.000000
vn  0.000000 1.000000 0.000000
vn  0.000000 1.000000 0.000000
vn  0.000000 1.000000 0.000000
vn  0.000000 1.000000 0.000000
vn  0.000000 -1.000000 0.000000
vn  0.000000 -1.000000 0.000000
vn  0.000000 -1.000000 0.000000
vn  0.000000 -1.000000 0.000000

g rdmobj26
usemtl DOORSTOP
f  1913/1913/1913 1914/1914/1914 1915/1915/1915
f  1916/1916/1916 1913/1913/1913 1915/1915/1915
f  1917/1917/1917 1918/1918/1918 1919/1919/1919
f  1920/1920/1920 1917/1917/1917 1919/1919/1919
f  1921/1921/1921 1922/1922/1922 1923/1923/1923
f  1924/1924/1924 1921/1921/1921 1923/1923/1923
f  1925/1925/1925 1926/1926/1926 1927/1927/1927
f  1928/1928/1928 1925/1925/1925 1927/1927/1927
f  1929/1929/1929 1930/1930/1930 1931/1931/1931
f  1932/1932/1932 1929/1929/1929 1931/1931/1931
f  1933/1933/1933 1934/1934/1934 1935/1935/1935
f  1936/1936/1936 1933/1933/1933 1935/1935/1935
f  1937/1937/1937 1938/1938/1938 1939/1939/1939
f  1940/1940/1940 1937/1937/1937 1939/1939/1939
f  1941/1941/1941 1942/1942/1942 1943/1943/1943
f  1944/1944/1944 1941/1941/1941 1943/1943/1943
f  1945/1945/1945 1946/1946/1946 1947/1947/1947
f  1948/1948/1948 1945/1945/1945 1947/1947/1947
f  1949/1949/1949 1950/1950/1950 1951/1951/1951
f  1952/1952/1952 1949/1949/1949 1951/1951/1951
f  1953/1953/1953 1954/1954/1954 1955/1955/1955
f  1956/1956/1956 1953/1953/1953 1955/1955/1955
f  1957/1957/1957 1958/1958/1958 1959/1959/1959
f  1960/1960/1960 1957/1957/1957 1959/1959/1959

g
v  928.000000 -3392.000000 72.000000
v  928.000000 -3392.000000 120.000000
v  1184.000000 -3392.000000 120.000000
v  1184.000000 -3392.000000 72.000000
v  896.000000 -3104.000000 72.000000
v  896.000000 -3104.000000 120.000000
v  896.000000 -3360.000000 120.000000
v  896.000000 -3360.000000 72.000000
v  1184.000000 -3072.000000 72.000000
v  1184.000000 -3072.000000 120.000000
v  928.000000 -3072.000000 120.000000
v  928.000000 -3072.000000 72.000000
v  1600.000000 -2112.000000 32.000000
v  1600.000000 -2112.000000 88.000000
v  1600.000000 -2368.000000 88.000000
v  1600.000000 -2368.000000 32.000000
v  2560.000000 -2496.000000 32.000000
v  2560.000000 -2496.000000 88.000000
v  2560.000000 -2112.000000 88.000000
v  2560.000000 -2112.000000 32.000000
v  2496.000000 -2048.000000 32.000000
v  2496.000000 -2048.000000 88.000000
v  1664.000000 -2048.000000 88.000000
v  1664.000000 -2048.000000 32.000000
v  1664.000000 -2816.000000 32.000000
v  1664.000000 -2816.000000 88.000000
v  2176.000000 -2816.000000 88.000000
v  2176.000000 -2816.000000 32.000000
v  1600.000000 -2624.000000 32.000000
v  1600.000000 -2624.000000 88.000000
v  1600.000000 -2752.000000 88.000000
v  1600.000000 -2752.000000 32.000000

vt  1.000000 0.857143 0.000000
vt  1.000000 0.000000 0.000000
vt  0.000000 0.000000 0.000000
vt  0.000000 0.857143 0.000000
vt  1.000000 0.857143 0.000000
vt  1.000000 0.000000 0.000000
vt  0.000000 0.000000 0.000000
vt  0.000000 0.857143 0.000000
vt  1.000000 0.857143 0.000000
vt  1.000000 0.000000 0.000000
vt  0.000000 0.000000 0.000000
vt  0.000000 0.857143 0.000000
vt  1.000000 1.000000 0.000000
vt  1.000000 0.000000 0.000000
vt  0.000000 0.000000 0.000000
vt  0.000000 1.000000 0.000000
vt  1.500000 1.000000 0.000000
vt  1.500000 0.000000 0.000000
vt  0.000000 0.000000 0.000000
vt  0.000000 1.000000 0.000000
vt  3.250000 1.000000 0.000000
vt  3.250000 0.000000 0.000000
vt  0.000000 0.000000 0.000000
vt  0.000000 1.000000 0.000000
vt  2.000000 1.000000 0.000000
vt  2.000000 0.000000 0.000000
vt  0.000000 0.000000 0.000000
vt  0.000000 1.000000 0.000000
vt  0.500000 1.000000 0.000000
vt  0.500000 0.000000 0.000000
vt  0.000000 0.000000 0.000000
vt  0.000000 1.000000 0.000000

vn  0.000000 1.000000 0.000000
vn  0.000000 1.000000 0.000000
vn  0.000000 1.000000 0.000000
vn  0.000000 1.000000 0.000000
vn  1.000000 0.000000 0.000000
vn  1.000000 0.000000 0.000000
vn  1.000000 0.000000 0.000000
vn  1.000000 0.000000 0.000000
vn  0.000000 -1.000000 0.000000
vn  0.000000 -1.000000 0.000000
vn  0.000000 -1.000000 0.000000
vn  0.000000 -1.000000 0.000000
vn  1.000000 0.000000 0.000000
vn  1.000000 0.000000 0.000000
vn  1.000000 0.000000 0.000000
vn  1.000000 0.000000 0.000000
vn  -1.000000 0.000000 0.000000
vn  -1.000000 0.000000 0.000000
vn  -1.000000 0.000000 0.000000
vn  -1.000000 0.000000 0.000000
vn  0.000000 -1.000000 0.000000
vn  0.000000 -1.000000 0.000000
vn  0.000000 -1.000000 0.000000
vn  0.000000 -1.000000 0.000000
vn  0.000000 1.000000 0.000000
vn  0.000000 1.000000 0.000000
vn  0.000000 1.000000 0.000000
vn  0.000000 1.000000 0.000000
vn  1.000000 0.000000 0.000000
vn  1.000000 0.000000 0.000000
vn  1.000000 0.000000 0.000000
vn  1.000000 0.000000 0.000000

g rdmobj27
usemtl COMPUTE2
f  1961/1961/1961 1962/1962/1962 1963/1963/1963
f  1964/1964/1964 1961/1961/1961 1963/1963/1963
f  1965/1965/1965 1966/1966/1966 1967/1967/1967
f  1968/1968/1968 1965/1965/1965 1967/1967/1967
f  1969/1969/1969 1970/1970/1970 1971/1971/1971
f  1972/1972/1972 1969/1969/1969 1971/1971/1971
f  1973/1973/1973 1974/1974/1974 1975/1975/1975
f  1976/1976/1976 1973/1973/1973 1975/1975/1975
f  1977/1977/1977 1978/1978/1978 1979/1979/1979
f  1980/1980/1980 1977/1977/1977 1979/1979/1979
f  1981/1981/1981 1982/1982/1982 1983/1983/1983
f  1984/1984/1984 1981/1981/1981 1983/1983/1983
f  1985/1985/1985 1986/1986/1986 1987/1987/1987
f  1988/1988/1988 1985/1985/1985 1987/1987/1987
f  1989/1989/1989 1990/1990/1990 1991/1991/1991
f  1992/1992/1992 1989/1989/1989 1991/1991/1991

g
v  928.000000 -3392.000000 -8.000000
v  928.000000 -3392.000000 0.000000
v  1184.000000 -3392.000000 0.000000
v  1184.000000 -3392.000000 -8.000000
v  1216.000000 -3392.000000 -16.000000
v  1216.000000 -3392.000000 0.000000
v  1344.000000 -3360.000000 0.000000
v  1344.000000 -3360.000000 -16.000000
v  1344.000000 -3104.000000 -16.000000
v  1344.000000 -3104.000000 0.000000
v  1216.000000 -3072.000000 0.000000
v  1216.000000 -3072.000000 -16.000000
v  1184.000000 -3104.000000 -16.000000
v  1184.000000 -3104.000000 -8.000000
v  928.000000 -3104.000000 -8.000000
v  928.000000 -3104.000000 -16.000000
v  928.000000 -3360.000000 -16.000000
v  928.000000 -3360.000000 -8.000000
v  1184.000000 -3360.000000 -8.000000
v  1184.000000 -3360.000000 -16.000000
v  928.000000 -3104.000000 -16.000000
v  928.000000 -3104.000000 -8.000000
v  928.000000 -3360.000000 -8.000000
v  928.000000 -3360.000000 -16.000000
v  896.000000 -3104.000000 -8.000000
v  896.000000 -3104.000000 0.000000
v  896.000000 -3360.000000 0.000000
v  896.000000 -3360.000000 -8.000000
v  1184.000000 -3072.000000 -8.000000
v  1184.000000 -3072.000000 0.000000
v  928.000000 -3072.000000 0.000000
v  928.000000 -3072.000000 -8.000000
v  704.000000 -3360.000000 -8.000000
v  704.000000 -3360.000000 0.000000
v  704.000000 -3104.000000 0.000000
v  704.000000 -3104.000000 -8.000000
v  320.000000 -3200.000000 -8.000000
v  320.000000 -3200.000000 8.000000
v  320.000000 -3264.000000 8.000000
v  320.000000 -3264.000000 -8.000000
v  160.000000 -3200.000000 72.000000
v  160.000000 -3200.000000 88.000000
v  160.000000 -3264.000000 88.000000
v  160.000000 -3264.000000 72.000000
v  192.000000 -3200.000000 56.000000
v  192.000000 -3200.000000 72.000000
v  192.000000 -3264.000000 72.000000
v  192.000000 -3264.000000 56.000000
v  224.000000 -3200.000000 40.000000
v  224.000000 -3200.000000 56.000000
v  224.000000 -3264.000000 56.000000
v  224.000000 -3264.000000 40.000000
v  256.000000 -3200.000000 24.000000
v  256.000000 -3200.000000 40.000000
v  256.000000 -3264.000000 40.000000
v  256.000000 -3264.000000 24.000000
v  288.000000 -3200.000000 8.000000
v  288.000000 -3200.000000 24.000000
v  288.000000 -3264.000000 24.000000
v  288.000000 -3264.000000 8.000000

vt  8.000000 0.500000 0.000000
vt  8.000000 0.000000 0.000000
vt  0.000000 0.000000 0.000000
vt  0.000000 0.500000 0.000000
vt  4.123106 1.000000 0.000000
vt  4.123106 0.000000 0.000000
vt  0.000000 0.000000 0.000000
vt  0.000000 1.000000 0.000000
vt  4.123106 1.000000 0.000000
vt  4.123106 0.000000 0.000000
vt  0.000000 0.000000 0.000000
vt  0.000000 1.000000 0.000000
vt  8.000000 0.500000 0.000000
vt  8.000000 0.000000 0.000000
vt  0.000000 0.000000 0.000000
vt  0.000000 0.500000 0.000000
vt  8.000000 0.500000 0.000000
vt  8.000000 0.000000 0.000000
vt  0.000000 0.000000 0.000000
vt  0.000000 0.500000 0.000000
vt  8.000000 0.500000 0.000000
vt  8.000000 0.000000 0.000000
vt  0.000000 0.000000 0.000000
vt  0.000000 0.500000 0.000000
vt  8.000000 0.500000 0.000000
vt  8.000000 0.000000 0.000000
vt  0.000000 0.000000 0.000000
vt  0.000000 0.500000 0.000000
vt  8.000000 0.500000 0.000000
vt  8.000000 0.000000 0.000000
vt  0.000000 0.000000 0.000000
vt  0.000000 0.500000 0.000000
vt  8.000000 0.500000 0.000000
vt  8.000000 0.000000 0.000000
vt  0.000000 0.000000 0.000000
vt  0.000000 0.500000 0.000000
vt  2.000000 1.000000 0.000000
vt  2.000000 0.000000 0.000000
vt  0.000000 0.000000 0.000000
vt  0.000000 1.000000 0.000000
vt  2.000000 1.000000 0.000000
vt  2.000000 0.000000 0.000000
vt  0.000000 0.000000 0.000000
vt  0.000000 1.000000 0.000000
vt  2.000000 1.000000 0.000000
vt  2.000000 0.000000 0.000000
vt  0.000000 0.000000 0.000000
vt  0.000000 1.000000 0.000000
vt  2.000000 1.000000 0.000000
vt  2.000000 0.000000 0.000000
vt  0.000000 0.000000 0.000000
vt  0.000000 1.000000 0.000000
vt  2.000000 1.000000 0.000000
vt  2.000000 0.000000 0.000000
vt  0.000000 0.000000 0.000000
vt  0.000000 1.000000 0.000000
vt  2.000000 1.000000 0.000000
vt  2.000000 0.000000 0.000000
vt  0.000000 0.000000 0.000000
vt  0.000000 1.000000 0.000000

vn  0.000000 1.000000 0.000000
vn  0.000000 1.000000 0.000000
vn  0.000000 1.000000 0.000000
vn  0.000000 1.000000 0.000000
vn  -0.242536 0.970143 0.000000
vn  -0.242536 0.970143 0.000000
vn  -0.242536 0.970143 0.000000
vn  -0.242536 0.970143 0.000000
vn  -0.242536 -0.970143 0.000000
vn  -0.242536 -0.970143 0.000000
vn  -0.242536 -0.970143 0.000000
vn  -0.242536 -0.970143 0.000000
vn  0.000000 -1.000000 0.000000
vn  0.000000 -1.000000 0.000000
vn  0.447214 -0.894427 0.000000
vn  0.894427 -0.447214 0.000000
vn  0.447214 0.894427 0.000000
vn  0.894427 0.447214 0.000000
vn  0.000000 1.000000 0.000000
vn  0.000000 1.000000 0.000000
vn  0.894427 -0.447214 0.000000
vn  0.447214 -0.894427 0.000000
vn  0.894427 0.447214 0.000000
vn  0.447214 0.894427 0.000000
vn  1.000000 0.000000 0.000000
vn  1.000000 0.000000 0.000000
vn  1.000000 0.000000 0.000000
vn  1.000000 0.000000 0.000000
vn  0.000000 -1.000000 0.000000
vn  0.000000 -1.000000 0.000000
vn  0.000000 -1.000000 0.000000
vn  0.000000 -1.000000 0.000000
vn  -1.000000 0.000000 0.000000
vn  -1.000000 0.000000 0.000000
vn  -1.000000 0.000000 0.000000
vn  -1.000000 0.000000 0.000000
vn  1.000000 0.000000 0.000000
vn  1.000000 0.000000 0.000000
vn  1.000000 0.000000 0.000000
vn  1.000000 0.000000 0.000000
vn  1.000000 0.000000 0.000000
vn  1.000000 0.000000 0.000000
vn  1.000000 0.000000 0.000000
vn  1.000000 0.000000 0.000000
vn  1.000000 0.000000 0.000000
vn  1.000000 0.000000 0.000000
vn  1.000000 0.000000 0.000000
vn  1.000000 0.000000 0.000000
vn  1.000000 0.000000 0.000000
vn  1.000000 0.000000 0.000000
vn  1.000000 0.000000 0.000000
vn  1.000000 0.000000 0.000000
vn  1.000000 0.000000 0.000000
vn  1.000000 0.000000 0.000000
vn  1.000000 0.000000 0.000000
vn  1.000000 0.000000 0.000000
vn  1.000000 0.000000 0.000000
vn  1.000000 0.000000 0.000000
vn  1.000000 0.000000 0.000000
vn  1.000000 0.000000 0.000000

g rdmobj28
usemtl STEP6
f  1993/1993/1993 1994/1994/1994 1995/1995/1995
f  1996/1996/1996 1993/1993/1993 1995/1995/1995
f  1997/1997/1997 1998/1998/1998 1999/1999/1999
f  2000/2000/2000 1997/1997/1997 1999/1999/1999
f  2001/2001/2001 2002/2002/2002 2003/2003/2003
f  2004/2004/2004 2001/2001/2001 2003/2003/2003
f  2005/2005/2005 2006/2006/2006 2007/2007/2007
f  2008/2008/2008 2005/2005/2005 2007/2007/2007
f  2009/2009/2009 2010/2010/2010 2011/2011/2011
f  2012/2012/2012 2009/2009/2009 2011/2011/2011
f  2013/2013/2013 2014/2014/2014 2015/2015/2015
f  2016/2016/2016 2013/2013/2013 2015/2015/2015
f  2017/2017/2017 2018/2018/2018 2019/2019/2019
f  2020/2020/2020 2017/2017/2017 2019/2019/2019
f  2021/2021/2021 2022/2022/2022 2023/2023/2023
f  2024/2024/2024 2021/2021/2021 2023/2023/2023
f  2025/2025/2025 2026/2026/2026 2027/2027/2027
f  2028/2028/2028 2025/2025/2025 2027/2027/2027
f  2029/2029/2029 2030/2030/2030 2031/2031/2031
f  2032/2032/2032 2029/2029/2029 2031/2031/2031
f  2033/2033/2033 2034/2034/2034 2035/2035/2035
f  2036/2036/2036 2033/2033/2033 2035/2035/2035
f  2037/2037/2037 2038/2038/2038 2039/2039/2039
f  2040/2040/2040 2037/2037/2037 2039/2039/2039
f  2041/2041/2041 2042/2042/2042 2043/2043/2043
f  2044/2044/2044 2041/2041/2041 2043/2043/2043
f  2045/2045/2045 2046/2046/2046 2047/2047/2047
f  2048/2048/2048 2045/2045/2045 2047/2047/2047
f  2049/2049/2049 2050/2050/2050 2051/2051/2051
f  2052/2052/2052 2049/2049/2049 2051/2051/2051

g
v  1376.000000 -3648.000000 -56.000000
v  1376.000000 -3648.000000 24.000000
v  1528.000000 -3680.000000 24.000000
v  1528.000000 -3680.000000 -56.000000
v  1528.000000 -3680.000000 -56.000000
v  1528.000000 -3680.000000 24.000000
v  1672.000000 -3744.000000 24.000000
v  1672.000000 -3744.000000 -56.000000
v  -640.000000 -3648.000000 0.000000
v  -640.000000 -3648.000000 128.000000
v  64.000000 -3648.000000 128.000000
v  64.000000 -3648.000000 0.000000
v  -768.000000 -3520.000000 0.000000
v  -768.000000 -3520.000000 128.000000
v  -640.000000 -3648.000000 128.000000
v  -640.000000 -3648.000000 0.000000
v  -768.000000 -2944.000000 0.000000
v  -768.000000 -2944.000000 128.000000
v  -768.000000 -3520.000000 128.000000
v  -768.000000 -3520.000000 0.000000
v  -640.000000 -2816.000000 0.000000
v  -640.000000 -2816.000000 128.000000
v  -768.000000 -2944.000000 128.000000
v  -768.000000 -2944.000000 0.000000
v  64.000000 -2816.000000 0.000000
v  64.000000 -2816.000000 128.000000
v  -640.000000 -2816.000000 128.000000
v  -640.000000 -2816.000000 0.000000
v  2488.000000 -3744.000000 -56.000000
v  2488.000000 -3744.000000 24.000000
v  2736.000000 -3648.000000 24.000000
v  2736.000000 -3648.000000 -56.000000
v  2240.000000 -3776.000000 -56.000000
v  2240.000000 -3776.000000 24.000000
v  2488.000000 -3744.000000 24.000000
v  2488.000000 -3744.000000 -56.000000
v  1672.000000 -3744.000000 -56.000000
v  1672.000000 -3744.000000 24.000000
v  1984.000000 -3776.000000 24.000000
v  1984.000000 -3776.000000 -56.000000
v  1672.000000 -3104.000000 -80.000000
v  1672.000000 -3104.000000 -56.000000
v  1520.000000 -3168.000000 -56.000000
v  1520.000000 -3168.000000 -80.000000
v  1896.000000 -3104.000000 -80.000000
v  1896.000000 -3104.000000 -56.000000
v  1672.000000 -3104.000000 -56.000000
v  1672.000000 -3104.000000 -80.000000
v  2040.000000 -3144.000000 -80.000000
v  2040.000000 -3144.000000 -56.000000
v  1896.000000 -3104.000000 -56.000000
v  1896.000000 -3104.000000 -80.000000
v  2128.000000 -3272.000000 -80.000000
v  2128.000000 -3272.000000 -56.000000
v  2040.000000 -3144.000000 -56.000000
v  2040.000000 -3144.000000 -80.000000
v  2064.000000 -3408.000000 -80.000000
v  2064.000000 -3408.000000 -56.000000
v  2128.000000 -3272.000000 -56.000000
v  2128.000000 -3272.000000 -80.000000
v  1784.000000 -3448.000000 -80.000000
v  1784.000000 -3448.000000 -56.000000
v  2064.000000 -3408.000000 -56.000000
v  2064.000000 -3408.000000 -80.000000
v  1544.000000 -3384.000000 -80.000000
v  1544.000000 -3384.000000 -56.000000
v  1784.000000 -3448.000000 -56.000000
v  1784.000000 -3448.000000 -80.000000
v  1520.000000 -3168.000000 -80.000000
v  1520.000000 -3168.000000 -56.000000
v  1544.000000 -3384.000000 -56.000000
v  1544.000000 -3384.000000 -80.000000

vt  1.213531 0.625000 0.000000
vt  1.213531 0.000000 0.000000
vt  0.000000 0.000000 0.000000
vt  0.000000 0.625000 0.000000
vt  1.231107 0.625000 0.000000
vt  1.231107 0.000000 0.000000
vt  0.000000 0.000000 0.000000
vt  0.000000 0.625000 0.000000
vt  5.500000 1.000000 0.000000
vt  5.500000 0.000000 0.000000
vt  0.000000 0.000000 0.000000
vt  0.000000 1.000000 0.000000
vt  1.414214 1.000000 0.000000
vt  1.414214 0.000000 0.000000
vt  0.000000 0.000000 0.000000
vt  0.000000 1.000000 0.000000
vt  4.500000 1.000000 0.000000
vt  4.500000 0.000000 0.000000
vt  0.000000 0.000000 0.000000
vt  0.000000 1.000000 0.000000
vt  1.414214 1.000000 0.000000
vt  1.414214 0.000000 0.000000
vt  0.000000 0.000000 0.000000
vt  0.000000 1.000000 0.000000
vt  5.500000 1.000000 0.000000
vt  5.500000 0.000000 0.000000
vt  0.000000 0.000000 0.000000
vt  0.000000 1.000000 0.000000
vt  2.077596 0.625000 0.000000
vt  2.077596 0.000000 0.000000
vt  0.000000 0.000000 0.000000
vt  0.000000 0.625000 0.000000
vt  1.953562 0.625000 0.000000
vt  1.953562 0.000000 0.000000
vt  0.000000 0.000000 0.000000
vt  0.000000 0.625000 0.000000
vt  2.450287 0.625000 0.000000
vt  2.450287 0.000000 0.000000
vt  0.000000 0.000000 0.000000
vt  0.000000 0.625000 0.000000
vt  1.288471 2.312500 0.000000
vt  1.288471 2.125000 0.000000
vt  0.000000 2.125000 0.000000
vt  0.000000 2.312500 0.000000
vt  1.750000 2.312500 0.000000
vt  1.750000 2.125000 0.000000
vt  0.000000 2.125000 0.000000
vt  0.000000 2.312500 0.000000
vt  1.167596 2.312500 0.000000
vt  1.167596 2.125000 0.000000
vt  0.000000 2.125000 0.000000
vt  0.000000 2.312500 0.000000
vt  1.213531 2.312500 0.000000
vt  1.213531 2.125000 0.000000
vt  0.000000 2.125000 0.000000
vt  0.000000 2.312500 0.000000
vt  1.174268 2.312500 0.000000
vt  1.174268 2.125000 0.000000
vt  0.000000 2.125000 0.000000
vt  0.000000 2.312500 0.000000
vt  2.209709 2.312500 0.000000
vt  2.209709 2.125000 0.000000
vt  0.000000 2.125000 0.000000
vt  0.000000 2.312500 0.000000
vt  1.940522 2.312500 0.000000
vt  1.940522 2.125000 0.000000
vt  0.000000 2.125000 0.000000
vt  0.000000 2.312500 0.000000
vt  1.697885 2.312500 0.000000
vt  1.697885 2.125000 0.000000
vt  0.000000 2.125000 0.000000
vt  0.000000 2.312500 0.000000

vn  0.206010 0.978550 0.000000
vn  0.206010 0.978550 0.000000
vn  0.274070 0.961710 0.000000
vn  0.341110 0.940023 0.000000
vn  0.341110 0.940023 0.000000
vn  0.274070 0.961710 0.000000
vn  0.308179 0.951328 0.000000
vn  0.205675 0.978620 0.000000
vn  0.252725 0.967538 0.000000
vn  0.505449 0.862856 0.000000
vn  0.000000 1.000000 0.000000
vn  0.000000 1.000000 0.000000
vn  0.862856 0.505449 0.000000
vn  0.967538 0.252725 0.000000
vn  0.505449 0.862856 0.000000
vn  0.252725 0.967538 0.000000
vn  0.967538 -0.252725 0.000000
vn  0.862856 -0.505449 0.000000
vn  0.967538 0.252725 0.000000
vn  0.862856 0.505449 0.000000
vn  0.505449 -0.862856 0.000000
vn  0.252725 -0.967538 0.000000
vn  0.862856 -0.505449 0.000000
vn  0.967538 -0.252725 0.000000
vn  0.000000 -1.000000 0.000000
vn  0.000000 -1.000000 0.000000
vn  0.252725 -0.967538 0.000000
vn  0.505449 -0.862856 0.000000
vn  -0.285157 0.958481 0.000000
vn  -0.206979 0.978345 0.000000
vn  -0.360994 0.932568 0.000000
vn  -0.360994 0.932568 0.000000
vn  -0.127971 0.991778 0.000000
vn  -0.127971 0.991778 0.000000
vn  -0.206979 0.978345 0.000000
vn  -0.285157 0.958481 0.000000
vn  0.205675 0.978620 0.000000
vn  0.308179 0.951328 0.000000
vn  0.102029 0.994781 0.000000
vn  0.102029 0.994781 0.000000
vn  0.263331 -0.964706 0.000000
vn  0.131666 -0.991294 0.000000
vn  0.714568 -0.699566 0.000000
vn  0.959147 -0.282910 0.000000
vn  -0.089947 -0.995947 0.000000
vn  -0.179894 -0.983686 0.000000
vn  0.131666 -0.991294 0.000000
vn  0.263331 -0.964706 0.000000
vn  -0.478636 -0.878013 0.000000
vn  -0.674550 -0.738229 0.000000
vn  -0.179894 -0.983686 0.000000
vn  -0.089947 -0.995947 0.000000
vn  -0.963701 -0.266985 0.000000
vn  -0.994193 0.107610 0.000000
vn  -0.674550 -0.738229 0.000000
vn  -0.478636 -0.878013 0.000000
vn  -0.727222 0.686402 0.000000
vn  -0.442679 0.896680 0.000000
vn  -0.994193 0.107610 0.000000
vn  -0.963701 -0.266985 0.000000
vn  -0.008547 0.999963 0.000000
vn  0.126909 0.991914 0.000000
vn  -0.442679 0.896680 0.000000
vn  -0.727222 0.686402 0.000000
vn  0.594197 0.804319 0.000000
vn  0.884058 0.467377 0.000000
vn  0.126909 0.991914 0.000000
vn  -0.008547 0.999963 0.000000
vn  0.959147 -0.282910 0.000000
vn  0.714568 -0.699566 0.000000
vn  0.884058 0.467377 0.000000
vn  0.594197 0.804319 0.000000

g rdmobj29
usemtl BROWN144
f  2053/2053/2053 2054/2054/2054 2055/2055/2055
f  2056/2056/2056 2053/2053/2053 2055/2055/2055
f  2057/2057/2057 2058/2058/2058 2059/2059/2059
f  2060/2060/2060 2057/2057/2057 2059/2059/2059
f  2061/2061/2061 2062/2062/2062 2063/2063/2063
f  2064/2064/2064 2061/2061/2061 2063/2063/2063
f  2065/2065/2065 2066/2066/2066 2067/2067/2067
f  2068/2068/2068 2065/2065/2065 2067/2067/2067
f  2069/2069/2069 2070/2070/2070 2071/2071/2071
f  2072/2072/2072 2069/2069/2069 2071/2071/2071
f  2073/2073/2073 2074/2074/2074 2075/2075/2075
f  2076/2076/2076 2073/2073/2073 2075/2075/2075
f  2077/2077/2077 2078/2078/2078 2079/2079/2079
f  2080/2080/2080 2077/2077/2077 2079/2079/2079
f  2081/2081/2081 2082/2082/2082 2083/2083/2083
f  2084/2084/2084 2081/2081/2081 2083/2083/2083
f  2085/2085/2085 2086/2086/2086 2087/2087/2087
f  2088/2088/2088 2085/2085/2085 2087/2087/2087
f  2089/2089/2089 2090/2090/2090 2091/2091/2091
f  2092/2092/2092 2089/2089/2089 2091/2091/2091
f  2093/2093/2093 2094/2094/2094 2095/2095/2095
f  2096/2096/2096 2093/2093/2093 2095/2095/2095
f  2097/2097/2097 2098/2098/2098 2099/2099/2099
f  2100/2100/2100 2097/2097/2097 2099/2099/2099
f  2101/2101/2101 2102/2102/2102 2103/2103/2103
f  2104/2104/2104 2101/2101/2101 2103/2103/2103
f  2105/2105/2105 2106/2106/2106 2107/2107/2107
f  2108/2108/2108 2105/2105/2105 2107/2107/2107
f  2109/2109/2109 2110/2110/2110 2111/2111/2111
f  2112/2112/2112 2109/2109/2109 2111/2111/2111
f  2113/2113/2113 2114/2114/2114 2115/2115/2115
f  2116/2116/2116 2113/2113/2113 2115/2115/2115
f  2117/2117/2117 2118/2118/2118 2119/2119/2119
f  2120/2120/2120 2117/2117/2117 2119/2119/2119
f  2121/2121/2121 2122/2122/2122 2123/2123/2123
f  2124/2124/2124 2121/2121/2121 2123/2123/2123

g
v  704.000000 -3104.000000 -8.000000
v  704.000000 -3104.000000 120.000000
v  680.000000 -3104.000000 120.000000
v  680.000000 -3104.000000 -8.000000
v  680.000000 -3360.000000 -8.000000
v  680.000000 -3360.000000 120.000000
v  704.000000 -3360.000000 120.000000
v  704.000000 -3360.000000 -8.000000
v  48.000000 -3392.000000 104.000000
v  48.000000 -3392.000000 192.000000
v  64.000000 -3392.000000 192.000000
v  64.000000 -3392.000000 104.000000
v  64.000000 -3072.000000 104.000000
v  64.000000 -3072.000000 192.000000
v  48.000000 -3072.000000 192.000000
v  48.000000 -3072.000000 104.000000
v  -64.000000 -3136.000000 104.000000
v  -64.000000 -3136.000000 264.000000
v  -88.000000 -3136.000000 264.000000
v  -88.000000 -3136.000000 104.000000
v  -88.000000 -3328.000000 104.000000
v  -88.000000 -3328.000000 264.000000
v  -64.000000 -3328.000000 264.000000
v  -64.000000 -3328.000000 104.000000
v  2672.000000 -3920.000000 -136.000000
v  2672.000000 -3920.000000 -40.000000
v  2688.000000 -3920.000000 -40.000000
v  2688.000000 -3920.000000 -136.000000
v  2632.000000 -3792.000000 -136.000000
v  2632.000000 -3792.000000 -40.000000
v  2616.000000 -3792.000000 -40.000000
v  2616.000000 -3792.000000 -136.000000
v  2176.000000 -3920.000000 -136.000000
v  2176.000000 -3920.000000 -40.000000
v  2176.000000 -3904.000000 -40.000000
v  2176.000000 -3904.000000 -136.000000
v  2048.000000 -3904.000000 -136.000000
v  2048.000000 -3904.000000 -40.000000
v  2048.000000 -3920.000000 -40.000000
v  2048.000000 -3920.000000 -136.000000
v  2752.000000 -2784.000000 -24.000000
v  2752.000000 -2784.000000 176.000000
v  2752.000000 -2800.000000 176.000000
v  2752.000000 -2800.000000 -24.000000
v  2960.000000 -2656.000000 -24.000000
v  2960.000000 -2656.000000 176.000000
v  2944.000000 -2656.000000 176.000000
v  2944.000000 -2656.000000 -24.000000
v  2520.000000 -2560.000000 -8.000000
v  2520.000000 -2560.000000 72.000000
v  2496.000000 -2560.000000 72.000000
v  2496.000000 -2560.000000 -8.000000
v  2496.000000 -2688.000000 -8.000000
v  2496.000000 -2688.000000 72.000000
v  2520.000000 -2688.000000 72.000000
v  2520.000000 -2688.000000 -8.000000
v  1664.000000 -2600.000000 0.000000
v  1664.000000 -2600.000000 224.000000
v  1664.000000 -2624.000000 224.000000
v  1664.000000 -2624.000000 0.000000
v  1664.000000 -2368.000000 0.000000
v  1664.000000 -2368.000000 224.000000
v  1664.000000 -2392.000000 224.000000
v  1664.000000 -2392.000000 0.000000
v  2496.000000 -2520.000000 0.000000
v  2496.000000 -2520.000000 224.000000
v  2496.000000 -2496.000000 224.000000
v  2496.000000 -2496.000000 0.000000
v  2176.000000 -2752.000000 0.000000
v  2176.000000 -2752.000000 224.000000
v  2200.000000 -2752.000000 224.000000
v  2200.000000 -2752.000000 0.000000
v  2144.000000 -2304.000000 0.000000
v  2144.000000 -2304.000000 224.000000
v  2112.000000 -2304.000000 224.000000
v  2112.000000 -2304.000000 0.000000
v  2112.000000 -2560.000000 0.000000
v  2112.000000 -2560.000000 224.000000
v  2144.000000 -2560.000000 224.000000
v  2144.000000 -2560.000000 0.000000
v  3472.000000 -3520.000000 -48.000000
v  3472.000000 -3520.000000 104.000000
v  3448.000000 -3520.000000 104.000000
v  3448.000000 -3520.000000 -48.000000
v  3352.000000 -3568.000000 -48.000000
v  3352.000000 -3568.000000 104.000000
v  3352.000000 -3592.000000 104.000000
v  3352.000000 -3592.000000 -48.000000
v  3304.000000 -3968.000000 -48.000000
v  3304.000000 -3968.000000 32.000000
v  3328.000000 -3968.000000 32.000000
v  3328.000000 -3968.000000 -48.000000
v  3328.000000 -3744.000000 -48.000000
v  3328.000000 -3744.000000 32.000000
v  3304.000000 -3744.000000 32.000000
v  3304.000000 -3744.000000 -48.000000
v  2344.000000 -4096.000000 -136.000000
v  2344.000000 -4096.000000 -24.000000
v  2368.000000 -4096.000000 -24.000000
v  2368.000000 -4096.000000 -136.000000
v  2240.000000 -4096.000000 -136.000000
v  2240.000000 -4096.000000 -24.000000
v  2264.000000 -4096.000000 -24.000000
v  2264.000000 -4096.000000 -136.000000
v  2264.000000 -3968.000000 -136.000000
v  2264.000000 -3968.000000 -24.000000
v  2240.000000 -3968.000000 -24.000000
v  2240.000000 -3968.000000 -136.000000
v  2368.000000 -3968.000000 -136.000000
v  2368.000000 -3968.000000 -24.000000
v  2344.000000 -3968.000000 -24.000000
v  2344.000000 -3968.000000 -136.000000
v  2176.000000 -3704.000000 -56.000000
v  2176.000000 -3704.000000 16.000000
v  2176.000000 -3680.000000 16.000000
v  2176.000000 -3680.000000 -56.000000
v  2048.000000 -3680.000000 -56.000000
v  2048.000000 -3680.000000 16.000000
v  2048.000000 -3704.000000 16.000000
v  2048.000000 -3704.000000 -56.000000
v  3320.000000 -3040.000000 104.000000
v  3320.000000 -3040.000000 184.000000
v  3304.000000 -3040.000000 184.000000
v  3304.000000 -3040.000000 104.000000
v  3400.000000 -3152.000000 104.000000
v  3400.000000 -3152.000000 184.000000
v  3416.000000 -3152.000000 184.000000
v  3416.000000 -3152.000000 104.000000
v  3536.000000 -3840.000000 104.000000
v  3536.000000 -3840.000000 184.000000
v  3520.000000 -3840.000000 184.000000
v  3520.000000 -3840.000000 104.000000
v  3520.000000 -3904.000000 104.000000
v  3520.000000 -3904.000000 184.000000
v  3536.000000 -3904.000000 184.000000
v  3536.000000 -3904.000000 104.000000

vt  0.375000 1.000000 0.000000
vt  0.375000 0.000000 0.000000
vt  0.000000 0.000000 0.000000
vt  0.000000 1.000000 0.000000
vt  0.375000 1.000000 0.000000
vt  0.375000 0.000000 0.000000
vt  0.000000 0.000000 0.000000
vt  0.000000 1.000000 0.000000
vt  0.312500 0.687500 0.000000
vt  0.312500 0.000000 0.000000
vt  0.062500 0.000000 0.000000
vt  0.062500 0.687500 0.000000
vt  0.312500 0.687500 0.000000
vt  0.312500 0.000000 0.000000
vt  0.062500 0.000000 0.000000
vt  0.062500 0.687500 0.000000
vt  0.375000 1.250000 0.000000
vt  0.375000 0.000000 0.000000
vt  0.000000 0.000000 0.000000
vt  0.000000 1.250000 0.000000
vt  0.375000 1.250000 0.000000
vt  0.375000 0.000000 0.000000
vt  0.000000 0.000000 0.000000
vt  0.000000 1.250000 0.000000
vt  0.312500 0.750000 0.000000
vt  0.312500 0.000000 0.000000
vt  0.062500 0.000000 0.000000
vt  0.062500 0.750000 0.000000
vt  0.312500 0.750000 0.000000
vt  0.312500 0.000000 0.000000
vt  0.062500 0.000000 0.000000
vt  0.062500 0.750000 0.000000
vt  0.312500 0.750000 0.000000
vt  0.312500 0.000000 0.000000
vt  0.062500 0.000000 0.000000
vt  0.062500 0.750000 0.000000
vt  0.312500 0.750000 0.000000
vt  0.312500 0.000000 0.000000
vt  0.062500 0.000000 0.000000
vt  0.062500 0.750000 0.000000
vt  0.312500 1.562500 0.000000
vt  0.312500 0.000000 0.000000
vt  0.062500 0.000000 0.000000
vt  0.062500 1.562500 0.000000
vt  0.312500 1.562500 0.000000
vt  0.312500 0.000000 0.000000
vt  0.062500 0.000000 0.000000
vt  0.062500 1.562500 0.000000
vt  0.375000 0.875000 0.000000
vt  0.375000 0.250000 0.000000
vt  0.000000 0.250000 0.000000
vt  0.000000 0.875000 0.000000
vt  0.375000 0.875000 0.000000
vt  0.375000 0.250000 0.000000
vt  0.000000 0.250000 0.000000
vt  0.000000 0.875000 0.000000
vt  0.375000 1.750000 0.000000
vt  0.375000 0.000000 0.000000
vt  0.000000 0.000000 0.000000
vt  0.000000 1.750000 0.000000
vt  0.375000 1.750000 0.000000
vt  0.375000 0.000000 0.000000
vt  0.000000 0.000000 0.000000
vt  0.000000 1.750000 0.000000
vt  0.375000 1.750000 0.000000
vt  0.375000 0.000000 0.000000
vt  0.000000 0.000000 0.000000
vt  0.000000 1.750000 0.000000
vt  0.375000 1.750000 0.000000
vt  0.375000 0.000000 0.000000
vt  0.000000 0.000000 0.000000
vt  0.000000 1.750000 0.000000
vt  0.593750 1.750000 0.000000
vt  0.593750 0.000000 0.000000
vt  0.093750 0.000000 0.000000
vt  0.093750 1.750000 0.000000
vt  0.593750 1.750000 0.000000
vt  0.593750 0.000000 0.000000
vt  0.093750 0.000000 0.000000
vt  0.093750 1.750000 0.000000
vt  0.375000 1.187500 0.000000
vt  0.375000 0.000000 0.000000
vt  0.000000 0.000000 0.000000
vt  0.000000 1.187500 0.000000
vt  0.375000 1.187500 0.000000
vt  0.375000 0.000000 0.000000
vt  0.000000 0.000000 0.000000
vt  0.000000 1.187500 0.000000
vt  0.375000 0.625000 0.000000
vt  0.375000 0.000000 0.000000
vt  0.000000 0.000000 0.000000
vt  0.000000 0.625000 0.000000
vt  0.375000 0.625000 0.000000
vt  0.375000 0.000000 0.000000
vt  0.000000 0.000000 0.000000
vt  0.000000 0.625000 0.000000
vt  0.375000 1.000000 0.000000
vt  0.375000 0.125000 0.000000
vt  0.000000 0.125000 0.000000
vt  0.000000 1.000000 0.000000
vt  0.375000 1.000000 0.000000
vt  0.375000 0.125000 0.000000
vt  0.000000 0.125000 0.000000
vt  0.000000 1.000000 0.000000
vt  0.375000 1.000000 0.000000
vt  0.375000 0.125000 0.000000
vt  0.000000 0.125000 0.000000
vt  0.000000 1.000000 0.000000
vt  0.375000 1.000000 0.000000
vt  0.375000 0.125000 0.000000
vt  0.000000 0.125000 0.000000
vt  0.000000 1.000000 0.000000
vt  0.375000 0.562500 0.000000
vt  0.375000 0.000000 0.000000
vt  0.000000 0.000000 0.000000
vt  0.000000 0.562500 0.000000
vt  0.375000 0.562500 0.000000
vt  0.375000 0.000000 0.000000
vt  0.000000 0.000000 0.000000
vt  0.000000 0.562500 0.000000
vt  0.312500 0.625000 0.000000
vt  0.312500 0.000000 0.000000
vt  0.062500 0.000000 0.000000
vt  0.062500 0.625000 0.000000
vt  0.312500 0.625000 0.000000
vt  0.312500 0.000000 0.000000
vt  0.062500 0.000000 0.000000
vt  0.062500 0.625000 0.000000
vt  0.312500 0.625000 0.000000
vt  0.312500 0.000000 0.000000
vt  0.062500 0.000000 0.000000
vt  0.062500 0.625000 0.000000
vt  0.312500 0.625000 0.000000
vt  0.312500 0.000000 0.000000
vt  0.062500 0.000000 0.000000
vt  0.062500 0.625000 0.000000

vn  0.000000 -1.000000 0.000000
vn  0.000000 -1.000000 0.000000
vn  0.000000 -1.000000 0.000000
vn  0.000000 -1.000000 0.000000
vn  0.000000 1.000000 0.000000
vn  0.000000 1.000000 0.000000
vn  0.000000 1.000000 0.000000
vn  0.000000 1.000000 0.000000
vn  0.000000 1.000000 0.000000
vn  0.000000 1.000000 0.000000
vn  0.000000 1.000000 0.000000
vn  0.000000 1.000000 0.000000
vn  0.000000 -1.000000 0.000000
vn  0.000000 -1.000000 0.000000
vn  0.000000 -1.000000 0.000000
vn  0.000000 -1.000000 0.000000
vn  0.000000 -1.000000 0.000000
vn  0.000000 -1.000000 0.000000
vn  0.000000 -1.000000 0.000000
vn  0.000000 -1.000000 0.000000
vn  0.000000 1.000000 0.000000
vn  0.000000 1.000000 0.000000
vn  0.000000 1.000000 0.000000
vn  0.000000 1.000000 0.000000
vn  0.000000 1.000000 0.000000
vn  0.000000 1.000000 0.000000
vn  0.000000 1.000000 0.000000
vn  0.000000 1.000000 0.000000
vn  0.000000 -1.000000 0.000000
vn  0.000000 -1.000000 0.000000
vn  0.000000 -1.000000 0.000000
vn  0.000000 -1.000000 0.000000
vn  -1.000000 0.000000 0.000000
vn  -1.000000 0.000000 0.000000
vn  -1.000000 0.000000 0.000000
vn  -1.000000 0.000000 0.000000
vn  1.000000 0.000000 0.000000
vn  1.000000 0.000000 0.000000
vn  1.000000 0.000000 0.000000
vn  1.000000 0.000000 0.000000
vn  1.000000 0.000000 0.000000
vn  1.000000 0.000000 0.000000
vn  1.000000 0.000000 0.000000
vn  1.000000 0.000000 0.000000
vn  0.000000 -1.000000 0.000000
vn  0.000000 -1.000000 0.000000
vn  0.000000 -1.000000 0.000000
vn  0.000000 -1.000000 0.000000
vn  0.000000 -1.000000 0.000000
vn  0.000000 -1.000000 0.000000
vn  0.000000 -1.000000 0.000000
vn  0.000000 -1.000000 0.000000
vn  0.000000 1.000000 0.000000
vn  0.000000 1.000000 0.000000
vn  0.000000 1.000000 0.000000
vn  0.000000 1.000000 0.000000
vn  1.000000 0.000000 0.000000
vn  1.000000 0.000000 0.000000
vn  1.000000 0.000000 0.000000
vn  1.000000 0.000000 0.000000
vn  1.000000 0.000000 0.000000
vn  1.000000 0.000000 0.000000
vn  1.000000 0.000000 0.000000
vn  1.000000 0.000000 0.000000
vn  -1.000000 0.000000 0.000000
vn  -1.000000 0.000000 0.000000
vn  -1.000000 0.000000 0.000000
vn  -1.000000 0.000000 0.000000
vn  0.000000 1.000000 0.000000
vn  0.000000 1.000000 0.000000
vn  0.000000 1.000000 0.000000
vn  0.000000 1.000000 0.000000
vn  0.000000 -1.000000 0.000000
vn  0.000000 -1.000000 0.000000
vn  0.000000 -1.000000 0.000000
vn  0.000000 -1.000000 0.000000
vn  0.000000 1.000000 0.000000
vn  0.000000 1.000000 0.000000
vn  0.000000 1.000000 0.000000
vn  0.000000 1.000000 0.000000
vn  0.000000 -1.000000 0.000000
vn  0.000000 -1.000000 0.000000
vn  0.000000 -1.000000 0.000000
vn  0.000000 -1.000000 0.000000
vn  1.000000 0.000000 0.000000
vn  1.000000 0.000000 0.000000
vn  1.000000 0.000000 0.000000
vn  1.000000 0.000000 0.000000
vn  0.000000 1.000000 0.000000
vn  0.000000 1.000000 0.000000
vn  0.000000 1.000000 0.000000
vn  0.000000 1.000000 0.000000
vn  0.000000 -1.000000 0.000000
vn  0.000000 -1.000000 0.000000
vn  0.000000 -1.000000 0.000000
vn  0.000000 -1.000000 0.000000
vn  0.000000 1.000000 0.000000
vn  0.000000 1.000000 0.000000
vn  0.000000 1.000000 0.000000
vn  0.000000 1.000000 0.000000
vn  0.000000 1.000000 0.000000
vn  0.000000 1.000000 0.000000
vn  0.000000 1.000000 0.000000
vn  0.000000 1.000000 0.000000
vn  0.000000 -1.000000 0.000000
vn  0.000000 -1.000000 0.000000
vn  0.000000 -1.000000 0.000000
vn  0.000000 -1.000000 0.000000
vn  0.000000 -1.000000 0.000000
vn  0.000000 -1.000000 0.000000
vn  0.000000 -1.000000 0.000000
vn  0.000000 -1.000000 0.000000
vn  -1.000000 0.000000 0.000000
vn  -1.000000 0.000000 0.000000
vn  -1.000000 0.000000 0.000000
vn  -1.000000 0.000000 0.000000
vn  1.000000 0.000000 0.000000
vn  1.000000 0.000000 0.000000
vn  1.000000 0.000000 0.000000
vn  1.000000 0.000000 0.000000
vn  0.000000 -1.000000 0.000000
vn  0.000000 -1.000000 0.000000
vn  0.000000 -1.000000 0.000000
vn  0.000000 -1.000000 0.000000
vn  0.000000 1.000000 0.000000
vn  0.000000 1.000000 0.000000
vn  0.000000 1.000000 0.000000
vn  0.000000 1.000000 0.000000
vn  0.000000 -1.000000 0.000000
vn  0.000000 -1.000000 0.000000
vn  0.000000 -1.000000 0.000000
vn  0.000000 -1.000000 0.000000
vn  0.000000 1.000000 0.000000
vn  0.000000 1.000000 0.000000
vn  0.000000 1.000000 0.000000
vn  0.000000 1.000000 0.000000

g rdmobj30
usemtl SUPPORT2
f  2125/2125/2125 2126/2126/2126 2127/2127/2127
f  2128/2128/2128 2125/2125/2125 2127/2127/2127
f  2129/2129/2129 2130/2130/2130 2131/2131/2131
f  2132/2132/2132 2129/2129/2129 2131/2131/2131
f  2133/2133/2133 2134/2134/2134 2135/2135/2135
f  2136/2136/2136 2133/2133/2133 2135/2135/2135
f  2137/2137/2137 2138/2138/2138 2139/2139/2139
f  2140/2140/2140 2137/2137/2137 2139/2139/2139
f  2141/2141/2141 2142/2142/2142 2143/2143/2143
f  2144/2144/2144 2141/2141/2141 2143/2143/2143
f  2145/2145/2145 2146/2146/2146 2147/2147/2147
f  2148/2148/2148 2145/2145/2145 2147/2147/2147
f  2149/2149/2149 2150/2150/2150 2151/2151/2151
f  2152/2152/2152 2149/2149/2149 2151/2151/2151
f  2153/2153/2153 2154/2154/2154 2155/2155/2155
f  2156/2156/2156 2153/2153/2153 2155/2155/2155
f  2157/2157/2157 2158/2158/2158 2159/2159/2159
f  2160/2160/2160 2157/2157/2157 2159/2159/2159
f  2161/2161/2161 2162/2162/2162 2163/2163/2163
f  2164/2164/2164 2161/2161/2161 2163/2163/2163
f  2165/2165/2165 2166/2166/2166 2167/2167/2167
f  2168/2168/2168 2165/2165/2165 2167/2167/2167
f  2169/2169/2169 2170/2170/2170 2171/2171/2171
f  2172/2172/2172 2169/2169/2169 2171/2171/2171
f  2173/2173/2173 2174/2174/2174 2175/2175/2175
f  2176/2176/2176 2173/2173/2173 2175/2175/2175
f  2177/2177/2177 2178/2178/2178 2179/2179/2179
f  2180/2180/2180 2177/2177/2177 2179/2179/2179
f  2181/2181/2181 2182/2182/2182 2183/2183/2183
f  2184/2184/2184 2181/2181/2181 2183/2183/2183
f  2185/2185/2185 2186/2186/2186 2187/2187/2187
f  2188/2188/2188 2185/2185/2185 2187/2187/2187
f  2189/2189/2189 2190/2190/2190 2191/2191/2191
f  2192/2192/2192 2189/2189/2189 2191/2191/2191
f  2193/2193/2193 2194/2194/2194 2195/2195/2195
f  2196/2196/2196 2193/2193/2193 2195/2195/2195
f  2197/2197/2197 2198/2198/2198 2199/2199/2199
f  2200/2200/2200 2197/2197/2197 2199/2199/2199
f  2201/2201/2201 2202/2202/2202 2203/2203/2203
f  2204/2204/2204 2201/2201/2201 2203/2203/2203
f  2205/2205/2205 2206/2206/2206 2207/2207/2207
f  2208/2208/2208 2205/2205/2205 2207/2207/2207
f  2209/2209/2209 2210/2210/2210 2211/2211/2211
f  2212/2212/2212 2209/2209/2209 2211/2211/2211
f  2213/2213/2213 2214/2214/2214 2215/2215/2215
f  2216/2216/2216 2213/2213/2213 2215/2215/2215
f  2217/2217/2217 2218/2218/2218 2219/2219/2219
f  2220/2220/2220 2217/2217/2217 2219/2219/2219
f  2221/2221/2221 2222/2222/2222 2223/2223/2223
f  2224/2224/2224 2221/2221/2221 2223/2223/2223
f  2225/2225/2225 2226/2226/2226 2227/2227/2227
f  2228/2228/2228 2225/2225/2225 2227/2227/2227
f  2229/2229/2229 2230/2230/2230 2231/2231/2231
f  2232/2232/2232 2229/2229/2229 2231/2231/2231
f  2233/2233/2233 2234/2234/2234 2235/2235/2235
f  2236/2236/2236 2233/2233/2233 2235/2235/2235
f  2237/2237/2237 2238/2238/2238 2239/2239/2239
f  2240/2240/2240 2237/2237/2237 2239/2239/2239
f  2241/2241/2241 2242/2242/2242 2243/2243/2243
f  2244/2244/2244 2241/2241/2241 2243/2243/2243
f  2245/2245/2245 2246/2246/2246 2247/2247/2247
f  2248/2248/2248 2245/2245/2245 2247/2247/2247
f  2249/2249/2249 2250/2250/2250 2251/2251/2251
f  2252/2252/2252 2249/2249/2249 2251/2251/2251
f  2253/2253/2253 2254/2254/2254 2255/2255/2255
f  2256/2256/2256 2253/2253/2253 2255/2255/2255
f  2257/2257/2257 2258/2258/2258 2259/2259/2259
f  2260/2260/2260 2257/2257/2257 2259/2259/2259

g
v  496.000000 -3304.000000 120.000000
v  496.000000 -3304.000000 224.000000
v  496.000000 -3160.000000 224.000000
v  496.000000 -3160.000000 120.000000
v  496.000000 -3328.000000 -8.000000
v  496.000000 -3328.000000 224.000000
v  496.000000 -3304.000000 224.000000
v  496.000000 -3304.000000 -8.000000
v  448.000000 -3456.000000 -8.000000
v  448.000000 -3456.000000 224.000000
v  496.000000 -3328.000000 224.000000
v  496.000000 -3328.000000 -8.000000
v  128.000000 -3456.000000 -8.000000
v  128.000000 -3456.000000 224.000000
v  448.000000 -3456.000000 224.000000
v  448.000000 -3456.000000 -8.000000
v  448.000000 -3008.000000 -8.000000
v  448.000000 -3008.000000 224.000000
v  128.000000 -3008.000000 224.000000
v  128.000000 -3008.000000 -8.000000
v  496.000000 -3160.000000 -8.000000
v  496.000000 -3160.000000 224.000000
v  496.000000 -3136.000000 224.000000
v  496.000000 -3136.000000 -8.000000
v  496.000000 -3136.000000 -8.000000
v  496.000000 -3136.000000 224.000000
v  448.000000 -3008.000000 224.000000
v  448.000000 -3008.000000 -8.000000
v  128.000000 -3200.000000 192.000000
v  128.000000 -3200.000000 224.000000
v  128.000000 -3264.000000 224.000000
v  128.000000 -3264.000000 192.000000
v  128.000000 -3200.000000 88.000000
v  128.000000 -3200.000000 104.000000
v  128.000000 -3264.000000 104.000000
v  128.000000 -3264.000000 88.000000
v  64.000000 -3072.000000 192.000000
v  64.000000 -3072.000000 224.000000
v  128.000000 -3200.000000 224.000000
v  128.000000 -3200.000000 192.000000
v  64.000000 -3072.000000 -8.000000
v  64.000000 -3072.000000 104.000000
v  128.000000 -3200.000000 104.000000
v  128.000000 -3200.000000 -8.000000
v  128.000000 -3008.000000 -8.000000
v  128.000000 -3008.000000 224.000000
v  64.000000 -3072.000000 224.000000
v  64.000000 -3072.000000 -8.000000
v  64.000000 -3392.000000 -8.000000
v  64.000000 -3392.000000 224.000000
v  128.000000 -3456.000000 224.000000
v  128.000000 -3456.000000 -8.000000
v  128.000000 -3264.000000 192.000000
v  128.000000 -3264.000000 224.000000
v  64.000000 -3392.000000 224.000000
v  64.000000 -3392.000000 192.000000
v  128.000000 -3264.000000 -8.000000
v  128.000000 -3264.000000 104.000000
v  64.000000 -3392.000000 104.000000
v  64.000000 -3392.000000 -8.000000
v  -64.000000 -3328.000000 104.000000
v  -64.000000 -3328.000000 192.000000
v  48.000000 -3392.000000 192.000000
v  48.000000 -3392.000000 104.000000
v  48.000000 -3072.000000 104.000000
v  48.000000 -3072.000000 192.000000
v  -64.000000 -3136.000000 192.000000
v  -64.000000 -3136.000000 104.000000
v  -64.000000 -3328.000000 192.000000
v  -64.000000 -3328.000000 264.000000
v  -64.000000 -3136.000000 264.000000
v  -64.000000 -3136.000000 192.000000
v  -640.000000 -3520.000000 128.000000
v  -640.000000 -3520.000000 264.000000
v  64.000000 -3648.000000 264.000000
v  64.000000 -3648.000000 128.000000
v  -640.000000 -2944.000000 128.000000
v  -640.000000 -2944.000000 264.000000
v  -640.000000 -3520.000000 264.000000
v  -640.000000 -3520.000000 128.000000
v  64.000000 -2816.000000 128.000000
v  64.000000 -2816.000000 264.000000
v  -640.000000 -2944.000000 264.000000
v  -640.000000 -2944.000000 128.000000

vt  1.125000 1.812500 0.000000
vt  1.125000 1.000000 0.000000
vt  0.000000 1.000000 0.000000
vt  0.000000 1.812500 0.000000
vt  0.187500 1.812500 0.000000
vt  0.187500 0.000000 0.000000
vt  0.000000 0.000000 0.000000
vt  0.000000 1.812500 0.000000
vt  1.068000 1.812500 0.000000
vt  1.068000 0.000000 0.000000
vt  0.000000 0.000000 0.000000
vt  0.000000 1.812500 0.000000
vt  2.500000 1.812500 0.000000
vt  2.500000 0.000000 0.000000
vt  0.000000 0.000000 0.000000
vt  0.000000 1.812500 0.000000
vt  2.500000 1.812500 0.000000
vt  2.500000 0.000000 0.000000
vt  0.000000 0.000000 0.000000
vt  0.000000 1.812500 0.000000
vt  0.187500 1.812500 0.000000
vt  0.187500 0.000000 0.000000
vt  0.000000 0.000000 0.000000
vt  0.000000 1.812500 0.000000
vt  1.068000 1.812500 0.000000
vt  1.068000 0.000000 0.000000
vt  0.000000 0.000000 0.000000
vt  0.000000 1.812500 0.000000
vt  0.500000 0.250000 0.000000
vt  0.500000 0.000000 0.000000
vt  0.000000 0.000000 0.000000
vt  0.000000 0.250000 0.000000
vt  0.500000 1.062500 0.000000
vt  0.500000 0.937500 0.000000
vt  0.000000 0.937500 0.000000
vt  0.000000 1.062500 0.000000
vt  1.118034 0.250000 0.000000
vt  1.118034 0.000000 0.000000
vt  0.000000 0.000000 0.000000
vt  0.000000 0.250000 0.000000
vt  1.118034 1.812500 0.000000
vt  1.118034 0.937500 0.000000
vt  0.000000 0.937500 0.000000
vt  0.000000 1.812500 0.000000
vt  0.707107 1.812500 0.000000
vt  0.707107 0.000000 0.000000
vt  0.000000 0.000000 0.000000
vt  0.000000 1.812500 0.000000
vt  0.707107 1.812500 0.000000
vt  0.707107 0.000000 0.000000
vt  0.000000 0.000000 0.000000
vt  0.000000 1.812500 0.000000
vt  1.118034 0.250000 0.000000
vt  1.118034 0.000000 0.000000
vt  0.000000 0.000000 0.000000
vt  0.000000 0.250000 0.000000
vt  1.118034 1.812500 0.000000
vt  1.118034 0.937500 0.000000
vt  0.000000 0.937500 0.000000
vt  0.000000 1.812500 0.000000
vt  1.007782 0.687500 0.000000
vt  1.007782 0.000000 0.000000
vt  0.000000 0.000000 0.000000
vt  0.000000 0.687500 0.000000
vt  1.007782 0.687500 0.000000
vt  1.007782 0.000000 0.000000
vt  0.000000 0.000000 0.000000
vt  0.000000 0.687500 0.000000
vt  1.500000 0.562500 0.000000
vt  1.500000 0.000000 0.000000
vt  0.000000 0.000000 0.000000
vt  0.000000 0.562500 0.000000
vt  5.590170 1.062500 0.000000
vt  5.590170 0.000000 0.000000
vt  0.000000 0.000000 0.000000
vt  0.000000 1.062500 0.000000
vt  4.500000 1.062500 0.000000
vt  4.500000 0.000000 0.000000
vt  0.000000 0.000000 0.000000
vt  0.000000 1.062500 0.000000
vt  5.590170 1.062500 0.000000
vt  5.590170 0.000000 0.000000
vt  0.000000 0.000000 0.000000
vt  0.000000 1.062500 0.000000

vn  -1.000000 0.000000 0.000000
vn  -1.000000 0.000000 0.000000
vn  -1.000000 0.000000 0.000000
vn  -1.000000 0.000000 0.000000
vn  -0.992926 0.118733 0.000000
vn  -0.971396 0.237466 0.000000
vn  -1.000000 0.000000 0.000000
vn  -1.000000 0.000000 0.000000
vn  -0.739973 0.672636 0.000000
vn  -0.369987 0.929037 0.000000
vn  -0.971396 0.237466 0.000000
vn  -0.992926 0.118733 0.000000
vn  0.252725 0.967538 0.000000
vn  0.505449 0.862856 0.000000
vn  -0.369987 0.929037 0.000000
vn  -0.739973 0.672636 0.000000
vn  -0.369987 -0.929037 0.000000
vn  -0.739973 -0.672636 0.000000
vn  0.252725 -0.967538 0.000000
vn  0.505449 -0.862856 0.000000
vn  -1.000000 0.000000 0.000000
vn  -1.000000 0.000000 0.000000
vn  -0.992926 -0.118733 0.000000
vn  -0.971396 -0.237466 0.000000
vn  -0.971396 -0.237466 0.000000
vn  -0.992926 -0.118733 0.000000
vn  -0.739973 -0.672636 0.000000
vn  -0.369987 -0.929037 0.000000
vn  0.988273 0.152697 0.000000
vn  0.952226 0.305393 0.000000
vn  0.988273 -0.152697 0.000000
vn  0.952226 -0.305393 0.000000
vn  1.000000 0.000000 0.000000
vn  0.952226 0.305393 0.000000
vn  0.988273 -0.152697 0.000000
vn  1.000000 0.000000 0.000000
vn  0.894427 0.447214 0.000000
vn  0.922357 -0.386339 0.000000
vn  0.952226 0.305393 0.000000
vn  0.988273 0.152697 0.000000
vn  0.997196 0.074839 0.000000
vn  0.894427 0.447214 0.000000
vn  0.952226 0.305393 0.000000
vn  0.894427 0.447214 0.000000
vn  0.505449 -0.862856 0.000000
vn  0.252725 -0.967538 0.000000
vn  0.922357 -0.386339 0.000000
vn  0.997196 0.074839 0.000000
vn  0.922357 0.386339 0.000000
vn  0.997196 -0.074839 0.000000
vn  0.505449 0.862856 0.000000
vn  0.252725 0.967538 0.000000
vn  0.952226 -0.305393 0.000000
vn  0.988273 -0.152697 0.000000
vn  0.997196 -0.074839 0.000000
vn  0.894427 -0.447214 0.000000
vn  0.894427 -0.447214 0.000000
vn  0.988273 -0.152697 0.000000
vn  0.894427 -0.447214 0.000000
vn  0.922357 0.386339 0.000000
vn  0.496139 0.868243 0.000000
vn  -0.866028 0.499995 0.000000
vn  0.496139 0.868243 0.000000
vn  0.496139 0.868243 0.000000
vn  0.496139 -0.868243 0.000000
vn  0.496139 -0.868243 0.000000
vn  -0.004447 -0.999990 0.000000
vn  0.496139 -0.868243 0.000000
vn  -0.866028 0.499995 0.000000
vn  -1.000000 0.000000 0.000000
vn  -1.000000 0.000000 0.000000
vn  -0.004447 -0.999990 0.000000
vn  0.567934 0.823074 0.000000
vn  0.911393 0.411537 0.000000
vn  0.178885 0.983870 0.000000
vn  0.178885 0.983870 0.000000
vn  0.911393 -0.411537 0.000000
vn  0.567934 -0.823074 0.000000
vn  0.911393 0.411537 0.000000
vn  0.567934 0.823074 0.000000
vn  0.178885 -0.983870 0.000000
vn  0.178885 -0.983870 0.000000
vn  0.567934 -0.823074 0.000000
vn  0.911393 -0.411537 0.000000

g rdmobj31
usemtl STARG3
f  2261/2261/2261 2262/2262/2262 2263/2263/2263
f  2264/2264/2264 2261/2261/2261 2263/2263/2263
f  2265/2265/2265 2266/2266/2266 2267/2267/2267
f  2268/2268/2268 2265/2265/2265 2267/2267/2267
f  2269/2269/2269 2270/2270/2270 2271/2271/2271
f  2272/2272/2272 2269/2269/2269 2271/2271/2271
f  2273/2273/2273 2274/2274/2274 2275/2275/2275
f  2276/2276/2276 2273/2273/2273 2275/2275/2275
f  2277/2277/2277 2278/2278/2278 2279/2279/2279
f  2280/2280/2280 2277/2277/2277 2279/2279/2279
f  2281/2281/2281 2282/2282/2282 2283/2283/2283
f  2284/2284/2284 2281/2281/2281 2283/2283/2283
f  2285/2285/2285 2286/2286/2286 2287/2287/2287
f  2288/2288/2288 2285/2285/2285 2287/2287/2287
f  2289/2289/2289 2290/2290/2290 2291/2291/2291
f  2292/2292/2292 2289/2289/2289 2291/2291/2291
f  2293/2293/2293 2294/2294/2294 2295/2295/2295
f  2296/2296/2296 2293/2293/2293 2295/2295/2295
f  2297/2297/2297 2298/2298/2298 2299/2299/2299
f  2300/2300/2300 2297/2297/2297 2299/2299/2299
f  2301/2301/2301 2302/2302/2302 2303/2303/2303
f  2304/2304/2304 2301/2301/2301 2303/2303/2303
f  2305/2305/2305 2306/2306/2306 2307/2307/2307
f  2308/2308/2308 2305/2305/2305 2307/2307/2307
f  2309/2309/2309 2310/2310/2310 2311/2311/2311
f  2312/2312/2312 2309/2309/2309 2311/2311/2311
f  2313/2313/2313 2314/2314/2314 2315/2315/2315
f  2316/2316/2316 2313/2313/2313 2315/2315/2315
f  2317/2317/2317 2318/2318/2318 2319/2319/2319
f  2320/2320/2320 2317/2317/2317 2319/2319/2319
f  2321/2321/2321 2322/2322/2322 2323/2323/2323
f  2324/2324/2324 2321/2321/2321 2323/2323/2323
f  2325/2325/2325 2326/2326/2326 2327/2327/2327
f  2328/2328/2328 2325/2325/2325 2327/2327/2327
f  2329/2329/2329 2330/2330/2330 2331/2331/2331
f  2332/2332/2332 2329/2329/2329 2331/2331/2331
f  2333/2333/2333 2334/2334/2334 2335/2335/2335
f  2336/2336/2336 2333/2333/2333 2335/2335/2335
f  2337/2337/2337 2338/2338/2338 2339/2339/2339
f  2340/2340/2340 2337/2337/2337 2339/2339/2339
f  2341/2341/2341 2342/2342/2342 2343/2343/2343
f  2344/2344/2344 2341/2341/2341 2343/2343/2343

g
v  496.000000 -3304.000000 -8.000000
v  496.000000 -3304.000000 120.000000
v  512.000000 -3304.000000 120.000000
v  512.000000 -3304.000000 -8.000000
v  512.000000 -3160.000000 -8.000000
v  512.000000 -3160.000000 120.000000
v  496.000000 -3160.000000 120.000000
v  496.000000 -3160.000000 -8.000000

vt  2.000000 1.000000 0.000000
vt  2.000000 0.000000 0.000000
vt  0.000000 0.000000 0.000000
vt  0.000000 1.000000 0.000000
vt  2.000000 1.000000 0.000000
vt  2.000000 0.000000 0.000000
vt  0.000000 0.000000 0.000000
vt  0.000000 1.000000 0.000000

vn  0.000000 1.000000 0.000000
vn  0.000000 1.000000 0.000000
vn  0.000000 1.000000 0.000000
vn  0.000000 1.000000 0.000000
vn  0.000000 -1.000000 0.000000
vn  0.000000 -1.000000 0.000000
vn  0.000000 -1.000000 0.000000
vn  0.000000 -1.000000 0.000000

g rdmobj32
usemtl DOORTRAK
f  2345/2345/2345 2346/2346/2346 2347/2347/2347
f  2348/2348/2348 2345/2345/2345 2347/2347/2347
f  2349/2349/2349 2350/2350/2350 2351/2351/2351
f  2352/2352/2352 2349/2349/2349 2351/2351/2351

g
v  160.000000 -3264.000000 -8.000000
v  160.000000 -3264.000000 88.000000
v  128.000000 -3264.000000 88.000000
v  128.000000 -3264.000000 -8.000000
v  192.000000 -3264.000000 -8.000000
v  192.000000 -3264.000000 72.000000
v  160.000000 -3264.000000 72.000000
v  160.000000 -3264.000000 -8.000000
v  224.000000 -3264.000000 -8.000000
v  224.000000 -3264.000000 56.000000
v  192.000000 -3264.000000 56.000000
v  192.000000 -3264.000000 -8.000000
v  256.000000 -3264.000000 -8.000000
v  256.000000 -3264.000000 40.000000
v  224.000000 -3264.000000 40.000000
v  224.000000 -3264.000000 -8.000000
v  288.000000 -3264.000000 -8.000000
v  288.000000 -3264.000000 24.000000
v  256.000000 -3264.000000 24.000000
v  256.000000 -3264.000000 -8.000000
v  320.000000 -3264.000000 -8.000000
v  320.000000 -3264.000000 8.000000
v  288.000000 -3264.000000 8.000000
v  288.000000 -3264.000000 -8.000000
v  288.000000 -3200.000000 -8.000000
v  288.000000 -3200.000000 8.000000
v  320.000000 -3200.000000 8.000000
v  320.000000 -3200.000000 -8.000000
v  256.000000 -3200.000000 -8.000000
v  256.000000 -3200.000000 24.000000
v  288.000000 -3200.000000 24.000000
v  288.000000 -3200.000000 -8.000000
v  224.000000 -3200.000000 -8.000000
v  224.000000 -3200.000000 40.000000
v  256.000000 -3200.000000 40.000000
v  256.000000 -3200.000000 -8.000000
v  192.000000 -3200.000000 -8.000000
v  192.000000 -3200.000000 56.000000
v  224.000000 -3200.000000 56.000000
v  224.000000 -3200.000000 -8.000000
v  160.000000 -3200.000000 -8.000000
v  160.000000 -3200.000000 72.000000
v  192.000000 -3200.000000 72.000000
v  192.000000 -3200.000000 -8.000000
v  128.000000 -3200.000000 -8.000000
v  128.000000 -3200.000000 88.000000
v  160.000000 -3200.000000 88.000000
v  160.000000 -3200.000000 -8.000000

vt  0.500000 1.812500 0.000000
vt  0.500000 1.062500 0.000000
vt  0.000000 1.062500 0.000000
vt  0.000000 1.812500 0.000000
vt  0.500000 1.812500 0.000000
vt  0.500000 1.187500 0.000000
vt  0.000000 1.187500 0.000000
vt  0.000000 1.812500 0.000000
vt  0.500000 1.812500 0.000000
vt  0.500000 1.312500 0.000000
vt  0.000000 1.312500 0.000000
vt  0.000000 1.812500 0.000000
vt  0.500000 1.812500 0.000000
vt  0.500000 1.437500 0.000000
vt  0.000000 1.437500 0.000000
vt  0.000000 1.812500 0.000000
vt  0.500000 1.812500 0.000000
vt  0.500000 1.562500 0.000000
vt  0.000000 1.562500 0.000000
vt  0.000000 1.812500 0.000000
vt  0.500000 1.812500 0.000000
vt  0.500000 1.687500 0.000000
vt  0.000000 1.687500 0.000000
vt  0.000000 1.812500 0.000000
vt  0.500000 1.812500 0.000000
vt  0.500000 1.687500 0.000000
vt  0.000000 1.687500 0.000000
vt  0.000000 1.812500 0.000000
vt  0.500000 1.812500 0.000000
vt  0.500000 1.562500 0.000000
vt  0.000000 1.562500 0.000000
vt  0.000000 1.812500 0.000000
vt  0.500000 1.812500 0.000000
vt  0.500000 1.437500 0.000000
vt  0.000000 1.437500 0.000000
vt  0.000000 1.812500 0.000000
vt  0.500000 1.812500 0.000000
vt  0.500000 1.312500 0.000000
vt  0.000000 1.312500 0.000000
vt  0.000000 1.812500 0.000000
vt  0.500000 1.812500 0.000000
vt  0.500000 1.187500 0.000000
vt  0.000000 1.187500 0.000000
vt  0.000000 1.812500 0.000000
vt  0.500000 1.812500 0.000000
vt  0.500000 1.062500 0.000000
vt  0.000000 1.062500 0.000000
vt  0.000000 1.812500 0.000000

vn  0.000000 -1.000000 0.000000
vn  0.000000 -1.000000 0.000000
vn  0.000000 -1.000000 0.000000
vn  0.000000 -1.000000 0.000000
vn  0.000000 -1.000000 0.000000
vn  0.000000 -1.000000 0.000000
vn  0.000000 -1.000000 0.000000
vn  0.000000 -1.000000 0.000000
vn  0.000000 -1.000000 0.000000
vn  0.000000 -1.000000 0.000000
vn  0.000000 -1.000000 0.000000
vn  0.000000 -1.000000 0.000000
vn  0.000000 -1.000000 0.000000
vn  0.000000 -1.000000 0.000000
vn  0.000000 -1.000000 0.000000
vn  0.000000 -1.000000 0.000000
vn  0.000000 -1.000000 0.000000
vn  0.000000 -1.000000 0.000000
vn  0.000000 -1.000000 0.000000
vn  0.000000 -1.000000 0.000000
vn  0.000000 -1.000000 0.000000
vn  0.000000 -1.000000 0.000000
vn  0.000000 -1.000000 0.000000
vn  0.000000 -1.000000 0.000000
vn  0.000000 1.000000 0.000000
vn  0.000000 1.000000 0.000000
vn  0.000000 1.000000 0.000000
vn  0.000000 1.000000 0.000000
vn  0.000000 1.000000 0.000000
vn  0.000000 1.000000 0.000000
vn  0.000000 1.000000 0.000000
vn  0.000000 1.000000 0.000000
vn  0.000000 1.000000 0.000000
vn  0.000000 1.000000 0.000000
vn  0.000000 1.000000 0.000000
vn  0.000000 1.000000 0.000000
vn  0.000000 1.000000 0.000000
vn  0.000000 1.000000 0.000000
vn  0.000000 1.000000 0.000000
vn  0.000000 1.000000 0.000000
vn  0.000000 1.000000 0.000000
vn  0.000000 1.000000 0.000000
vn  0.000000 1.000000 0.000000
vn  0.000000 1.000000 0.000000
vn  0.000000 1.000000 0.000000
vn  0.000000 1.000000 0.000000
vn  0.000000 1.000000 0.000000
vn  0.000000 1.000000 0.000000

g rdmobj33
usemtl SLADWALL
f  2353/2353/2353 2354/2354/2354 2355/2355/2355
f  2356/2356/2356 2353/2353/2353 2355/2355/2355
f  2357/2357/2357 2358/2358/2358 2359/2359/2359
f  2360/2360/2360 2357/2357/2357 2359/2359/2359
f  2361/2361/2361 2362/2362/2362 2363/2363/2363
f  2364/2364/2364 2361/2361/2361 2363/2363/2363
f  2365/2365/2365 2366/2366/2366 2367/2367/2367
f  2368/2368/2368 2365/2365/2365 2367/2367/2367
f  2369/2369/2369 2370/2370/2370 2371/2371/2371
f  2372/2372/2372 2369/2369/2369 2371/2371/2371
f  2373/2373/2373 2374/2374/2374 2375/2375/2375
f  2376/2376/2376 2373/2373/2373 2375/2375/2375
f  2377/2377/2377 2378/2378/2378 2379/2379/2379
f  2380/2380/2380 2377/2377/2377 2379/2379/2379
f  2381/2381/2381 2382/2382/2382 2383/2383/2383
f  2384/2384/2384 2381/2381/2381 2383/2383/2383
f  2385/2385/2385 2386/2386/2386 2387/2387/2387
f  2388/2388/2388 2385/2385/2385 2387/2387/2387
f  2389/2389/2389 2390/2390/2390 2391/2391/2391
f  2392/2392/2392 2389/2389/2389 2391/2391/2391
f  2393/2393/2393 2394/2394/2394 2395/2395/2395
f  2396/2396/2396 2393/2393/2393 2395/2395/2395
f  2397/2397/2397 2398/2398/2398 2399/2399/2399
f  2400/2400/2400 2397/2397/2397 2399/2399/2399

g
v  320.000000 -3136.000000 184.000000
v  320.000000 -3136.000000 224.000000
v  256.000000 -3136.000000 224.000000
v  256.000000 -3136.000000 184.000000
v  320.000000 -3136.000000 -8.000000
v  320.000000 -3136.000000 40.000000
v  256.000000 -3136.000000 40.000000
v  256.000000 -3136.000000 -8.000000
v  320.000000 -3072.000000 184.000000
v  320.000000 -3072.000000 224.000000
v  320.000000 -3136.000000 224.000000
v  320.000000 -3136.000000 184.000000
v  320.000000 -3072.000000 -8.000000
v  320.000000 -3072.000000 40.000000
v  320.000000 -3136.000000 40.000000
v  320.000000 -3136.000000 -8.000000
v  256.000000 -3072.000000 184.000000
v  256.000000 -3072.000000 224.000000
v  320.000000 -3072.000000 224.000000
v  320.000000 -3072.000000 184.000000
v  256.000000 -3072.000000 -8.000000
v  256.000000 -3072.000000 40.000000
v  320.000000 -3072.000000 40.000000
v  320.000000 -3072.000000 -8.000000
v  256.000000 -3136.000000 184.000000
v  256.000000 -3136.000000 224.000000
v  256.000000 -3072.000000 224.000000
v  256.000000 -3072.000000 184.000000
v  256.000000 -3136.000000 -8.000000
v  256.000000 -3136.000000 40.000000
v  256.000000 -3072.000000 40.000000
v  256.000000 -3072.000000 -8.000000
v  320.000000 -3392.000000 184.000000
v  320.000000 -3392.000000 224.000000
v  256.000000 -3392.000000 224.000000
v  256.000000 -3392.000000 184.000000
v  320.000000 -3392.000000 -8.000000
v  320.000000 -3392.000000 40.000000
v  256.000000 -3392.000000 40.000000
v  256.000000 -3392.000000 -8.000000
v  320.000000 -3328.000000 184.000000
v  320.000000 -3328.000000 224.000000
v  320.000000 -3392.000000 224.000000
v  320.000000 -3392.000000 184.000000
v  320.000000 -3328.000000 -8.000000
v  320.000000 -3328.000000 40.000000
v  320.000000 -3392.000000 40.000000
v  320.000000 -3392.000000 -8.000000
v  256.000000 -3328.000000 184.000000
v  256.000000 -3328.000000 224.000000
v  320.000000 -3328.000000 224.000000
v  320.000000 -3328.000000 184.000000
v  256.000000 -3328.000000 -8.000000
v  256.000000 -3328.000000 40.000000
v  320.000000 -3328.000000 40.000000
v  320.000000 -3328.000000 -8.000000
v  256.000000 -3392.000000 184.000000
v  256.000000 -3392.000000 224.000000
v  256.000000 -3328.000000 224.000000
v  256.000000 -3328.000000 184.000000
v  256.000000 -3392.000000 -8.000000
v  256.000000 -3392.000000 40.000000
v  256.000000 -3328.000000 40.000000
v  256.000000 -3328.000000 -8.000000

vt  0.500000 0.312500 0.000000
vt  0.500000 0.000000 0.000000
vt  0.000000 0.000000 0.000000
vt  0.000000 0.312500 0.000000
vt  0.500000 1.812500 0.000000
vt  0.500000 1.437500 0.000000
vt  0.000000 1.437500 0.000000
vt  0.000000 1.812500 0.000000
vt  0.500000 0.312500 0.000000
vt  0.500000 0.000000 0.000000
vt  0.000000 0.000000 0.000000
vt  0.000000 0.312500 0.000000
vt  0.500000 1.812500 0.000000
vt  0.500000 1.437500 0.000000
vt  0.000000 1.437500 0.000000
vt  0.000000 1.812500 0.000000
vt  0.500000 0.312500 0.000000
vt  0.500000 0.000000 0.000000
vt  0.000000 0.000000 0.000000
vt  0.000000 0.312500 0.000000
vt  0.500000 1.812500 0.000000
vt  0.500000 1.437500 0.000000
vt  0.000000 1.437500 0.000000
vt  0.000000 1.812500 0.000000
vt  0.500000 0.312500 0.000000
vt  0.500000 0.000000 0.000000
vt  0.000000 0.000000 0.000000
vt  0.000000 0.312500 0.000000
vt  0.500000 1.812500 0.000000
vt  0.500000 1.437500 0.000000
vt  0.000000 1.437500 0.000000
vt  0.000000 1.812500 0.000000
vt  0.500000 0.312500 0.000000
vt  0.500000 0.000000 0.000000
vt  0.000000 0.000000 0.000000
vt  0.000000 0.312500 0.000000
vt  0.500000 1.812500 0.000000
vt  0.500000 1.437500 0.000000
vt  0.000000 1.437500 0.000000
vt  0.000000 1.812500 0.000000
vt  0.500000 0.312500 0.000000
vt  0.500000 0.000000 0.000000
vt  0.000000 0.000000 0.000000
vt  0.000000 0.312500 0.000000
vt  0.500000 1.812500 0.000000
vt  0.500000 1.437500 0.000000
vt  0.000000 1.437500 0.000000
vt  0.000000 1.812500 0.000000
vt  0.500000 0.312500 0.000000
vt  0.500000 0.000000 0.000000
vt  0.000000 0.000000 0.000000
vt  0.000000 0.312500 0.000000
vt  0.500000 1.812500 0.000000
vt  0.500000 1.437500 0.000000
vt  0.000000 1.437500 0.000000
vt  0.000000 1.812500 0.000000
vt  0.500000 0.312500 0.000000
vt  0.500000 0.000000 0.000000
vt  0.000000 0.000000 0.000000
vt  0.000000 0.312500 0.000000
vt  0.500000 1.812500 0.000000
vt  0.500000 1.437500 0.000000
vt  0.000000 1.437500 0.000000
vt  0.000000 1.812500 0.000000

vn  0.447214 -0.894427 0.000000
vn  0.894427 -0.447214 0.000000
vn  -0.447214 -0.894427 0.000000
vn  -0.894427 -0.447214 0.000000
vn  0.447214 -0.894427 0.000000
vn  0.894427 -0.447214 0.000000
vn  -0.447214 -0.894427 0.000000
vn  -0.894427 -0.447214 0.000000
vn  0.894427 0.447214 0.000000
vn  0.447214 0.894427 0.000000
vn  0.894427 -0.447214 0.000000
vn  0.447214 -0.894427 0.000000
vn  0.894427 0.447214 0.000000
vn  0.447214 0.894427 0.000000
vn  0.894427 -0.447214 0.000000
vn  0.447214 -0.894427 0.000000
vn  -0.447214 0.894427 0.000000
vn  -0.894427 0.447214 0.000000
vn  0.447214 0.894427 0.000000
vn  0.894427 0.447214 0.000000
vn  -0.447214 0.894427 0.000000
vn  -0.894427 0.447214 0.000000
vn  0.447214 0.894427 0.000000
vn  0.894427 0.447214 0.000000
vn  -0.894427 -0.447214 0.000000
vn  -0.447214 -0.894427 0.000000
vn  -0.894427 0.447214 0.000000
vn  -0.447214 0.894427 0.000000
vn  -0.894427 -0.447214 0.000000
vn  -0.447214 -0.894427 0.000000
vn  -0.894427 0.447214 0.000000
vn  -0.447214 0.894427 0.000000
vn  0.447214 -0.894427 0.000000
vn  0.894427 -0.447214 0.000000
vn  -0.447214 -0.894427 0.000000
vn  -0.894427 -0.447214 0.000000
vn  0.447214 -0.894427 0.000000
vn  0.894427 -0.447214 0.000000
vn  -0.447214 -0.894427 0.000000
vn  -0.894427 -0.447214 0.000000
vn  0.894427 0.447214 0.000000
vn  0.447214 0.894427 0.000000
vn  0.894427 -0.447214 0.000000
vn  0.447214 -0.894427 0.000000
vn  0.894427 0.447214 0.000000
vn  0.447214 0.894427 0.000000
vn  0.894427 -0.447214 0.000000
vn  0.447214 -0.894427 0.000000
vn  -0.447214 0.894427 0.000000
vn  -0.894427 0.447214 0.000000
vn  0.447214 0.894427 0.000000
vn  0.894427 0.447214 0.000000
vn  -0.447214 0.894427 0.000000
vn  -0.894427 0.447214 0.000000
vn  0.447214 0.894427 0.000000
vn  0.894427 0.447214 0.000000
vn  -0.894427 -0.447214 0.000000
vn  -0.447214 -0.894427 0.000000
vn  -0.894427 0.447214 0.000000
vn  -0.447214 0.894427 0.000000
vn  -0.894427 -0.447214 0.000000
vn  -0.447214 -0.894427 0.000000
vn  -0.894427 0.447214 0.000000
vn  -0.447214 0.894427 0.000000

g rdmobj34
usemtl TEKWALL4
f  2401/2401/2401 2402/2402/2402 2403/2403/2403
f  2404/2404/2404 2401/2401/2401 2403/2403/2403
f  2405/2405/2405 2406/2406/2406 2407/2407/2407
f  2408/2408/2408 2405/2405/2405 2407/2407/2407
f  2409/2409/2409 2410/2410/2410 2411/2411/2411
f  2412/2412/2412 2409/2409/2409 2411/2411/2411
f  2413/2413/2413 2414/2414/2414 2415/2415/2415
f  2416/2416/2416 2413/2413/2413 2415/2415/2415
f  2417/2417/2417 2418/2418/2418 2419/2419/2419
f  2420/2420/2420 2417/2417/2417 2419/2419/2419
f  2421/2421/2421 2422/2422/2422 2423/2423/2423
f  2424/2424/2424 2421/2421/2421 2423/2423/2423
f  2425/2425/2425 2426/2426/2426 2427/2427/2427
f  2428/2428/2428 2425/2425/2425 2427/2427/2427
f  2429/2429/2429 2430/2430/2430 2431/2431/2431
f  2432/2432/2432 2429/2429/2429 2431/2431/2431
f  2433/2433/2433 2434/2434/2434 2435/2435/2435
f  2436/2436/2436 2433/2433/2433 2435/2435/2435
f  2437/2437/2437 2438/2438/2438 2439/2439/2439
f  2440/2440/2440 2437/2437/2437 2439/2439/2439
f  2441/2441/2441 2442/2442/2442 2443/2443/2443
f  2444/2444/2444 2441/2441/2441 2443/2443/2443
f  2445/2445/2445 2446/2446/2446 2447/2447/2447
f  2448/2448/2448 2445/2445/2445 2447/2447/2447
f  2449/2449/2449 2450/2450/2450 2451/2451/2451
f  2452/2452/2452 2449/2449/2449 2451/2451/2451
f  2453/2453/2453 2454/2454/2454 2455/2455/2455
f  2456/2456/2456 2453/2453/2453 2455/2455/2455
f  2457/2457/2457 2458/2458/2458 2459/2459/2459
f  2460/2460/2460 2457/2457/2457 2459/2459/2459
f  2461/2461/2461 2462/2462/2462 2463/2463/2463
f  2464/2464/2464 2461/2461/2461 2463/2463/2463

g
v  1536.000000 -2560.000000 0.000000
v  1536.000000 -2560.000000 88.000000
v  1536.000000 -2432.000000 88.000000
v  1536.000000 -2432.000000 0.000000
v  1552.000000 -2432.000000 0.000000
v  1552.000000 -2432.000000 72.000000
v  1552.000000 -2560.000000 72.000000
v  1552.000000 -2560.000000 0.000000

vt  1.000000 1.000000 0.000000
vt  1.000000 0.312500 0.000000
vt  0.000000 0.312500 0.000000
vt  0.000000 1.000000 0.000000
vt  1.000000 1.000000 0.000000
vt  1.000000 0.437500 0.000000
vt  0.000000 0.437500 0.000000
vt  0.000000 1.000000 0.000000

vn  -1.000000 0.000000 0.000000
vn  -1.000000 0.000000 0.000000
vn  -1.000000 0.000000 0.000000
vn  -1.000000 0.000000 0.000000
vn  1.000000 0.000000 0.000000
vn  1.000000 0.000000 0.000000
vn  1.000000 0.000000 0.000000
vn  1.000000 0.000000 0.000000

g rdmobj35
usemtl BIGDOOR2
f  2465/2465/2465 2466/2466/2466 2467/2467/2467
f  2468/2468/2468 2465/2465/2465 2467/2467/2467
f  2469/2469/2469 2470/2470/2470 2471/2471/2471
f  2472/2472/2472 2469/2469/2469 2471/2471/2471

g
v  1552.000000 -2560.000000 0.000000
v  1552.000000 -2560.000000 72.000000
v  1664.000000 -2560.000000 72.000000
v  1664.000000 -2560.000000 0.000000
v  1664.000000 -2432.000000 0.000000
v  1664.000000 -2432.000000 72.000000
v  1552.000000 -2432.000000 72.000000
v  1552.000000 -2432.000000 0.000000
v  2496.000000 -2752.000000 0.000000
v  2496.000000 -2752.000000 224.000000
v  2496.000000 -2688.000000 224.000000
v  2496.000000 -2688.000000 0.000000
v  1664.000000 -2432.000000 72.000000
v  1664.000000 -2432.000000 224.000000
v  1664.000000 -2560.000000 224.000000
v  1664.000000 -2560.000000 72.000000
v  2496.000000 -2688.000000 72.000000
v  2496.000000 -2688.000000 224.000000
v  2496.000000 -2560.000000 224.000000
v  2496.000000 -2560.000000 72.000000
v  1664.000000 -2560.000000 0.000000
v  1664.000000 -2560.000000 224.000000
v  1664.000000 -2600.000000 224.000000
v  1664.000000 -2600.000000 0.000000
v  1664.000000 -2392.000000 0.000000
v  1664.000000 -2392.000000 224.000000
v  1664.000000 -2432.000000 224.000000
v  1664.000000 -2432.000000 0.000000
v  2496.000000 -2560.000000 0.000000
v  2496.000000 -2560.000000 224.000000
v  2496.000000 -2520.000000 224.000000
v  2496.000000 -2520.000000 0.000000
v  2200.000000 -2752.000000 0.000000
v  2200.000000 -2752.000000 224.000000
v  2496.000000 -2752.000000 224.000000
v  2496.000000 -2752.000000 0.000000

vt  1.750000 1.000000 0.000000
vt  1.750000 0.437500 0.000000
vt  0.000000 0.437500 0.000000
vt  0.000000 1.000000 0.000000
vt  1.750000 1.000000 0.000000
vt  1.750000 0.437500 0.000000
vt  0.000000 0.437500 0.000000
vt  0.000000 1.000000 0.000000
vt  1.000000 2.000000 0.000000
vt  1.000000 0.250000 0.000000
vt  0.000000 0.250000 0.000000
vt  0.000000 2.000000 0.000000
vt  2.000000 1.437500 0.000000
vt  2.000000 0.250000 0.000000
vt  0.000000 0.250000 0.000000
vt  0.000000 1.437500 0.000000
vt  2.000000 1.437500 0.000000
vt  2.000000 0.250000 0.000000
vt  0.000000 0.250000 0.000000
vt  0.000000 1.437500 0.000000
vt  0.625000 2.000000 0.000000
vt  0.625000 0.250000 0.000000
vt  0.000000 0.250000 0.000000
vt  0.000000 2.000000 0.000000
vt  0.625000 2.000000 0.000000
vt  0.625000 0.250000 0.000000
vt  0.000000 0.250000 0.000000
vt  0.000000 2.000000 0.000000
vt  0.625000 2.000000 0.000000
vt  0.625000 0.250000 0.000000
vt  0.000000 0.250000 0.000000
vt  0.000000 2.000000 0.000000
vt  4.625000 2.000000 0.000000
vt  4.625000 0.250000 0.000000
vt  0.000000 0.250000 0.000000
vt  0.000000 2.000000 0.000000

vn  0.000000 1.000000 0.000000
vn  0.000000 1.000000 0.000000
vn  0.447214 0.894427 0.000000
vn  0.894427 0.447214 0.000000
vn  0.447214 -0.894427 0.000000
vn  0.894427 -0.447214 0.000000
vn  0.000000 -1.000000 0.000000
vn  0.000000 -1.000000 0.000000
vn  -0.894427 0.447214 0.000000
vn  -0.447214 0.894427 0.000000
vn  -1.000000 0.000000 0.000000
vn  -1.000000 0.000000 0.000000
vn  0.894427 -0.447214 0.000000
vn  1.000000 0.000000 0.000000
vn  1.000000 0.000000 0.000000
vn  0.447214 0.894427 0.000000
vn  -1.000000 0.000000 0.000000
vn  -1.000000 0.000000 0.000000
vn  -1.000000 0.000000 0.000000
vn  -1.000000 0.000000 0.000000
vn  0.894427 0.447214 0.000000
vn  1.000000 0.000000 0.000000
vn  1.000000 0.000000 0.000000
vn  1.000000 0.000000 0.000000
vn  1.000000 0.000000 0.000000
vn  1.000000 0.000000 0.000000
vn  1.000000 0.000000 0.000000
vn  0.447214 -0.894427 0.000000
vn  -1.000000 0.000000 0.000000
vn  -1.000000 0.000000 0.000000
vn  -1.000000 0.000000 0.000000
vn  -1.000000 0.000000 0.000000
vn  0.000000 1.000000 0.000000
vn  0.000000 1.000000 0.000000
vn  -0.447214 0.894427 0.000000
vn  -0.894427 0.447214 0.000000

g rdmobj36
usemtl STARGR1
f  2473/2473/2473 2474/2474/2474 2475/2475/2475
f  2476/2476/2476 2473/2473/2473 2475/2475/2475
f  2477/2477/2477 2478/2478/2478 2479/2479/2479
f  2480/2480/2480 2477/2477/2477 2479/2479/2479
f  2481/2481/2481 2482/2482/2482 2483/2483/2483
f  2484/2484/2484 2481/2481/2481 2483/2483/2483
f  2485/2485/2485 2486/2486/2486 2487/2487/2487
f  2488/2488/2488 2485/2485/2485 2487/2487/2487
f  2489/2489/2489 2490/2490/2490 2491/2491/2491
f  2492/2492/2492 2489/2489/2489 2491/2491/2491
f  2493/2493/2493 2494/2494/2494 2495/2495/2495
f  2496/2496/2496 2493/2493/2493 2495/2495/2495
f  2497/2497/2497 2498/2498/2498 2499/2499/2499
f  2500/2500/2500 2497/2497/2497 2499/2499/2499
f  2501/2501/2501 2502/2502/2502 2503/2503/2503
f  2504/2504/2504 2501/2501/2501 2503/2503/2503
f  2505/2505/2505 2506/2506/2506 2507/2507/2507
f  2508/2508/2508 2505/2505/2505 2507/2507/2507

g
v  2880.000000 -2880.000000 -24.000000
v  2880.000000 -2880.000000 176.000000
v  2880.000000 -2912.000000 176.000000
v  2880.000000 -2912.000000 -24.000000
v  3048.000000 -2944.000000 -24.000000
v  3048.000000 -2944.000000 176.000000
v  3048.000000 -2880.000000 176.000000
v  3048.000000 -2880.000000 -24.000000
v  2752.000000 -2912.000000 -24.000000
v  2752.000000 -2912.000000 176.000000
v  2752.000000 -3048.000000 176.000000
v  2752.000000 -3048.000000 -24.000000
v  2752.000000 -3360.000000 -48.000000
v  2752.000000 -3360.000000 176.000000
v  2752.000000 -3584.000000 176.000000
v  2752.000000 -3584.000000 -48.000000
v  3304.000000 -3040.000000 -24.000000
v  3304.000000 -3040.000000 176.000000
v  3048.000000 -2944.000000 176.000000
v  3048.000000 -2944.000000 -24.000000
v  3072.000000 -3648.000000 -24.000000
v  3072.000000 -3648.000000 176.000000
v  3264.000000 -3616.000000 176.000000
v  3264.000000 -3616.000000 -24.000000
v  2752.000000 -3584.000000 -24.000000
v  2752.000000 -3584.000000 176.000000
v  2944.000000 -3648.000000 176.000000
v  2944.000000 -3648.000000 -24.000000
v  3072.000000 -4000.000000 -24.000000
v  3072.000000 -4000.000000 176.000000
v  3072.000000 -3648.000000 176.000000
v  3072.000000 -3648.000000 -24.000000
v  2944.000000 -3648.000000 -24.000000
v  2944.000000 -3648.000000 176.000000
v  2944.000000 -3776.000000 176.000000
v  2944.000000 -3776.000000 -24.000000
v  3264.000000 -3616.000000 -48.000000
v  3264.000000 -3616.000000 176.000000
v  3352.000000 -3568.000000 176.000000
v  3352.000000 -3568.000000 -48.000000
v  3408.000000 -3432.000000 -48.000000
v  3408.000000 -3432.000000 96.000000
v  3472.000000 -3432.000000 96.000000
v  3472.000000 -3432.000000 -48.000000
v  3312.000000 -3496.000000 -48.000000
v  3312.000000 -3496.000000 96.000000
v  3408.000000 -3432.000000 96.000000
v  3408.000000 -3432.000000 -48.000000
v  3352.000000 -3568.000000 -48.000000
v  3352.000000 -3568.000000 96.000000
v  3312.000000 -3496.000000 96.000000
v  3312.000000 -3496.000000 -48.000000
v  2944.000000 -3904.000000 -24.000000
v  2944.000000 -3904.000000 176.000000
v  2944.000000 -4000.000000 176.000000
v  2944.000000 -4000.000000 -24.000000
v  2752.000000 -2800.000000 -24.000000
v  2752.000000 -2800.000000 176.000000
v  2880.000000 -2880.000000 176.000000
v  2880.000000 -2880.000000 -24.000000
v  3048.000000 -2880.000000 -24.000000
v  3048.000000 -2880.000000 176.000000
v  2960.000000 -2656.000000 176.000000
v  2960.000000 -2656.000000 -24.000000
v  3472.000000 -3432.000000 -48.000000
v  3472.000000 -3432.000000 176.000000
v  3400.000000 -3152.000000 176.000000
v  3400.000000 -3152.000000 -48.000000
v  3448.000000 -3520.000000 96.000000
v  3448.000000 -3520.000000 176.000000
v  3472.000000 -3432.000000 176.000000
v  3472.000000 -3432.000000 96.000000
v  3352.000000 -3568.000000 104.000000
v  3352.000000 -3568.000000 176.000000
v  3448.000000 -3520.000000 176.000000
v  3448.000000 -3520.000000 104.000000
v  3352.000000 -3568.000000 96.000000
v  3352.000000 -3568.000000 -48.000000
v  3448.000000 -3520.000000 -48.000000
v  3448.000000 -3520.000000 96.000000
v  3352.000000 -3568.000000 -48.000000
v  3352.000000 -3568.000000 96.000000
v  3448.000000 -3520.000000 96.000000
v  3448.000000 -3520.000000 -48.000000
v  2752.000000 -3112.000000 136.000000
v  2752.000000 -3112.000000 176.000000
v  2752.000000 -3360.000000 176.000000
v  2752.000000 -3360.000000 136.000000
v  2752.000000 -3112.000000 -48.000000
v  2752.000000 -3112.000000 0.000000
v  2752.000000 -3360.000000 0.000000
v  2752.000000 -3360.000000 -48.000000
v  2752.000000 -3048.000000 -48.000000
v  2752.000000 -3048.000000 176.000000
v  2752.000000 -3112.000000 176.000000
v  2752.000000 -3112.000000 -48.000000
v  3328.000000 -4128.000000 -24.000000
v  3328.000000 -4128.000000 48.000000
v  3200.000000 -4128.000000 48.000000
v  3200.000000 -4128.000000 -24.000000
v  2816.000000 -4128.000000 -24.000000
v  2816.000000 -4128.000000 48.000000
v  2688.000000 -4128.000000 48.000000
v  2688.000000 -4128.000000 -24.000000
v  2856.000000 -4160.000000 -24.000000
v  2856.000000 -4160.000000 48.000000
v  2816.000000 -4128.000000 48.000000
v  2816.000000 -4128.000000 -24.000000
v  2912.000000 -4128.000000 -24.000000
v  2912.000000 -4128.000000 48.000000
v  2912.000000 -4160.000000 48.000000
v  2912.000000 -4160.000000 -24.000000
v  3104.000000 -4160.000000 -24.000000
v  3104.000000 -4160.000000 48.000000
v  3104.000000 -4128.000000 48.000000
v  3104.000000 -4128.000000 -24.000000
v  3200.000000 -4128.000000 -24.000000
v  3200.000000 -4128.000000 48.000000
v  3160.000000 -4160.000000 48.000000
v  3160.000000 -4160.000000 -24.000000
v  3104.000000 -4384.000000 -24.000000
v  3104.000000 -4384.000000 48.000000
v  3104.000000 -4352.000000 48.000000
v  3104.000000 -4352.000000 -24.000000
v  3160.000000 -4384.000000 -24.000000
v  3160.000000 -4384.000000 48.000000
v  3104.000000 -4384.000000 48.000000
v  3104.000000 -4384.000000 -24.000000
v  3160.000000 -4352.000000 -24.000000
v  3160.000000 -4352.000000 48.000000
v  3160.000000 -4384.000000 48.000000
v  3160.000000 -4384.000000 -24.000000
v  2856.000000 -4384.000000 -24.000000
v  2856.000000 -4384.000000 48.000000
v  2856.000000 -4352.000000 48.000000
v  2856.000000 -4352.000000 -24.000000
v  2912.000000 -4384.000000 -24.000000
v  2912.000000 -4384.000000 48.000000
v  2856.000000 -4384.000000 48.000000
v  2856.000000 -4384.000000 -24.000000
v  2912.000000 -4352.000000 -24.000000
v  2912.000000 -4352.000000 48.000000
v  2912.000000 -4384.000000 48.000000
v  2912.000000 -4384.000000 -24.000000
v  2888.000000 -4160.000000 -24.000000
v  2888.000000 -4160.000000 104.000000
v  2856.000000 -4160.000000 104.000000
v  2856.000000 -4160.000000 -24.000000
v  2912.000000 -4160.000000 -24.000000
v  2912.000000 -4160.000000 104.000000
v  2888.000000 -4160.000000 104.000000
v  2888.000000 -4160.000000 -24.000000
v  3128.000000 -4352.000000 -24.000000
v  3128.000000 -4352.000000 104.000000
v  3160.000000 -4352.000000 104.000000
v  3160.000000 -4352.000000 -24.000000
v  3104.000000 -4352.000000 -24.000000
v  3104.000000 -4352.000000 104.000000
v  3128.000000 -4352.000000 104.000000
v  3128.000000 -4352.000000 -24.000000
v  3128.000000 -4160.000000 -24.000000
v  3128.000000 -4160.000000 104.000000
v  3104.000000 -4160.000000 104.000000
v  3104.000000 -4160.000000 -24.000000
v  3160.000000 -4160.000000 -24.000000
v  3160.000000 -4160.000000 104.000000
v  3128.000000 -4160.000000 104.000000
v  3128.000000 -4160.000000 -24.000000
v  2888.000000 -4352.000000 -24.000000
v  2888.000000 -4352.000000 104.000000
v  2912.000000 -4352.000000 104.000000
v  2912.000000 -4352.000000 -24.000000
v  2856.000000 -4352.000000 -24.000000
v  2856.000000 -4352.000000 104.000000
v  2888.000000 -4352.000000 104.000000
v  2888.000000 -4352.000000 -24.000000
v  3072.000000 -4544.000000 -24.000000
v  3072.000000 -4544.000000 48.000000
v  3328.000000 -4544.000000 48.000000
v  3328.000000 -4544.000000 -24.000000
v  2688.000000 -4544.000000 -24.000000
v  2688.000000 -4544.000000 48.000000
v  2944.000000 -4544.000000 48.000000
v  2944.000000 -4544.000000 -24.000000
v  3104.000000 -4160.000000 48.000000
v  3104.000000 -4160.000000 104.000000
v  2912.000000 -4160.000000 104.000000
v  2912.000000 -4160.000000 48.000000
v  2912.000000 -4352.000000 48.000000
v  2912.000000 -4352.000000 104.000000
v  3104.000000 -4352.000000 104.000000
v  3104.000000 -4352.000000 48.000000
v  2944.000000 -4000.000000 48.000000
v  2944.000000 -4000.000000 176.000000
v  3072.000000 -4000.000000 176.000000
v  3072.000000 -4000.000000 48.000000
v  2688.000000 -4128.000000 -24.000000
v  2688.000000 -4128.000000 48.000000
v  2688.000000 -4544.000000 48.000000
v  2688.000000 -4544.000000 -24.000000
v  3328.000000 -4544.000000 -24.000000
v  3328.000000 -4544.000000 48.000000
v  3328.000000 -4128.000000 48.000000
v  3328.000000 -4128.000000 -24.000000
v  2856.000000 -4160.000000 48.000000
v  2856.000000 -4160.000000 104.000000
v  2856.000000 -4352.000000 104.000000
v  2856.000000 -4352.000000 48.000000
v  3160.000000 -4352.000000 48.000000
v  3160.000000 -4352.000000 104.000000
v  3160.000000 -4160.000000 104.000000
v  3160.000000 -4160.000000 48.000000
v  3072.000000 -4544.000000 48.000000
v  3072.000000 -4544.000000 72.000000
v  2944.000000 -4544.000000 72.000000
v  2944.000000 -4544.000000 48.000000
v  2944.000000 -4000.000000 -24.000000
v  2944.000000 -4000.000000 48.000000
v  2944.000000 -4016.000000 48.000000
v  2944.000000 -4016.000000 -24.000000
v  3072.000000 -4016.000000 -24.000000
v  3072.000000 -4016.000000 48.000000
v  3072.000000 -4000.000000 48.000000
v  3072.000000 -4000.000000 -24.000000
v  2944.000000 -4032.000000 -24.000000
v  2944.000000 -4032.000000 48.000000
v  2912.000000 -4128.000000 48.000000
v  2912.000000 -4128.000000 -24.000000
v  3104.000000 -4128.000000 -24.000000
v  3104.000000 -4128.000000 48.000000
v  3072.000000 -4032.000000 48.000000
v  3072.000000 -4032.000000 -24.000000
v  2880.000000 -2912.000000 -24.000000
v  2880.000000 -2912.000000 176.000000
v  2752.000000 -2912.000000 176.000000
v  2752.000000 -2912.000000 -24.000000
v  3328.000000 -3968.000000 -48.000000
v  3328.000000 -3968.000000 104.000000
v  3520.000000 -3904.000000 104.000000
v  3520.000000 -3904.000000 -48.000000
v  3200.000000 -3744.000000 -48.000000
v  3200.000000 -3744.000000 32.000000
v  3200.000000 -3968.000000 32.000000
v  3200.000000 -3968.000000 -48.000000
v  3360.000000 -3648.000000 -48.000000
v  3360.000000 -3648.000000 104.000000
v  3328.000000 -3744.000000 104.000000
v  3328.000000 -3744.000000 -48.000000
v  3328.000000 -3744.000000 32.000000
v  3328.000000 -3744.000000 104.000000
v  3328.000000 -3968.000000 104.000000
v  3328.000000 -3968.000000 32.000000
v  3520.000000 -3584.000000 -48.000000
v  3520.000000 -3584.000000 104.000000
v  3472.000000 -3520.000000 104.000000
v  3472.000000 -3520.000000 -48.000000
v  3352.000000 -3592.000000 -48.000000
v  3352.000000 -3592.000000 104.000000
v  3360.000000 -3648.000000 104.000000
v  3360.000000 -3648.000000 -48.000000
v  3200.000000 -3968.000000 -48.000000
v  3200.000000 -3968.000000 32.000000
v  3304.000000 -3968.000000 32.000000
v  3304.000000 -3968.000000 -48.000000
v  3304.000000 -3744.000000 -48.000000
v  3304.000000 -3744.000000 32.000000
v  3200.000000 -3744.000000 32.000000
v  3200.000000 -3744.000000 -48.000000
v  3520.000000 -3840.000000 -48.000000
v  3520.000000 -3840.000000 104.000000
v  3520.000000 -3584.000000 104.000000
v  3520.000000 -3584.000000 -48.000000
v  3584.000000 -3904.000000 104.000000
v  3584.000000 -3904.000000 184.000000
v  3680.000000 -3904.000000 184.000000
v  3680.000000 -3904.000000 104.000000
v  3680.000000 -3904.000000 104.000000
v  3680.000000 -3904.000000 184.000000
v  3744.000000 -3808.000000 184.000000
v  3744.000000 -3808.000000 104.000000
v  3616.000000 -3776.000000 104.000000
v  3616.000000 -3776.000000 184.000000
v  3584.000000 -3840.000000 184.000000
v  3584.000000 -3840.000000 104.000000
v  3552.000000 -3552.000000 104.000000
v  3552.000000 -3552.000000 184.000000
v  3616.000000 -3776.000000 184.000000
v  3616.000000 -3776.000000 104.000000
v  3552.000000 -3392.000000 104.000000
v  3552.000000 -3392.000000 184.000000
v  3552.000000 -3552.000000 184.000000
v  3552.000000 -3552.000000 104.000000
v  3648.000000 -3264.000000 104.000000
v  3648.000000 -3264.000000 184.000000
v  3552.000000 -3392.000000 184.000000
v  3552.000000 -3392.000000 104.000000
v  3744.000000 -3808.000000 104.000000
v  3744.000000 -3808.000000 184.000000
v  3680.000000 -3552.000000 184.000000
v  3680.000000 -3552.000000 104.000000
v  3680.000000 -3552.000000 104.000000
v  3680.000000 -3552.000000 184.000000
v  3680.000000 -3392.000000 184.000000
v  3680.000000 -3392.000000 104.000000
v  3680.000000 -3392.000000 104.000000
v  3680.000000 -3392.000000 184.000000
v  3808.000000 -3264.000000 184.000000
v  3808.000000 -3264.000000 104.000000
v  3496.000000 -3032.000000 104.000000
v  3496.000000 -3032.000000 184.000000
v  3648.000000 -3264.000000 184.000000
v  3648.000000 -3264.000000 104.000000
v  3808.000000 -3264.000000 104.000000
v  3808.000000 -3264.000000 184.000000
v  3584.000000 -2880.000000 184.000000
v  3584.000000 -2880.000000 104.000000
v  3456.000000 -3032.000000 104.000000
v  3456.000000 -3032.000000 184.000000
v  3496.000000 -3032.000000 184.000000
v  3496.000000 -3032.000000 104.000000
v  3584.000000 -2880.000000 104.000000
v  3584.000000 -2880.000000 184.000000
v  3360.000000 -2880.000000 184.000000
v  3360.000000 -2880.000000 104.000000
v  3400.000000 -3152.000000 104.000000
v  3400.000000 -3152.000000 176.000000
v  3304.000000 -3040.000000 176.000000
v  3304.000000 -3040.000000 104.000000
v  3400.000000 -3152.000000 184.000000
v  3400.000000 -3152.000000 176.000000
v  3304.000000 -3040.000000 176.000000
v  3304.000000 -3040.000000 184.000000
v  3400.000000 -3152.000000 -48.000000
v  3400.000000 -3152.000000 104.000000
v  3304.000000 -3040.000000 104.000000
v  3304.000000 -3040.000000 -48.000000
v  3400.000000 -3152.000000 176.000000
v  3400.000000 -3152.000000 184.000000
v  3304.000000 -3040.000000 184.000000
v  3304.000000 -3040.000000 176.000000
v  3520.000000 -3904.000000 184.000000
v  3520.000000 -3904.000000 104.000000
v  3520.000000 -3840.000000 104.000000
v  3520.000000 -3840.000000 184.000000
v  3520.000000 -3904.000000 -48.000000
v  3520.000000 -3904.000000 104.000000
v  3520.000000 -3840.000000 104.000000
v  3520.000000 -3840.000000 -48.000000
v  3520.000000 -3840.000000 184.000000
v  3520.000000 -3904.000000 184.000000
v  3360.000000 -2880.000000 104.000000
v  3360.000000 -2880.000000 184.000000
v  3320.000000 -3040.000000 184.000000
v  3320.000000 -3040.000000 104.000000
v  3416.000000 -3152.000000 104.000000
v  3416.000000 -3152.000000 184.000000
v  3456.000000 -3032.000000 184.000000
v  3456.000000 -3032.000000 104.000000
v  3584.000000 -3840.000000 104.000000
v  3584.000000 -3840.000000 184.000000
v  3536.000000 -3840.000000 184.000000
v  3536.000000 -3840.000000 104.000000
v  3536.000000 -3904.000000 104.000000
v  3536.000000 -3904.000000 184.000000
v  3584.000000 -3904.000000 184.000000
v  3584.000000 -3904.000000 104.000000

vt  0.500000 1.562500 0.000000
vt  0.500000 0.000000 0.000000
vt  0.000000 0.000000 0.000000
vt  0.000000 1.562500 0.000000
vt  1.000000 1.562500 0.000000
vt  1.000000 0.000000 0.000000
vt  0.000000 0.000000 0.000000
vt  0.000000 1.562500 0.000000
vt  2.125000 1.562500 0.000000
vt  2.125000 0.000000 0.000000
vt  0.000000 0.000000 0.000000
vt  0.000000 1.562500 0.000000
vt  3.500000 1.750000 0.000000
vt  3.500000 0.000000 0.000000
vt  0.000000 0.000000 0.000000
vt  0.000000 1.750000 0.000000
vt  4.272002 1.562500 0.000000
vt  4.272002 0.000000 0.000000
vt  0.000000 0.000000 0.000000
vt  0.000000 1.562500 0.000000
vt  3.041381 1.562500 0.000000
vt  3.041381 0.000000 0.000000
vt  0.000000 0.000000 0.000000
vt  0.000000 1.562500 0.000000
vt  3.162278 1.562500 0.000000
vt  3.162278 0.000000 0.000000
vt  0.000000 0.000000 0.000000
vt  0.000000 1.562500 0.000000
vt  5.500000 1.562500 0.000000
vt  5.500000 0.000000 0.000000
vt  0.000000 0.000000 0.000000
vt  0.000000 1.562500 0.000000
vt  2.000000 1.562500 0.000000
vt  2.000000 0.000000 0.000000
vt  0.000000 0.000000 0.000000
vt  0.000000 1.562500 0.000000
vt  1.566246 1.750000 0.000000
vt  1.566246 0.000000 0.000000
vt  0.000000 0.000000 0.000000
vt  0.000000 1.750000 0.000000
vt  1.000000 1.375000 0.000000
vt  1.000000 0.250000 0.000000
vt  0.000000 0.250000 0.000000
vt  0.000000 1.375000 0.000000
vt  1.802776 1.375000 0.000000
vt  1.802776 0.250000 0.000000
vt  0.000000 0.250000 0.000000
vt  0.000000 1.375000 0.000000
vt  1.286954 1.375000 0.000000
vt  1.286954 0.250000 0.000000
vt  0.000000 0.250000 0.000000
vt  0.000000 1.375000 0.000000
vt  1.500000 1.562500 0.000000
vt  1.500000 0.000000 0.000000
vt  0.000000 0.000000 0.000000
vt  0.000000 1.562500 0.000000
vt  2.358495 1.562500 0.000000
vt  2.358495 0.000000 0.000000
vt  0.000000 0.000000 0.000000
vt  0.000000 1.562500 0.000000
vt  3.760402 1.562500 0.000000
vt  3.760402 0.000000 0.000000
vt  0.000000 0.000000 0.000000
vt  0.000000 1.562500 0.000000
vt  4.517328 1.750000 0.000000
vt  4.517328 0.000000 0.000000
vt  0.000000 0.000000 0.000000
vt  0.000000 1.750000 0.000000
vt  1.425219 0.625000 0.000000
vt  1.425219 0.000000 0.000000
vt  0.000000 0.000000 0.000000
vt  0.000000 0.625000 0.000000
vt  1.677051 0.562500 0.000000
vt  1.677051 0.000000 0.000000
vt  0.000000 0.000000 0.000000
vt  0.000000 0.562500 0.000000
vt  1.677051 2.250000 0.000000
vt  1.677051 1.125000 0.000000
vt  0.000000 1.125000 0.000000
vt  0.000000 2.250000 0.000000
vt  1.677051 1.125000 0.000000
vt  1.677051 0.000000 0.000000
vt  0.000000 0.000000 0.000000
vt  0.000000 1.125000 0.000000
vt  3.875000 0.312500 0.000000
vt  3.875000 0.000000 0.000000
vt  0.000000 0.000000 0.000000
vt  0.000000 0.312500 0.000000
vt  3.875000 1.750000 0.000000
vt  3.875000 1.375000 0.000000
vt  0.000000 1.375000 0.000000
vt  0.000000 1.750000 0.000000
vt  1.000000 1.750000 0.000000
vt  1.000000 0.000000 0.000000
vt  0.000000 0.000000 0.000000
vt  0.000000 1.750000 0.000000
vt  2.000000 0.562500 0.000000
vt  2.000000 0.000000 0.000000
vt  0.000000 0.000000 0.000000
vt  0.000000 0.562500 0.000000
vt  2.000000 0.562500 0.000000
vt  2.000000 0.000000 0.000000
vt  0.000000 0.000000 0.000000
vt  0.000000 0.562500 0.000000
vt  0.800391 0.562500 0.000000
vt  0.800391 0.000000 0.000000
vt  0.000000 0.000000 0.000000
vt  0.000000 0.562500 0.000000
vt  0.500000 0.562500 0.000000
vt  0.500000 0.000000 0.000000
vt  0.000000 0.000000 0.000000
vt  0.000000 0.562500 0.000000
vt  0.500000 0.562500 0.000000
vt  0.500000 0.000000 0.000000
vt  0.000000 0.000000 0.000000
vt  0.000000 0.562500 0.000000
vt  0.800391 0.562500 0.000000
vt  0.800391 0.000000 0.000000
vt  0.000000 0.000000 0.000000
vt  0.000000 0.562500 0.000000
vt  0.500000 0.562500 0.000000
vt  0.500000 0.000000 0.000000
vt  0.000000 0.000000 0.000000
vt  0.000000 0.562500 0.000000
vt  0.875000 0.562500 0.000000
vt  0.875000 0.000000 0.000000
vt  0.000000 0.000000 0.000000
vt  0.000000 0.562500 0.000000
vt  0.500000 0.562500 0.000000
vt  0.500000 0.000000 0.000000
vt  0.000000 0.000000 0.000000
vt  0.000000 0.562500 0.000000
vt  0.500000 0.562500 0.000000
vt  0.500000 0.000000 0.000000
vt  0.000000 0.000000 0.000000
vt  0.000000 0.562500 0.000000
vt  0.875000 0.562500 0.000000
vt  0.875000 0.000000 0.000000
vt  0.000000 0.000000 0.000000
vt  0.000000 0.562500 0.000000
vt  0.500000 0.562500 0.000000
vt  0.500000 0.000000 0.000000
vt  0.000000 0.000000 0.000000
vt  0.000000 0.562500 0.000000
vt  0.500000 1.000000 0.000000
vt  0.500000 0.000000 0.000000
vt  0.000000 0.000000 0.000000
vt  0.000000 1.000000 0.000000
vt  0.375000 1.000000 0.000000
vt  0.375000 0.000000 0.000000
vt  0.000000 0.000000 0.000000
vt  0.000000 1.000000 0.000000
vt  0.500000 1.000000 0.000000
vt  0.500000 0.000000 0.000000
vt  0.000000 0.000000 0.000000
vt  0.000000 1.000000 0.000000
vt  0.375000 1.000000 0.000000
vt  0.375000 0.000000 0.000000
vt  0.000000 0.000000 0.000000
vt  0.000000 1.000000 0.000000
vt  0.375000 1.000000 0.000000
vt  0.375000 0.000000 0.000000
vt  0.000000 0.000000 0.000000
vt  0.000000 1.000000 0.000000
vt  0.500000 1.000000 0.000000
vt  0.500000 0.000000 0.000000
vt  0.000000 0.000000 0.000000
vt  0.000000 1.000000 0.000000
vt  0.375000 1.000000 0.000000
vt  0.375000 0.000000 0.000000
vt  0.000000 0.000000 0.000000
vt  0.000000 1.000000 0.000000
vt  0.500000 1.000000 0.000000
vt  0.500000 0.000000 0.000000
vt  0.000000 0.000000 0.000000
vt  0.000000 1.000000 0.000000
vt  4.000000 0.562500 0.000000
vt  4.000000 0.000000 0.000000
vt  0.000000 0.000000 0.000000
vt  0.000000 0.562500 0.000000
vt  4.000000 0.562500 0.000000
vt  4.000000 0.000000 0.000000
vt  0.000000 0.000000 0.000000
vt  0.000000 0.562500 0.000000
vt  3.000000 0.437500 0.000000
vt  3.000000 0.000000 0.000000
vt  0.000000 0.000000 0.000000
vt  0.000000 0.437500 0.000000
vt  3.000000 0.437500 0.000000
vt  3.000000 0.000000 0.000000
vt  0.000000 0.000000 0.000000
vt  0.000000 0.437500 0.000000
vt  2.000000 1.000000 0.000000
vt  2.000000 0.000000 0.000000
vt  0.000000 0.000000 0.000000
vt  0.000000 1.000000 0.000000
vt  6.500000 0.562500 0.000000
vt  6.500000 0.000000 0.000000
vt  0.000000 0.000000 0.000000
vt  0.000000 0.562500 0.000000
vt  6.500000 0.562500 0.000000
vt  6.500000 0.000000 0.000000
vt  0.000000 0.000000 0.000000
vt  0.000000 0.562500 0.000000
vt  3.000000 0.437500 0.000000
vt  3.000000 0.000000 0.000000
vt  0.000000 0.000000 0.000000
vt  0.000000 0.437500 0.000000
vt  3.000000 0.437500 0.000000
vt  3.000000 0.000000 0.000000
vt  0.000000 0.000000 0.000000
vt  0.000000 0.437500 0.000000
vt  2.000000 0.187500 0.000000
vt  2.000000 0.000000 0.000000
vt  0.000000 0.000000 0.000000
vt  0.000000 0.187500 0.000000
vt  0.250000 0.562500 0.000000
vt  0.250000 0.000000 0.000000
vt  0.000000 0.000000 0.000000
vt  0.000000 0.562500 0.000000
vt  0.250000 0.562500 0.000000
vt  0.250000 0.000000 0.000000
vt  0.000000 0.000000 0.000000
vt  0.000000 0.562500 0.000000
vt  1.581139 0.562500 0.000000
vt  1.581139 0.000000 0.000000
vt  0.000000 0.000000 0.000000
vt  0.000000 0.562500 0.000000
vt  1.581139 0.562500 0.000000
vt  1.581139 0.000000 0.000000
vt  0.000000 0.000000 0.000000
vt  0.000000 0.562500 0.000000
vt  2.000000 1.562500 0.000000
vt  2.000000 0.000000 0.000000
vt  0.000000 0.000000 0.000000
vt  0.000000 1.562500 0.000000
vt  3.162278 1.187500 0.000000
vt  3.162278 0.000000 0.000000
vt  0.000000 0.000000 0.000000
vt  0.000000 1.187500 0.000000
vt  3.500000 0.625000 0.000000
vt  3.500000 0.000000 0.000000
vt  0.000000 0.000000 0.000000
vt  0.000000 0.625000 0.000000
vt  1.581139 1.187500 0.000000
vt  1.581139 0.000000 0.000000
vt  0.000000 0.000000 0.000000
vt  0.000000 1.187500 0.000000
vt  3.500000 0.562500 0.000000
vt  3.500000 0.000000 0.000000
vt  0.000000 0.000000 0.000000
vt  0.000000 0.562500 0.000000
vt  1.250000 1.187500 0.000000
vt  1.250000 0.000000 0.000000
vt  0.000000 0.000000 0.000000
vt  0.000000 1.187500 0.000000
vt  0.883883 1.187500 0.000000
vt  0.883883 0.000000 0.000000
vt  0.000000 0.000000 0.000000
vt  0.000000 1.187500 0.000000
vt  1.625000 0.625000 0.000000
vt  1.625000 0.000000 0.000000
vt  0.000000 0.000000 0.000000
vt  0.000000 0.625000 0.000000
vt  1.625000 0.625000 0.000000
vt  1.625000 0.000000 0.000000
vt  0.000000 0.000000 0.000000
vt  0.000000 0.625000 0.000000
vt  4.000000 1.187500 0.000000
vt  4.000000 0.000000 0.000000
vt  0.000000 0.000000 0.000000
vt  0.000000 1.187500 0.000000
vt  1.500000 0.625000 0.000000
vt  1.500000 0.000000 0.000000
vt  0.000000 0.000000 0.000000
vt  0.000000 0.625000 0.000000
vt  1.802776 0.625000 0.000000
vt  1.802776 0.000000 0.000000
vt  0.000000 0.000000 0.000000
vt  0.000000 0.625000 0.000000
vt  1.118034 0.625000 0.000000
vt  1.118034 0.000000 0.000000
vt  0.000000 0.000000 0.000000
vt  0.000000 0.625000 0.000000
vt  3.640055 0.625000 0.000000
vt  3.640055 0.000000 0.000000
vt  0.000000 0.000000 0.000000
vt  0.000000 0.625000 0.000000
vt  2.500000 0.625000 0.000000
vt  2.500000 0.000000 0.000000
vt  0.000000 0.000000 0.000000
vt  0.000000 0.625000 0.000000
vt  2.500000 0.625000 0.000000
vt  2.500000 0.000000 0.000000
vt  0.000000 0.000000 0.000000
vt  0.000000 0.625000 0.000000
vt  4.123106 0.625000 0.000000
vt  4.123106 0.000000 0.000000
vt  0.000000 0.000000 0.000000
vt  0.000000 0.625000 0.000000
vt  2.500000 0.625000 0.000000
vt  2.500000 0.000000 0.000000
vt  0.000000 0.000000 0.000000
vt  0.000000 0.625000 0.000000
vt  2.828427 0.625000 0.000000
vt  2.828427 0.000000 0.000000
vt  0.000000 0.000000 0.000000
vt  0.000000 0.625000 0.000000
vt  4.333734 0.625000 0.000000
vt  4.333734 0.000000 0.000000
vt  0.000000 0.000000 0.000000
vt  0.000000 0.625000 0.000000
vt  6.946222 0.625000 0.000000
vt  6.946222 0.000000 0.000000
vt  0.000000 0.000000 0.000000
vt  0.000000 0.625000 0.000000
vt  0.625000 0.625000 0.000000
vt  0.625000 0.000000 0.000000
vt  0.000000 0.000000 0.000000
vt  0.000000 0.625000 0.000000
vt  3.500000 0.625000 0.000000
vt  3.500000 0.000000 0.000000
vt  0.000000 0.000000 0.000000
vt  0.000000 0.625000 0.000000
vt  2.304886 1.000000 0.000000
vt  2.304886 0.437500 0.000000
vt  0.000000 0.437500 0.000000
vt  0.000000 1.000000 0.000000
vt  2.304886 0.125000 0.000000
vt  2.304886 0.062500 0.000000
vt  0.000000 0.062500 0.000000
vt  0.000000 0.125000 0.000000
vt  2.304886 1.750000 0.000000
vt  2.304886 0.562500 0.000000
vt  0.000000 0.562500 0.000000
vt  0.000000 1.750000 0.000000
vt  2.304886 0.062500 0.000000
vt  2.304886 0.000000 0.000000
vt  0.000000 0.000000 0.000000
vt  0.000000 0.062500 0.000000
vt  1.000000 1.250000 0.000000
vt  1.000000 0.625000 0.000000
vt  0.000000 0.625000 0.000000
vt  0.000000 1.250000 0.000000
vt  1.000000 1.187500 0.000000
vt  1.000000 0.000000 0.000000
vt  0.000000 0.000000 0.000000
vt  0.000000 1.187500 0.000000
vt  0.000000 0.000000 0.000000
vt  1.000000 0.000000 0.000000
vt  2.576941 0.625000 0.000000
vt  2.576941 0.000000 0.000000
vt  0.000000 0.000000 0.000000
vt  0.000000 0.625000 0.000000
vt  1.976424 0.625000 0.000000
vt  1.976424 0.000000 0.000000
vt  0.000000 0.000000 0.000000
vt  0.000000 0.625000 0.000000
vt  0.750000 0.625000 0.000000
vt  0.750000 0.000000 0.000000
vt  0.000000 0.000000 0.000000
vt  0.000000 0.625000 0.000000
vt  0.750000 0.625000 0.000000
vt  0.750000 0.000000 0.000000
vt  0.000000 0.000000 0.000000
vt  0.000000 0.625000 0.000000

vn  0.948157 0.317801 0.000000
vn  0.772017 0.635602 0.000000
vn  0.894427 -0.447214 0.000000
vn  0.447214 -0.894427 0.000000
vn  -0.929037 -0.369987 0.000000
vn  -0.672636 -0.739973 0.000000
vn  -0.992307 -0.123804 0.000000
vn  -0.968860 -0.247608 0.000000
vn  0.894427 -0.447214 0.000000
vn  0.447214 -0.894427 0.000000
vn  1.000000 0.000000 0.000000
vn  1.000000 0.000000 0.000000
vn  1.000000 0.000000 0.000000
vn  1.000000 0.000000 0.000000
vn  0.925388 0.379021 0.000000
vn  1.000000 0.000000 0.000000
vn  -0.351123 -0.936329 0.000000
vn  -0.573253 -0.819379 0.000000
vn  -0.672636 -0.739973 0.000000
vn  -0.929037 -0.369987 0.000000
vn  -0.558654 0.829401 0.000000
vn  -0.909958 0.414700 0.000000
vn  -0.272589 0.962131 0.000000
vn  -0.164399 0.986394 0.000000
vn  0.316228 0.948683 0.000000
vn  0.925388 0.379021 0.000000
vn  0.652205 0.758043 0.000000
vn  0.925388 0.379021 0.000000
vn  -1.000000 0.000000 0.000000
vn  -0.447214 0.894427 0.000000
vn  -0.909958 0.414700 0.000000
vn  -0.558654 0.829401 0.000000
vn  0.925388 0.379021 0.000000
vn  0.652205 0.758043 0.000000
vn  1.000000 0.000000 0.000000
vn  1.000000 0.000000 0.000000
vn  -0.478852 0.877896 0.000000
vn  -0.272589 0.962131 0.000000
vn  -0.468372 0.883531 0.000000
vn  -0.957952 0.286928 0.000000
vn  -0.192213 0.981353 0.000000
vn  -0.384426 0.923156 0.000000
vn  -0.392152 0.919900 0.000000
vn  -0.968029 0.250839 0.000000
vn  -0.859718 0.510769 0.000000
vn  -0.998177 -0.060348 0.000000
vn  -0.384426 0.923156 0.000000
vn  -0.192213 0.981353 0.000000
vn  -0.957952 0.286928 0.000000
vn  -0.295544 -0.955329 0.000000
vn  -0.998177 -0.060348 0.000000
vn  -0.859718 0.510769 0.000000
vn  1.000000 0.000000 0.000000
vn  1.000000 0.000000 0.000000
vn  0.894427 0.447214 0.000000
vn  1.000000 0.000000 0.000000
vn  0.529999 0.847998 0.000000
vn  0.529999 0.847998 0.000000
vn  0.772017 0.635602 0.000000
vn  0.948157 0.317801 0.000000
vn  -0.968860 -0.247608 0.000000
vn  -0.992307 -0.123804 0.000000
vn  -0.930752 -0.365652 0.000000
vn  -0.930752 -0.365652 0.000000
vn  -0.968029 0.250839 0.000000
vn  -0.995457 0.095215 0.000000
vn  -0.886922 -0.461919 0.000000
vn  -0.848574 -0.529077 0.000000
vn  -0.858349 0.513066 0.000000
vn  -0.671438 0.741060 0.000000
vn  -0.995457 0.095215 0.000000
vn  -0.392152 0.919900 0.000000
vn  -0.447214 0.894427 0.000000
vn  -0.468372 0.883531 0.000000
vn  -0.671438 0.741060 0.000000
vn  -0.447214 0.894427 0.000000
vn  -0.295544 -0.955329 0.000000
vn  -0.957952 0.286928 0.000000
vn  0.447214 -0.894427 0.000000
vn  -0.858349 0.513066 0.000000
vn  -0.957952 0.286928 0.000000
vn  -0.295544 -0.955329 0.000000
vn  -0.858349 0.513066 0.000000
vn  0.447214 -0.894427 0.000000
vn  1.000000 0.000000 0.000000
vn  1.000000 0.000000 0.000000
vn  1.000000 0.000000 0.000000
vn  1.000000 0.000000 0.000000
vn  1.000000 0.000000 0.000000
vn  1.000000 0.000000 0.000000
vn  1.000000 0.000000 0.000000
vn  1.000000 0.000000 0.000000
vn  1.000000 0.000000 0.000000
vn  1.000000 0.000000 0.000000
vn  1.000000 0.000000 0.000000
vn  1.000000 0.000000 0.000000
vn  -0.447214 -0.894427 0.000000
vn  -0.894427 -0.447214 0.000000
vn  0.219178 -0.975685 0.000000
vn  0.438356 -0.898801 0.000000
vn  -0.219178 -0.975685 0.000000
vn  -0.438356 -0.898801 0.000000
vn  0.447214 -0.894427 0.000000
vn  0.894427 -0.447214 0.000000
vn  -0.438356 -0.898801 0.000000
vn  0.869607 -0.493744 0.000000
vn  -0.438356 -0.898801 0.000000
vn  -0.219178 -0.975685 0.000000
vn  0.994299 -0.106632 0.000000
vn  0.976995 -0.213265 0.000000
vn  0.894427 -0.447214 0.000000
vn  0.447214 -0.894427 0.000000
vn  -0.894427 -0.447214 0.000000
vn  -0.447214 -0.894427 0.000000
vn  -0.994299 -0.106632 0.000000
vn  -0.976995 -0.213265 0.000000
vn  0.438356 -0.898801 0.000000
vn  0.219178 -0.975685 0.000000
vn  0.157690 -0.987489 0.000000
vn  0.219178 -0.975685 0.000000
vn  -0.894427 -0.447214 0.000000
vn  -0.447214 -0.894427 0.000000
vn  -0.894427 0.447214 0.000000
vn  -0.447214 0.894427 0.000000
vn  0.447214 -0.894427 0.000000
vn  0.894427 -0.447214 0.000000
vn  -0.447214 -0.894427 0.000000
vn  -0.894427 -0.447214 0.000000
vn  0.894427 0.447214 0.000000
vn  -1.000000 0.000000 0.000000
vn  0.894427 -0.447214 0.000000
vn  0.447214 -0.894427 0.000000
vn  -0.894427 -0.447214 0.000000
vn  -0.447214 -0.894427 0.000000
vn  -1.000000 0.000000 0.000000
vn  -0.447214 0.894427 0.000000
vn  0.447214 -0.894427 0.000000
vn  0.894427 -0.447214 0.000000
vn  -0.447214 -0.894427 0.000000
vn  -0.894427 -0.447214 0.000000
vn  0.894427 0.447214 0.000000
vn  0.447214 0.894427 0.000000
vn  0.894427 -0.447214 0.000000
vn  0.447214 -0.894427 0.000000
vn  0.000000 -1.000000 0.000000
vn  0.000000 -1.000000 0.000000
vn  0.447214 -0.894427 0.000000
vn  -0.438356 -0.898801 0.000000
vn  0.447214 -0.894427 0.000000
vn  0.000000 -1.000000 0.000000
vn  0.000000 -1.000000 0.000000
vn  0.000000 -1.000000 0.000000
vn  0.000000 1.000000 0.000000
vn  0.000000 1.000000 0.000000
vn  -0.447214 0.894427 0.000000
vn  0.894427 0.447214 0.000000
vn  -0.447214 0.894427 0.000000
vn  0.000000 1.000000 0.000000
vn  0.000000 1.000000 0.000000
vn  0.000000 1.000000 0.000000
vn  0.000000 -1.000000 0.000000
vn  0.000000 -1.000000 0.000000
vn  0.000000 -1.000000 0.000000
vn  -0.894427 -0.447214 0.000000
vn  0.219178 -0.975685 0.000000
vn  -0.894427 -0.447214 0.000000
vn  0.000000 -1.000000 0.000000
vn  0.000000 -1.000000 0.000000
vn  0.000000 1.000000 0.000000
vn  0.000000 1.000000 0.000000
vn  0.000000 1.000000 0.000000
vn  0.894427 0.447214 0.000000
vn  -0.447214 0.894427 0.000000
vn  0.894427 0.447214 0.000000
vn  0.000000 1.000000 0.000000
vn  0.000000 1.000000 0.000000
vn  0.000000 1.000000 0.000000
vn  0.000000 -1.000000 0.000000
vn  -0.447214 0.894427 0.000000
vn  -0.894427 0.447214 0.000000
vn  0.447214 0.894427 0.000000
vn  0.894427 0.447214 0.000000
vn  0.000000 1.000000 0.000000
vn  0.000000 1.000000 0.000000
vn  -0.447214 -0.894427 0.000000
vn  0.000000 -1.000000 0.000000
vn  0.000000 -1.000000 0.000000
vn  0.894427 -0.447214 0.000000
vn  0.447214 0.894427 0.000000
vn  0.000000 1.000000 0.000000
vn  0.000000 1.000000 0.000000
vn  -0.894427 0.447214 0.000000
vn  0.447214 0.894427 0.000000
vn  0.894427 0.447214 0.000000
vn  -0.447214 0.894427 0.000000
vn  -0.894427 0.447214 0.000000
vn  0.894427 -0.447214 0.000000
vn  0.447214 -0.894427 0.000000
vn  0.894427 0.447214 0.000000
vn  0.447214 0.894427 0.000000
vn  -0.894427 0.447214 0.000000
vn  -0.447214 0.894427 0.000000
vn  -0.894427 -0.447214 0.000000
vn  -0.447214 -0.894427 0.000000
vn  0.869607 -0.493744 0.000000
vn  0.447214 -0.894427 0.000000
vn  0.894427 0.447214 0.000000
vn  -1.000000 0.000000 0.000000
vn  -1.000000 0.000000 0.000000
vn  -0.447214 0.894427 0.000000
vn  -0.894427 -0.447214 0.000000
vn  0.157690 -0.987489 0.000000
vn  0.000000 -1.000000 0.000000
vn  0.000000 -1.000000 0.000000
vn  0.000000 -1.000000 0.000000
vn  0.000000 1.000000 0.000000
vn  1.000000 0.000000 0.000000
vn  0.447214 0.894427 0.000000
vn  1.000000 0.000000 0.000000
vn  1.000000 0.000000 0.000000
vn  -1.000000 0.000000 0.000000
vn  -1.000000 0.000000 0.000000
vn  -0.894427 0.447214 0.000000
vn  -1.000000 0.000000 0.000000
vn  0.948683 -0.316228 0.000000
vn  0.948683 -0.316228 0.000000
vn  0.976995 -0.213265 0.000000
vn  0.994299 -0.106632 0.000000
vn  -0.976995 -0.213265 0.000000
vn  -0.994299 -0.106632 0.000000
vn  -0.948683 -0.316228 0.000000
vn  -0.948683 -0.316228 0.000000
vn  0.447214 -0.894427 0.000000
vn  0.894427 -0.447214 0.000000
vn  0.447214 -0.894427 0.000000
vn  0.894427 -0.447214 0.000000
vn  -0.316228 0.948683 0.000000
vn  0.871230 0.490875 0.000000
vn  -0.811242 0.584710 0.000000
vn  -0.925388 0.379021 0.000000
vn  0.894427 -0.447214 0.000000
vn  0.447214 -0.894427 0.000000
vn  0.894427 0.447214 0.000000
vn  0.447214 0.894427 0.000000
vn  0.985845 -0.167659 0.000000
vn  0.999935 -0.011399 0.000000
vn  0.976995 -0.213265 0.000000
vn  0.948683 -0.316228 0.000000
vn  1.000000 0.000000 0.000000
vn  0.976995 -0.213265 0.000000
vn  0.871230 0.490875 0.000000
vn  1.000000 0.000000 0.000000
vn  -0.907959 -0.419058 0.000000
vn  -0.977802 -0.209529 0.000000
vn  -0.800000 -0.600000 0.000000
vn  -0.800000 -0.600000 0.000000
vn  0.989950 0.141421 0.000000
vn  0.989950 0.141421 0.000000
vn  0.999935 -0.011399 0.000000
vn  0.985845 -0.167659 0.000000
vn  0.447214 0.894427 0.000000
vn  0.894427 0.447214 0.000000
vn  0.000000 1.000000 0.000000
vn  0.000000 1.000000 0.000000
vn  0.000000 -1.000000 0.000000
vn  0.000000 -1.000000 0.000000
vn  0.447214 -0.894427 0.000000
vn  0.894427 -0.447214 0.000000
vn  -1.000000 0.000000 0.000000
vn  -1.000000 0.000000 0.000000
vn  -0.977802 -0.209529 0.000000
vn  -0.907959 -0.419058 0.000000
vn  0.000000 1.000000 0.000000
vn  0.000000 1.000000 0.000000
vn  -0.309683 0.950840 0.000000
vn  -0.619366 0.785103 0.000000
vn  -0.619366 0.785103 0.000000
vn  -0.309683 0.950840 0.000000
vn  -0.949890 0.312585 0.000000
vn  -0.999685 0.025108 0.000000
vn  0.975544 -0.219806 0.000000
vn  0.999342 0.036260 0.000000
vn  0.686557 -0.727076 0.000000
vn  0.343279 -0.939234 0.000000
vn  0.982789 0.184734 0.000000
vn  0.995725 0.092367 0.000000
vn  0.999342 0.036260 0.000000
vn  0.975544 -0.219806 0.000000
vn  0.977803 -0.209529 0.000000
vn  0.907959 -0.419058 0.000000
vn  0.995725 0.092367 0.000000
vn  0.982789 0.184734 0.000000
vn  0.966012 -0.258496 0.000000
vn  0.980469 0.196676 0.000000
vn  0.907959 -0.419058 0.000000
vn  0.977803 -0.209529 0.000000
vn  -0.999685 0.025108 0.000000
vn  -0.949890 0.312585 0.000000
vn  -0.986663 -0.162774 0.000000
vn  -0.996683 -0.081387 0.000000
vn  -0.996683 -0.081387 0.000000
vn  -0.986663 -0.162774 0.000000
vn  -0.967538 0.252725 0.000000
vn  -0.862856 0.505449 0.000000
vn  -0.862856 0.505449 0.000000
vn  -0.967538 0.252725 0.000000
vn  -0.928597 0.371090 0.000000
vn  -0.992462 -0.122550 0.000000
vn  0.623803 0.781581 0.000000
vn  0.311902 0.950114 0.000000
vn  0.980469 0.196676 0.000000
vn  0.966012 -0.258496 0.000000
vn  -0.992462 -0.122550 0.000000
vn  -0.928597 0.371090 0.000000
vn  -0.652235 -0.758017 0.000000
vn  -0.326117 -0.945329 0.000000
vn  -0.379021 0.925388 0.000000
vn  -0.758043 0.652205 0.000000
vn  0.311902 0.950114 0.000000
vn  0.623803 0.781581 0.000000
vn  -0.326117 -0.945329 0.000000
vn  -0.652235 -0.758017 0.000000
vn  0.397048 -0.917798 0.000000
vn  0.794096 -0.607792 0.000000
vn  -0.759257 -0.650791 0.000000
vn  -0.886922 -0.461919 0.000000
vn  -0.573253 -0.819379 0.000000
vn  -0.759257 -0.650791 0.000000
vn  0.759257 0.650791 0.000000
vn  -0.886922 -0.461919 0.000000
vn  -0.573253 -0.819379 0.000000
vn  -0.759257 -0.650791 0.000000
vn  -0.848574 -0.529077 0.000000
vn  -0.759257 -0.650791 0.000000
vn  -0.759257 -0.650791 0.000000
vn  -0.759257 -0.650791 0.000000
vn  -0.886922 -0.461919 0.000000
vn  0.759257 0.650791 0.000000
vn  -0.759257 -0.650791 0.000000
vn  -0.573253 -0.819379 0.000000
vn  1.000000 0.000000 0.000000
vn  -0.811242 0.584710 0.000000
vn  -1.000000 0.000000 0.000000
vn  -1.000000 0.000000 0.000000
vn  -0.925388 0.379021 0.000000
vn  -0.811242 0.584710 0.000000
vn  -1.000000 0.000000 0.000000
vn  -1.000000 0.000000 0.000000
vn  -1.000000 0.000000 0.000000
vn  1.000000 0.000000 0.000000
vn  0.794096 -0.607792 0.000000
vn  0.397048 -0.917798 0.000000
vn  0.970143 -0.242536 0.000000
vn  0.970143 -0.242536 0.000000
vn  -0.948683 0.316228 0.000000
vn  -0.948683 0.316228 0.000000
vn  -0.758043 0.652205 0.000000
vn  -0.379021 0.925388 0.000000
vn  0.343279 -0.939234 0.000000
vn  0.686557 -0.727076 0.000000
vn  0.000000 -1.000000 0.000000
vn  0.000000 -1.000000 0.000000
vn  0.000000 1.000000 0.000000
vn  0.000000 1.000000 0.000000
vn  0.000000 1.000000 0.000000
vn  0.000000 1.000000 0.000000

g rdmobj37
usemtl BROWNGRN
f  2509/2509/2509 2510/2510/2510 2511/2511/2511
f  2512/2512/2512 2509/2509/2509 2511/2511/2511
f  2513/2513/2513 2514/2514/2514 2515/2515/2515
f  2516/2516/2516 2513/2513/2513 2515/2515/2515
f  2517/2517/2517 2518/2518/2518 2519/2519/2519
f  2520/2520/2520 2517/2517/2517 2519/2519/2519
f  2521/2521/2521 2522/2522/2522 2523/2523/2523
f  2524/2524/2524 2521/2521/2521 2523/2523/2523
f  2525/2525/2525 2526/2526/2526 2527/2527/2527
f  2528/2528/2528 2525/2525/2525 2527/2527/2527
f  2529/2529/2529 2530/2530/2530 2531/2531/2531
f  2532/2532/2532 2529/2529/2529 2531/2531/2531
f  2533/2533/2533 2534/2534/2534 2535/2535/2535
f  2536/2536/2536 2533/2533/2533 2535/2535/2535
f  2537/2537/2537 2538/2538/2538 2539/2539/2539
f  2540/2540/2540 2537/2537/2537 2539/2539/2539
f  2541/2541/2541 2542/2542/2542 2543/2543/2543
f  2544/2544/2544 2541/2541/2541 2543/2543/2543
f  2545/2545/2545 2546/2546/2546 2547/2547/2547
f  2548/2548/2548 2545/2545/2545 2547/2547/2547
f  2549/2549/2549 2550/2550/2550 2551/2551/2551
f  2552/2552/2552 2549/2549/2549 2551/2551/2551
f  2553/2553/2553 2554/2554/2554 2555/2555/2555
f  2556/2556/2556 2553/2553/2553 2555/2555/2555
f  2557/2557/2557 2558/2558/2558 2559/2559/2559
f  2560/2560/2560 2557/2557/2557 2559/2559/2559
f  2561/2561/2561 2562/2562/2562 2563/2563/2563
f  2564/2564/2564 2561/2561/2561 2563/2563/2563
f  2565/2565/2565 2566/2566/2566 2567/2567/2567
f  2568/2568/2568 2565/2565/2565 2567/2567/2567
f  2569/2569/2569 2570/2570/2570 2571/2571/2571
f  2572/2572/2572 2569/2569/2569 2571/2571/2571
f  2573/2573/2573 2574/2574/2574 2575/2575/2575
f  2576/2576/2576 2573/2573/2573 2575/2575/2575
f  2577/2577/2577 2578/2578/2578 2579/2579/2579
f  2580/2580/2580 2577/2577/2577 2579/2579/2579
f  2581/2581/2581 2582/2582/2582 2583/2583/2583
f  2584/2584/2584 2581/2581/2581 2583/2583/2583
f  2585/2585/2585 2586/2586/2586 2587/2587/2587
f  2588/2588/2588 2585/2585/2585 2587/2587/2587
f  2589/2589/2589 2590/2590/2590 2591/2591/2591
f  2592/2592/2592 2589/2589/2589 2591/2591/2591
f  2593/2593/2593 2594/2594/2594 2595/2595/2595
f  2596/2596/2596 2593/2593/2593 2595/2595/2595
f  2597/2597/2597 2598/2598/2598 2599/2599/2599
f  2600/2600/2600 2597/2597/2597 2599/2599/2599
f  2601/2601/2601 2602/2602/2602 2603/2603/2603
f  2604/2604/2604 2601/2601/2601 2603/2603/2603
f  2605/2605/2605 2606/2606/2606 2607/2607/2607
f  2608/2608/2608 2605/2605/2605 2607/2607/2607
f  2609/2609/2609 2610/2610/2610 2611/2611/2611
f  2612/2612/2612 2609/2609/2609 2611/2611/2611
f  2613/2613/2613 2614/2614/2614 2615/2615/2615
f  2616/2616/2616 2613/2613/2613 2615/2615/2615
f  2617/2617/2617 2618/2618/2618 2619/2619/2619
f  2620/2620/2620 2617/2617/2617 2619/2619/2619
f  2621/2621/2621 2622/2622/2622 2623/2623/2623
f  2624/2624/2624 2621/2621/2621 2623/2623/2623
f  2625/2625/2625 2626/2626/2626 2627/2627/2627
f  2628/2628/2628 2625/2625/2625 2627/2627/2627
f  2629/2629/2629 2630/2630/2630 2631/2631/2631
f  2632/2632/2632 2629/2629/2629 2631/2631/2631
f  2633/2633/2633 2634/2634/2634 2635/2635/2635
f  2636/2636/2636 2633/2633/2633 2635/2635/2635
f  2637/2637/2637 2638/2638/2638 2639/2639/2639
f  2640/2640/2640 2637/2637/2637 2639/2639/2639
f  2641/2641/2641 2642/2642/2642 2643/2643/2643
f  2644/2644/2644 2641/2641/2641 2643/2643/2643
f  2645/2645/2645 2646/2646/2646 2647/2647/2647
f  2648/2648/2648 2645/2645/2645 2647/2647/2647
f  2649/2649/2649 2650/2650/2650 2651/2651/2651
f  2652/2652/2652 2649/2649/2649 2651/2651/2651
f  2653/2653/2653 2654/2654/2654 2655/2655/2655
f  2656/2656/2656 2653/2653/2653 2655/2655/2655
f  2657/2657/2657 2658/2658/2658 2659/2659/2659
f  2660/2660/2660 2657/2657/2657 2659/2659/2659
f  2661/2661/2661 2662/2662/2662 2663/2663/2663
f  2664/2664/2664 2661/2661/2661 2663/2663/2663
f  2665/2665/2665 2666/2666/2666 2667/2667/2667
f  2668/2668/2668 2665/2665/2665 2667/2667/2667
f  2669/2669/2669 2670/2670/2670 2671/2671/2671
f  2672/2672/2672 2669/2669/2669 2671/2671/2671
f  2673/2673/2673 2674/2674/2674 2675/2675/2675
f  2676/2676/2676 2673/2673/2673 2675/2675/2675
f  2677/2677/2677 2678/2678/2678 2679/2679/2679
f  2680/2680/2680 2677/2677/2677 2679/2679/2679
f  2681/2681/2681 2682/2682/2682 2683/2683/2683
f  2684/2684/2684 2681/2681/2681 2683/2683/2683
f  2685/2685/2685 2686/2686/2686 2687/2687/2687
f  2688/2688/2688 2685/2685/2685 2687/2687/2687
f  2689/2689/2689 2690/2690/2690 2691/2691/2691
f  2692/2692/2692 2689/2689/2689 2691/2691/2691
f  2693/2693/2693 2694/2694/2694 2695/2695/2695
f  2696/2696/2696 2693/2693/2693 2695/2695/2695
f  2697/2697/2697 2698/2698/2698 2699/2699/2699
f  2700/2700/2700 2697/2697/2697 2699/2699/2699
f  2701/2701/2701 2702/2702/2702 2703/2703/2703
f  2704/2704/2704 2701/2701/2701 2703/2703/2703
f  2705/2705/2705 2706/2706/2706 2707/2707/2707
f  2708/2708/2708 2705/2705/2705 2707/2707/2707
f  2709/2709/2709 2710/2710/2710 2711/2711/2711
f  2712/2712/2712 2709/2709/2709 2711/2711/2711
f  2713/2713/2713 2714/2714/2714 2715/2715/2715
f  2716/2716/2716 2713/2713/2713 2715/2715/2715
f  2717/2717/2717 2718/2718/2718 2719/2719/2719
f  2720/2720/2720 2717/2717/2717 2719/2719/2719
f  2721/2721/2721 2722/2722/2722 2723/2723/2723
f  2724/2724/2724 2721/2721/2721 2723/2723/2723
f  2725/2725/2725 2726/2726/2726 2727/2727/2727
f  2728/2728/2728 2725/2725/2725 2727/2727/2727
f  2729/2729/2729 2730/2730/2730 2731/2731/2731
f  2732/2732/2732 2729/2729/2729 2731/2731/2731
f  2733/2733/2733 2734/2734/2734 2735/2735/2735
f  2736/2736/2736 2733/2733/2733 2735/2735/2735
f  2737/2737/2737 2738/2738/2738 2739/2739/2739
f  2740/2740/2740 2737/2737/2737 2739/2739/2739
f  2741/2741/2741 2742/2742/2742 2743/2743/2743
f  2744/2744/2744 2741/2741/2741 2743/2743/2743
f  2745/2745/2745 2746/2746/2746 2747/2747/2747
f  2748/2748/2748 2745/2745/2745 2747/2747/2747
f  2749/2749/2749 2750/2750/2750 2751/2751/2751
f  2752/2752/2752 2749/2749/2749 2751/2751/2751
f  2753/2753/2753 2754/2754/2754 2755/2755/2755
f  2756/2756/2756 2753/2753/2753 2755/2755/2755
f  2757/2757/2757 2758/2758/2758 2759/2759/2759
f  2760/2760/2760 2757/2757/2757 2759/2759/2759
f  2761/2761/2761 2762/2762/2762 2763/2763/2763
f  2764/2764/2764 2761/2761/2761 2763/2763/2763
f  2765/2765/2765 2766/2766/2766 2767/2767/2767
f  2768/2768/2768 2765/2765/2765 2767/2767/2767
f  2769/2769/2769 2770/2770/2770 2771/2771/2771
f  2772/2772/2772 2769/2769/2769 2771/2771/2771
f  2773/2773/2773 2774/2774/2774 2775/2775/2775
f  2776/2776/2776 2773/2773/2773 2775/2775/2775
f  2777/2777/2777 2778/2778/2778 2779/2779/2779
f  2780/2780/2780 2777/2777/2777 2779/2779/2779
f  2781/2781/2781 2782/2782/2782 2783/2783/2783
f  2784/2784/2784 2781/2781/2781 2783/2783/2783
f  2785/2785/2785 2786/2786/2786 2787/2787/2787
f  2788/2788/2788 2785/2785/2785 2787/2787/2787
f  2789/2789/2789 2790/2790/2790 2791/2791/2791
f  2792/2792/2792 2789/2789/2789 2791/2791/2791
f  2793/2793/2793 2794/2794/2794 2795/2795/2795
f  2796/2796/2796 2793/2793/2793 2795/2795/2795
f  2797/2797/2797 2798/2798/2798 2799/2799/2799
f  2800/2800/2800 2797/2797/2797 2799/2799/2799
f  2801/2801/2801 2802/2802/2802 2803/2803/2803
f  2804/2804/2804 2801/2801/2801 2803/2803/2803
f  2805/2805/2805 2806/2806/2806 2807/2807/2807
f  2808/2808/2808 2805/2805/2805 2807/2807/2807
f  2809/2809/2809 2810/2810/2810 2811/2811/2811
f  2812/2812/2812 2809/2809/2809 2811/2811/2811
f  2813/2813/2813 2814/2814/2814 2815/2815/2815
f  2816/2816/2816 2813/2813/2813 2815/2815/2815
f  2817/2817/2817 2818/2818/2818 2819/2819/2819
f  2820/2820/2820 2817/2817/2817 2819/2819/2819
f  2821/2821/2821 2822/2822/2822 2823/2823/2823
f  2824/2824/2824 2821/2821/2821 2823/2823/2823
f  2825/2825/2825 2826/2826/2826 2827/2827/2827
f  2828/2828/2828 2825/2825/2825 2827/2827/2827
f  2829/2829/2829 2830/2830/2830 2831/2831/2831
f  2832/2832/2832 2829/2829/2829 2831/2831/2831
f  2833/2833/2833 2834/2834/2834 2835/2835/2835
f  2836/2836/2836 2833/2833/2833 2835/2835/2835
f  2837/2837/2837 2838/2838/2838 2839/2839/2839
f  2840/2840/2840 2837/2837/2837 2839/2839/2839
f  2841/2841/2841 2842/2842/2842 2843/2843/2843
f  2844/2844/2844 2841/2841/2841 2843/2843/2843
f  2845/2845/2845 2846/2846/2846 2847/2847/2847
f  2848/2848/2848 2845/2845/2845 2847/2847/2847
f  2849/2849/2849 2850/2850/2850 2851/2851/2851
f  2852/2852/2852 2849/2849/2849 2851/2851/2851
f  2853/2853/2853 2854/2854/2854 2855/2855/2855
f  2856/2856/2856 2853/2853/2853 2855/2855/2855
f  2851/2851/2851 2850/2850/2850 2857/2857/2857
f  2850/2850/2850 2858/2858/2858 2857/2857/2857
f  2859/2859/2859 2860/2860/2860 2861/2861/2861
f  2862/2862/2862 2859/2859/2859 2861/2861/2861
f  2863/2863/2863 2864/2864/2864 2865/2865/2865
f  2866/2866/2866 2863/2863/2863 2865/2865/2865
f  2867/2867/2867 2868/2868/2868 2869/2869/2869
f  2870/2870/2870 2867/2867/2867 2869/2869/2869
f  2871/2871/2871 2872/2872/2872 2873/2873/2873
f  2874/2874/2874 2871/2871/2871 2873/2873/2873

g
v  3304.000000 -3040.000000 -48.000000
v  3304.000000 -3040.000000 -24.000000
v  3136.000000 -3072.000000 -24.000000
v  3136.000000 -3072.000000 -48.000000
v  2944.000000 -3536.000000 -48.000000
v  2944.000000 -3536.000000 -24.000000
v  3112.000000 -3360.000000 -24.000000
v  3112.000000 -3360.000000 -48.000000
v  3112.000000 -3360.000000 -48.000000
v  3112.000000 -3360.000000 -24.000000
v  2816.000000 -3232.000000 -24.000000
v  2816.000000 -3232.000000 -48.000000
v  2984.000000 -3200.000000 -48.000000
v  2984.000000 -3200.000000 -24.000000
v  3280.000000 -3320.000000 -24.000000
v  3280.000000 -3320.000000 -48.000000
v  2816.000000 -3232.000000 -48.000000
v  2816.000000 -3232.000000 -24.000000
v  2976.000000 -3072.000000 -24.000000
v  2976.000000 -3072.000000 -48.000000
v  3136.000000 -3072.000000 -48.000000
v  3136.000000 -3072.000000 -24.000000
v  2984.000000 -3200.000000 -24.000000
v  2984.000000 -3200.000000 -48.000000
v  2752.000000 -3584.000000 -48.000000
v  2752.000000 -3584.000000 -24.000000
v  2944.000000 -3536.000000 -24.000000
v  2944.000000 -3536.000000 -48.000000
v  3280.000000 -3320.000000 -48.000000
v  3280.000000 -3320.000000 -24.000000
v  3104.000000 -3552.000000 -24.000000
v  3104.000000 -3552.000000 -48.000000
v  3104.000000 -3552.000000 -48.000000
v  3104.000000 -3552.000000 -24.000000
v  3264.000000 -3616.000000 -24.000000
v  3264.000000 -3616.000000 -48.000000
v  2976.000000 -3072.000000 -48.000000
v  2976.000000 -3072.000000 -24.000000
v  2752.000000 -3048.000000 -24.000000
v  2752.000000 -3048.000000 -48.000000

vt  2.672195 1.000000 0.000000
vt  2.672195 0.000000 0.000000
vt  0.000000 0.000000 0.000000
vt  0.000000 1.000000 0.000000
vt  3.801727 1.000000 0.000000
vt  3.801727 0.000000 0.000000
vt  0.000000 0.000000 0.000000
vt  0.000000 1.000000 0.000000
vt  5.038911 1.000000 0.000000
vt  5.038911 0.000000 0.000000
vt  0.000000 0.000000 0.000000
vt  0.000000 1.000000 0.000000
vt  4.990616 1.000000 0.000000
vt  4.990616 0.000000 0.000000
vt  0.000000 0.000000 0.000000
vt  0.000000 1.000000 0.000000
vt  3.535534 1.000000 0.000000
vt  3.535534 0.000000 0.000000
vt  0.000000 0.000000 0.000000
vt  0.000000 1.000000 0.000000
vt  3.104936 1.000000 0.000000
vt  3.104936 0.000000 0.000000
vt  0.000000 0.000000 0.000000
vt  0.000000 1.000000 0.000000
vt  3.092329 1.000000 0.000000
vt  3.092329 0.000000 0.000000
vt  0.000000 0.000000 0.000000
vt  0.000000 1.000000 0.000000
vt  4.550069 1.000000 0.000000
vt  4.550069 0.000000 0.000000
vt  0.000000 0.000000 0.000000
vt  0.000000 1.000000 0.000000
vt  2.692582 1.000000 0.000000
vt  2.692582 0.000000 0.000000
vt  0.000000 0.000000 0.000000
vt  0.000000 1.000000 0.000000
vt  3.520032 1.000000 0.000000
vt  3.520032 0.000000 0.000000
vt  0.000000 0.000000 0.000000
vt  0.000000 1.000000 0.000000

vn  0.187112 -0.982339 0.000000
vn  0.187112 -0.982339 0.000000
vn  0.349547 -0.936919 0.000000
vn  0.506419 -0.862288 0.000000
vn  -0.583499 0.812114 0.000000
vn  -0.417414 0.908716 0.000000
vn  -0.969871 0.243619 0.000000
vn  -0.798139 -0.602473 0.000000
vn  -0.798139 -0.602473 0.000000
vn  -0.969871 0.243619 0.000000
vn  -0.799255 -0.600991 0.000000
vn  -0.964437 0.264313 0.000000
vn  0.788491 0.615046 0.000000
vn  0.940156 -0.340745 0.000000
vn  0.778260 0.627942 0.000000
vn  0.989898 -0.141784 0.000000
vn  -0.964437 0.264313 0.000000
vn  -0.799255 -0.600991 0.000000
vn  -0.963930 0.266158 0.000000
vn  -0.583254 -0.812290 0.000000
vn  0.506419 -0.862288 0.000000
vn  0.349547 -0.936919 0.000000
vn  0.940156 -0.340745 0.000000
vn  0.788491 0.615046 0.000000
vn  -0.242536 0.970142 0.000000
vn  -0.242536 0.970142 0.000000
vn  -0.417414 0.908716 0.000000
vn  -0.583499 0.812114 0.000000
vn  0.989898 -0.141784 0.000000
vn  0.778260 0.627942 0.000000
vn  0.989977 -0.141231 0.000000
vn  0.775683 0.631122 0.000000
vn  0.775683 0.631122 0.000000
vn  0.989977 -0.141231 0.000000
vn  0.371391 0.928477 0.000000
vn  0.371391 0.928477 0.000000
vn  -0.583254 -0.812290 0.000000
vn  -0.963930 0.266158 0.000000
vn  -0.106533 -0.994309 0.000000
vn  -0.106533 -0.994309 0.000000

g rdmobj38
usemtl NUKE24
f  2875/2875/2875 2876/2876/2876 2877/2877/2877
f  2878/2878/2878 2875/2875/2875 2877/2877/2877
f  2879/2879/2879 2880/2880/2880 2881/2881/2881
f  2882/2882/2882 2879/2879/2879 2881/2881/2881
f  2883/2883/2883 2884/2884/2884 2885/2885/2885
f  2886/2886/2886 2883/2883/2883 2885/2885/2885
f  2887/2887/2887 2888/2888/2888 2889/2889/2889
f  2890/2890/2890 2887/2887/2887 2889/2889/2889
f  2891/2891/2891 2892/2892/2892 2893/2893/2893
f  2894/2894/2894 2891/2891/2891 2893/2893/2893
f  2895/2895/2895 2896/2896/2896 2897/2897/2897
f  2898/2898/2898 2895/2895/2895 2897/2897/2897
f  2899/2899/2899 2900/2900/2900 2901/2901/2901
f  2902/2902/2902 2899/2899/2899 2901/2901/2901
f  2903/2903/2903 2904/2904/2904 2905/2905/2905
f  2906/2906/2906 2903/2903/2903 2905/2905/2905
f  2907/2907/2907 2908/2908/2908 2909/2909/2909
f  2910/2910/2910 2907/2907/2907 2909/2909/2909
f  2911/2911/2911 2912/2912/2912 2913/2913/2913
f  2914/2914/2914 2911/2911/2911 2913/2913/2913

g
v  2944.000000 -3776.000000 -24.000000
v  2944.000000 -3776.000000 176.000000
v  2944.000000 -3904.000000 176.000000
v  2944.000000 -3904.000000 -24.000000
v  2912.000000 -3904.000000 -24.000000
v  2912.000000 -3904.000000 48.000000
v  2912.000000 -3776.000000 48.000000
v  2912.000000 -3776.000000 -24.000000

vt  1.000000 1.562500 0.000000
vt  1.000000 0.000000 0.000000
vt  0.000000 0.000000 0.000000
vt  0.000000 1.562500 0.000000
vt  1.000000 1.000000 0.000000
vt  1.000000 0.437500 0.000000
vt  0.000000 0.437500 0.000000
vt  0.000000 1.000000 0.000000

vn  1.000000 0.000000 0.000000
vn  1.000000 0.000000 0.000000
vn  1.000000 0.000000 0.000000
vn  1.000000 0.000000 0.000000
vn  -1.000000 0.000000 0.000000
vn  -1.000000 0.000000 0.000000
vn  -1.000000 0.000000 0.000000
vn  -1.000000 0.000000 0.000000

g rdmobj39
usemtl BROWN96
f  2915/2915/2915 2916/2916/2916 2917/2917/2917
f  2918/2918/2918 2915/2915/2915 2917/2917/2917
f  2919/2919/2919 2920/2920/2920 2921/2921/2921
f  2922/2922/2922 2919/2919/2919 2921/2921/2921

g
v  2888.000000 -4320.000000 -24.000000
v  2888.000000 -4320.000000 104.000000
v  2888.000000 -4352.000000 104.000000
v  2888.000000 -4352.000000 -24.000000
v  2888.000000 -4192.000000 -24.000000
v  2888.000000 -4192.000000 104.000000
v  2888.000000 -4160.000000 104.000000
v  2888.000000 -4160.000000 -24.000000
v  3128.000000 -4320.000000 -24.000000
v  3128.000000 -4320.000000 104.000000
v  3128.000000 -4352.000000 104.000000
v  3128.000000 -4352.000000 -24.000000
v  3128.000000 -4192.000000 -24.000000
v  3128.000000 -4192.000000 104.000000
v  3128.000000 -4160.000000 104.000000
v  3128.000000 -4160.000000 -24.000000

vt  1.000000 0.000000 0.000000
vt  1.000000 -1.000000 0.000000
vt  0.000000 -1.000000 0.000000
vt  0.000000 0.000000 0.000000
vt  0.000000 0.000000 0.000000
vt  0.000000 -1.000000 0.000000
vt  -1.000000 -1.000000 0.000000
vt  -1.000000 0.000000 0.000000
vt  0.000000 0.000000 0.000000
vt  0.000000 -1.000000 0.000000
vt  -1.000000 -1.000000 0.000000
vt  -1.000000 0.000000 0.000000
vt  1.000000 0.000000 0.000000
vt  1.000000 -1.000000 0.000000
vt  0.000000 -1.000000 0.000000
vt  0.000000 0.000000 0.000000

vn  1.000000 0.000000 0.000000
vn  1.000000 0.000000 0.000000
vn  1.000000 0.000000 0.000000
vn  1.000000 0.000000 0.000000
vn  -1.000000 0.000000 0.000000
vn  -1.000000 0.000000 0.000000
vn  -1.000000 0.000000 0.000000
vn  -1.000000 0.000000 0.000000
vn  1.000000 0.000000 0.000000
vn  1.000000 0.000000 0.000000
vn  1.000000 0.000000 0.000000
vn  1.000000 0.000000 0.000000
vn  -1.000000 0.000000 0.000000
vn  -1.000000 0.000000 0.000000
vn  -1.000000 0.000000 0.000000
vn  -1.000000 0.000000 0.000000

g rdmobj40
usemtl BRNBIGL
f  2923/2923/2923 2924/2924/2924 2925/2925/2925
f  2926/2926/2926 2923/2923/2923 2925/2925/2925
f  2927/2927/2927 2928/2928/2928 2929/2929/2929
f  2930/2930/2930 2927/2927/2927 2929/2929/2929
f  2931/2931/2931 2932/2932/2932 2933/2933/2933
f  2934/2934/2934 2931/2931/2931 2933/2933/2933
f  2935/2935/2935 2936/2936/2936 2937/2937/2937
f  2938/2938/2938 2935/2935/2935 2937/2937/2937

g
v  2888.000000 -4352.000000 -24.000000
v  2888.000000 -4352.000000 104.000000
v  2888.000000 -4320.000000 104.000000
v  2888.000000 -4320.000000 -24.000000
v  2888.000000 -4160.000000 -24.000000
v  2888.000000 -4160.000000 104.000000
v  2888.000000 -4192.000000 104.000000
v  2888.000000 -4192.000000 -24.000000
v  3128.000000 -4352.000000 -24.000000
v  3128.000000 -4352.000000 104.000000
v  3128.000000 -4320.000000 104.000000
v  3128.000000 -4320.000000 -24.000000
v  3128.000000 -4160.000000 -24.000000
v  3128.000000 -4160.000000 104.000000
v  3128.000000 -4192.000000 104.000000
v  3128.000000 -4192.000000 -24.000000

vt  0.000000 0.000000 0.000000
vt  0.000000 -1.000000 0.000000
vt  -1.000000 -1.000000 0.000000
vt  -1.000000 0.000000 0.000000
vt  1.000000 0.000000 0.000000
vt  1.000000 -1.000000 0.000000
vt  0.000000 -1.000000 0.000000
vt  0.000000 0.000000 0.000000
vt  1.000000 0.000000 0.000000
vt  1.000000 -1.000000 0.000000
vt  0.000000 -1.000000 0.000000
vt  0.000000 0.000000 0.000000
vt  0.000000 0.000000 0.000000
vt  0.000000 -1.000000 0.000000
vt  -1.000000 -1.000000 0.000000
vt  -1.000000 0.000000 0.000000

vn  -1.000000 0.000000 0.000000
vn  -1.000000 0.000000 0.000000
vn  -1.000000 0.000000 0.000000
vn  -1.000000 0.000000 0.000000
vn  1.000000 0.000000 0.000000
vn  1.000000 0.000000 0.000000
vn  1.000000 0.000000 0.000000
vn  1.000000 0.000000 0.000000
vn  -1.000000 0.000000 0.000000
vn  -1.000000 0.000000 0.000000
vn  -1.000000 0.000000 0.000000
vn  -1.000000 0.000000 0.000000
vn  1.000000 0.000000 0.000000
vn  1.000000 0.000000 0.000000
vn  1.000000 0.000000 0.000000
vn  1.000000 0.000000 0.000000

g rdmobj41
usemtl BRNBIGR
f  2939/2939/2939 2940/2940/2940 2941/2941/2941
f  2942/2942/2942 2939/2939/2939 2941/2941/2941
f  2943/2943/2943 2944/2944/2944 2945/2945/2945
f  2946/2946/2946 2943/2943/2943 2945/2945/2945
f  2947/2947/2947 2948/2948/2948 2949/2949/2949
f  2950/2950/2950 2947/2947/2947 2949/2949/2949
f  2951/2951/2951 2952/2952/2952 2953/2953/2953
f  2954/2954/2954 2951/2951/2951 2953/2953/2953

g
v  2888.000000 -4192.000000 -24.000000
v  2888.000000 -4192.000000 104.000000
v  2888.000000 -4320.000000 104.000000
v  2888.000000 -4320.000000 -24.000000
v  2888.000000 -4192.000000 104.000000
v  2888.000000 -4192.000000 -24.000000
v  3128.000000 -4320.000000 -24.000000
v  3128.000000 -4320.000000 104.000000
v  3128.000000 -4192.000000 104.000000
v  3128.000000 -4192.000000 -24.000000
v  3128.000000 -4320.000000 104.000000
v  3128.000000 -4320.000000 -24.000000

vt  1.000000 0.000000 0.000000
vt  1.000000 -1.000000 0.000000
vt  0.000000 -1.000000 0.000000
vt  0.000000 0.000000 0.000000
vt  -1.000000 -1.000000 0.000000
vt  -1.000000 0.000000 0.000000
vt  1.000000 0.000000 0.000000
vt  1.000000 -1.000000 0.000000
vt  0.000000 -1.000000 0.000000
vt  0.000000 0.000000 0.000000
vt  -1.000000 -1.000000 0.000000
vt  -1.000000 0.000000 0.000000

vn  1.000000 0.000000 0.000000
vn  -1.000000 0.000000 0.000000
vn  1.000000 0.000000 0.000000
vn  -1.000000 0.000000 0.000000
vn  -1.000000 0.000000 0.000000
vn  1.000000 0.000000 0.000000
vn  -1.000000 0.000000 0.000000
vn  1.000000 0.000000 0.000000
vn  -1.000000 0.000000 0.000000
vn  1.000000 0.000000 0.000000
vn  1.000000 0.000000 0.000000
vn  -1.000000 0.000000 0.000000

g rdmobj42
usemtl BRNBIGC
f  2955/2955/2955 2956/2956/2956 2957/2957/2957
f  2958/2958/2958 2955/2955/2955 2957/2957/2957
f  2958/2958/2958 2957/2957/2957 2959/2959/2959
f  2960/2960/2960 2958/2958/2958 2959/2959/2959
f  2961/2961/2961 2962/2962/2962 2963/2963/2963
f  2964/2964/2964 2961/2961/2961 2963/2963/2963
f  2964/2964/2964 2963/2963/2963 2965/2965/2965
f  2966/2966/2966 2964/2964/2964 2965/2965/2965

g
v  3040.000000 -4608.000000 -24.000000
v  3040.000000 -4608.000000 72.000000
v  3072.000000 -4608.000000 72.000000
v  3072.000000 -4608.000000 -24.000000
v  2944.000000 -4608.000000 -24.000000
v  2944.000000 -4608.000000 72.000000
v  2976.000000 -4608.000000 72.000000
v  2976.000000 -4608.000000 -24.000000
v  3104.000000 -4672.000000 -24.000000
v  3104.000000 -4672.000000 88.000000
v  3040.000000 -4672.000000 88.000000
v  3040.000000 -4672.000000 -24.000000
v  2976.000000 -4672.000000 -24.000000
v  2976.000000 -4672.000000 88.000000
v  2912.000000 -4672.000000 88.000000
v  2912.000000 -4672.000000 -24.000000
v  3104.000000 -4864.000000 -24.000000
v  3104.000000 -4864.000000 88.000000
v  3104.000000 -4672.000000 88.000000
v  3104.000000 -4672.000000 -24.000000
v  2912.000000 -4800.000000 -24.000000
v  2912.000000 -4800.000000 88.000000
v  2912.000000 -4864.000000 88.000000
v  2912.000000 -4864.000000 -24.000000
v  2912.000000 -4672.000000 -24.000000
v  2912.000000 -4672.000000 88.000000
v  2912.000000 -4736.000000 88.000000
v  2912.000000 -4736.000000 -24.000000
v  2912.000000 -4864.000000 -24.000000
v  2912.000000 -4864.000000 88.000000
v  3104.000000 -4864.000000 88.000000
v  3104.000000 -4864.000000 -24.000000
v  3040.000000 -4672.000000 48.000000
v  3040.000000 -4672.000000 88.000000
v  2976.000000 -4672.000000 88.000000
v  2976.000000 -4672.000000 48.000000
v  2976.000000 -4608.000000 48.000000
v  2976.000000 -4608.000000 72.000000
v  3040.000000 -4608.000000 72.000000
v  3040.000000 -4608.000000 48.000000

vt  0.500000 0.750000 0.000000
vt  0.500000 0.000000 0.000000
vt  0.000000 0.000000 0.000000
vt  0.000000 0.750000 0.000000
vt  0.500000 0.750000 0.000000
vt  0.500000 0.000000 0.000000
vt  0.000000 0.000000 0.000000
vt  0.000000 0.750000 0.000000
vt  1.000000 1.000000 0.000000
vt  1.000000 0.125000 0.000000
vt  0.000000 0.125000 0.000000
vt  0.000000 1.000000 0.000000
vt  1.000000 1.000000 0.000000
vt  1.000000 0.125000 0.000000
vt  0.000000 0.125000 0.000000
vt  0.000000 1.000000 0.000000
vt  3.000000 1.000000 0.000000
vt  3.000000 0.125000 0.000000
vt  0.000000 0.125000 0.000000
vt  0.000000 1.000000 0.000000
vt  1.000000 1.000000 0.000000
vt  1.000000 0.125000 0.000000
vt  0.000000 0.125000 0.000000
vt  0.000000 1.000000 0.000000
vt  1.000000 1.000000 0.000000
vt  1.000000 0.125000 0.000000
vt  0.000000 0.125000 0.000000
vt  0.000000 1.000000 0.000000
vt  3.000000 1.000000 0.000000
vt  3.000000 0.125000 0.000000
vt  0.000000 0.125000 0.000000
vt  0.000000 1.000000 0.000000
vt  1.000000 0.437500 0.000000
vt  1.000000 0.125000 0.000000
vt  0.000000 0.125000 0.000000
vt  0.000000 0.437500 0.000000
vt  1.000000 0.187500 0.000000
vt  1.000000 0.000000 0.000000
vt  0.000000 0.000000 0.000000
vt  0.000000 0.187500 0.000000

vn  0.000000 1.000000 0.000000
vn  0.000000 1.000000 0.000000
vn  0.000000 1.000000 0.000000
vn  0.000000 1.000000 0.000000
vn  0.000000 1.000000 0.000000
vn  0.000000 1.000000 0.000000
vn  0.000000 1.000000 0.000000
vn  0.000000 1.000000 0.000000
vn  -0.447214 -0.894427 0.000000
vn  -0.894427 -0.447214 0.000000
vn  0.000000 -1.000000 0.000000
vn  0.000000 -1.000000 0.000000
vn  0.000000 -1.000000 0.000000
vn  0.000000 -1.000000 0.000000
vn  0.447214 -0.894427 0.000000
vn  0.894427 -0.447214 0.000000
vn  -0.894427 0.447214 0.000000
vn  -0.447214 0.894427 0.000000
vn  -0.894427 -0.447214 0.000000
vn  -0.447214 -0.894427 0.000000
vn  1.000000 0.000000 0.000000
vn  1.000000 0.000000 0.000000
vn  0.894427 0.447214 0.000000
vn  0.447214 0.894427 0.000000
vn  0.894427 -0.447214 0.000000
vn  0.447214 -0.894427 0.000000
vn  1.000000 0.000000 0.000000
vn  1.000000 0.000000 0.000000
vn  0.447214 0.894427 0.000000
vn  0.894427 0.447214 0.000000
vn  -0.447214 0.894427 0.000000
vn  -0.894427 0.447214 0.000000
vn  0.000000 -1.000000 0.000000
vn  0.000000 -1.000000 0.000000
vn  0.000000 -1.000000 0.000000
vn  0.000000 -1.000000 0.000000
vn  0.000000 1.000000 0.000000
vn  0.000000 1.000000 0.000000
vn  0.000000 1.000000 0.000000
vn  0.000000 1.000000 0.000000

g rdmobj43
usemtl STARTAN1
f  2967/2967/2967 2968/2968/2968 2969/2969/2969
f  2970/2970/2970 2967/2967/2967 2969/2969/2969
f  2971/2971/2971 2972/2972/2972 2973/2973/2973
f  2974/2974/2974 2971/2971/2971 2973/2973/2973
f  2975/2975/2975 2976/2976/2976 2977/2977/2977
f  2978/2978/2978 2975/2975/2975 2977/2977/2977
f  2979/2979/2979 2980/2980/2980 2981/2981/2981
f  2982/2982/2982 2979/2979/2979 2981/2981/2981
f  2983/2983/2983 2984/2984/2984 2985/2985/2985
f  2986/2986/2986 2983/2983/2983 2985/2985/2985
f  2987/2987/2987 2988/2988/2988 2989/2989/2989
f  2990/2990/2990 2987/2987/2987 2989/2989/2989
f  2991/2991/2991 2992/2992/2992 2993/2993/2993
f  2994/2994/2994 2991/2991/2991 2993/2993/2993
f  2995/2995/2995 2996/2996/2996 2997/2997/2997
f  2998/2998/2998 2995/2995/2995 2997/2997/2997
f  2999/2999/2999 3000/3000/3000 3001/3001/3001
f  3002/3002/3002 2999/2999/2999 3001/3001/3001
f  3003/3003/3003 3004/3004/3004 3005/3005/3005
f  3006/3006/3006 3003/3003/3003 3005/3005/3005

g
v  2976.000000 -4608.000000 -24.000000
v  2976.000000 -4608.000000 48.000000
v  2976.000000 -4632.000000 48.000000
v  2976.000000 -4632.000000 -24.000000
v  3040.000000 -4632.000000 -24.000000
v  3040.000000 -4632.000000 48.000000
v  3040.000000 -4608.000000 48.000000
v  3040.000000 -4608.000000 -24.000000
v  3040.000000 -4672.000000 -24.000000
v  3040.000000 -4672.000000 48.000000
v  3040.000000 -4648.000000 48.000000
v  3040.000000 -4648.000000 -24.000000
v  2976.000000 -4648.000000 -24.000000
v  2976.000000 -4648.000000 48.000000
v  2976.000000 -4672.000000 48.000000
v  2976.000000 -4672.000000 -24.000000
v  3040.000000 -4648.000000 -24.000000
v  3040.000000 -4648.000000 48.000000
v  2976.000000 -4648.000000 48.000000
v  2976.000000 -4648.000000 -24.000000
v  2976.000000 -4632.000000 -24.000000
v  2976.000000 -4632.000000 48.000000
v  3040.000000 -4632.000000 48.000000
v  3040.000000 -4632.000000 -24.000000

vt  0.875000 1.000000 0.000000
vt  0.875000 0.000000 0.000000
vt  0.687500 0.000000 0.000000
vt  0.687500 1.000000 0.000000
vt  0.687500 1.000000 0.000000
vt  0.687500 0.000000 0.000000
vt  0.500000 0.000000 0.000000
vt  0.500000 1.000000 0.000000
vt  0.875000 1.000000 0.000000
vt  0.875000 0.000000 0.000000
vt  0.687500 0.000000 0.000000
vt  0.687500 1.000000 0.000000
vt  0.687500 1.000000 0.000000
vt  0.687500 0.000000 0.000000
vt  0.500000 0.000000 0.000000
vt  0.500000 1.000000 0.000000
vt  0.500000 1.000000 0.000000
vt  0.500000 0.000000 0.000000
vt  0.000000 0.000000 0.000000
vt  0.000000 1.000000 0.000000
vt  0.500000 1.000000 0.000000
vt  0.500000 0.000000 0.000000
vt  0.000000 0.000000 0.000000
vt  0.000000 1.000000 0.000000

vn  1.000000 0.000000 0.000000
vn  1.000000 0.000000 0.000000
vn  0.894427 0.447214 0.000000
vn  0.447214 0.894427 0.000000
vn  -0.894427 0.447214 0.000000
vn  -0.447214 0.894427 0.000000
vn  -1.000000 0.000000 0.000000
vn  -1.000000 0.000000 0.000000
vn  -1.000000 0.000000 0.000000
vn  -1.000000 0.000000 0.000000
vn  -0.894427 -0.447214 0.000000
vn  -0.447214 -0.894427 0.000000
vn  0.894427 -0.447214 0.000000
vn  0.447214 -0.894427 0.000000
vn  1.000000 0.000000 0.000000
vn  1.000000 0.000000 0.000000
vn  -0.447214 -0.894427 0.000000
vn  -0.894427 -0.447214 0.000000
vn  0.447214 -0.894427 0.000000
vn  0.894427 -0.447214 0.000000
vn  0.447214 0.894427 0.000000
vn  0.894427 0.447214 0.000000
vn  -0.447214 0.894427 0.000000
vn  -0.894427 0.447214 0.000000

g rdmobj44
usemtl EXITDOOR
f  3007/3007/3007 3008/3008/3008 3009/3009/3009
f  3010/3010/3010 3007/3007/3007 3009/3009/3009
f  3011/3011/3011 3012/3012/3012 3013/3013/3013
f  3014/3014/3014 3011/3011/3011 3013/3013/3013
f  3015/3015/3015 3016/3016/3016 3017/3017/3017
f  3018/3018/3018 3015/3015/3015 3017/3017/3017
f  3019/3019/3019 3020/3020/3020 3021/3021/3021
f  3022/3022/3022 3019/3019/3019 3021/3021/3021
f  3023/3023/3023 3024/3024/3024 3025/3025/3025
f  3026/3026/3026 3023/3023/3023 3025/3025/3025
f  3027/3027/3027 3028/3028/3028 3029/3029/3029
f  3030/3030/3030 3027/3027/3027 3029/3029/3029

g
v  2912.000000 -4736.000000 -24.000000
v  2912.000000 -4736.000000 88.000000
v  2912.000000 -4800.000000 88.000000
v  2912.000000 -4800.000000 -24.000000

vt  1.000000 1.000000 0.000000
vt  1.000000 0.125000 0.000000
vt  0.000000 0.125000 0.000000
vt  0.000000 1.000000 0.000000

vn  1.000000 0.000000 0.000000
vn  1.000000 0.000000 0.000000
vn  1.000000 0.000000 0.000000
vn  1.000000 0.000000 0.000000

g rdmobj45
usemtl SW1STRTN
f  3031/3031/3031 3032/3032/3032 3033/3033/3033
f  3034/3034/3034 3031/3031/3031 3033/3033/3033

g
v  2944.000000 -4016.000000 -24.000000
v  2944.000000 -4016.000000 48.000000
v  3072.000000 -4016.000000 48.000000
v  3072.000000 -4016.000000 -24.000000
v  3072.000000 -4032.000000 -24.000000
v  3072.000000 -4032.000000 48.000000
v  2944.000000 -4032.000000 48.000000
v  2944.000000 -4032.000000 -24.000000

vt  1.000000 1.000000 0.000000
vt  1.000000 0.437500 0.000000
vt  0.000000 0.437500 0.000000
vt  0.000000 1.000000 0.000000
vt  1.000000 1.000000 0.000000
vt  1.000000 0.437500 0.000000
vt  0.000000 0.437500 0.000000
vt  0.000000 1.000000 0.000000

vn  0.000000 1.000000 0.000000
vn  0.000000 1.000000 0.000000
vn  0.000000 1.000000 0.000000
vn  0.000000 1.000000 0.000000
vn  0.000000 -1.000000 0.000000
vn  0.000000 -1.000000 0.000000
vn  0.000000 -1.000000 0.000000
vn  0.000000 -1.000000 0.000000

g rdmobj46
usemtl BIGDOOR4
f  3035/3035/3035 3036/3036/3036 3037/3037/3037
f  3038/3038/3038 3035/3035/3035 3037/3037/3037
f  3039/3039/3039 3040/3040/3040 3041/3041/3041
f  3042/3042/3042 3039/3039/3039 3041/3041/3041

g
v  2992.000000 -4592.000000 56.000000
v  2992.000000 -4592.000000 72.000000
v  3024.000000 -4592.000000 72.000000
v  3024.000000 -4592.000000 56.000000
v  3024.000000 -4600.000000 56.000000
v  3024.000000 -4600.000000 72.000000
v  2992.000000 -4600.000000 72.000000
v  2992.000000 -4600.000000 56.000000
v  3024.000000 -4592.000000 56.000000
v  3024.000000 -4592.000000 72.000000
v  2992.000000 -4600.000000 56.000000
v  2992.000000 -4600.000000 72.000000
v  2992.000000 -4840.000000 72.000000
v  2992.000000 -4840.000000 88.000000
v  3024.000000 -4840.000000 88.000000
v  3024.000000 -4840.000000 72.000000
v  3024.000000 -4848.000000 72.000000
v  3024.000000 -4848.000000 88.000000
v  2992.000000 -4848.000000 88.000000
v  2992.000000 -4848.000000 72.000000
v  3024.000000 -4840.000000 72.000000
v  3024.000000 -4840.000000 88.000000
v  2992.000000 -4848.000000 72.000000
v  2992.000000 -4848.000000 88.000000

vt  0.500000 1.000000 0.000000
vt  0.500000 0.000000 0.000000
vt  0.000000 0.000000 0.000000
vt  0.000000 1.000000 0.000000
vt  0.500000 1.000000 0.000000
vt  0.500000 0.000000 0.000000
vt  0.000000 0.000000 0.000000
vt  0.000000 1.000000 0.000000
vt  0.625000 1.000000 0.000000
vt  0.625000 0.000000 0.000000
vt  0.625000 1.000000 0.000000
vt  0.625000 0.000000 0.000000
vt  0.500000 1.000000 0.000000
vt  0.500000 0.000000 0.000000
vt  0.000000 0.000000 0.000000
vt  0.000000 1.000000 0.000000
vt  0.500000 1.000000 0.000000
vt  0.500000 0.000000 0.000000
vt  0.000000 0.000000 0.000000
vt  0.000000 1.000000 0.000000
vt  0.625000 1.000000 0.000000
vt  0.625000 0.000000 0.000000
vt  0.625000 1.000000 0.000000
vt  0.625000 0.000000 0.000000

vn  -0.447214 0.894427 0.000000
vn  -0.894427 0.447214 0.000000
vn  0.447214 0.894427 0.000000
vn  0.894427 0.447214 0.000000
vn  0.447214 -0.894427 0.000000
vn  0.894427 -0.447214 0.000000
vn  -0.447214 -0.894427 0.000000
vn  -0.894427 -0.447214 0.000000
vn  0.894427 0.447214 0.000000
vn  0.447214 0.894427 0.000000
vn  -0.894427 -0.447214 0.000000
vn  -0.447214 -0.894427 0.000000
vn  -0.447214 0.894427 0.000000
vn  -0.894427 0.447214 0.000000
vn  0.447214 0.894427 0.000000
vn  0.894427 0.447214 0.000000
vn  0.447214 -0.894427 0.000000
vn  0.894427 -0.447214 0.000000
vn  -0.447214 -0.894427 0.000000
vn  -0.894427 -0.447214 0.000000
vn  0.894427 0.447214 0.000000
vn  0.447214 0.894427 0.000000
vn  -0.894427 -0.447214 0.000000
vn  -0.447214 -0.894427 0.000000

g rdmobj47
usemtl EXITSIGN
f  3043/3043/3043 3044/3044/3044 3045/3045/3045
f  3046/3046/3046 3043/3043/3043 3045/3045/3045
f  3047/3047/3047 3048/3048/3048 3049/3049/3049
f  3050/3050/3050 3047/3047/3047 3049/3049/3049
f  3047/3047/3047 3051/3051/3051 3048/3048/3048
f  3051/3051/3051 3052/3052/3052 3048/3048/3048
f  3043/3043/3043 3053/3053/3053 3044/3044/3044
f  3053/3053/3053 3054/3054/3054 3044/3044/3044
f  3055/3055/3055 3056/3056/3056 3057/3057/3057
f  3058/3058/3058 3055/3055/3055 3057/3057/3057
f  3059/3059/3059 3060/3060/3060 3061/3061/3061
f  3062/3062/3062 3059/3059/3059 3061/3061/3061
f  3059/3059/3059 3063/3063/3063 3060/3060/3060
f  3063/3063/3063 3064/3064/3064 3060/3060/3060
f  3055/3055/3055 3065/3065/3065 3056/3056/3056
f  3065/3065/3065 3066/3066/3066 3056/3056/3056

g
v  -208.000000 -3264.000000 104.000000
v  -208.000000 -3264.000000 128.000000
v  -240.000000 -3264.000000 128.000000
v  -240.000000 -3264.000000 104.000000
v  -192.000000 -3248.000000 104.000000
v  -192.000000 -3248.000000 128.000000
v  -208.000000 -3264.000000 128.000000
v  -208.000000 -3264.000000 104.000000
v  -192.000000 -3216.000000 104.000000
v  -192.000000 -3216.000000 128.000000
v  -192.000000 -3248.000000 128.000000
v  -192.000000 -3248.000000 104.000000
v  -208.000000 -3200.000000 104.000000
v  -208.000000 -3200.000000 128.000000
v  -192.000000 -3216.000000 128.000000
v  -192.000000 -3216.000000 104.000000
v  -240.000000 -3200.000000 104.000000
v  -240.000000 -3200.000000 128.000000
v  -208.000000 -3200.000000 128.000000
v  -208.000000 -3200.000000 104.000000
v  -256.000000 -3216.000000 104.000000
v  -256.000000 -3216.000000 128.000000
v  -240.000000 -3200.000000 128.000000
v  -240.000000 -3200.000000 104.000000
v  -256.000000 -3248.000000 104.000000
v  -256.000000 -3248.000000 128.000000
v  -256.000000 -3216.000000 128.000000
v  -256.000000 -3216.000000 104.000000
v  -240.000000 -3264.000000 104.000000
v  -240.000000 -3264.000000 128.000000
v  -256.000000 -3248.000000 128.000000
v  -256.000000 -3248.000000 104.000000

vt  0.312500 1.250000 0.000000
vt  0.312500 1.062500 0.000000
vt  0.062500 1.062500 0.000000
vt  0.062500 1.250000 0.000000
vt  0.239277 1.250000 0.000000
vt  0.239277 1.062500 0.000000
vt  0.062500 1.062500 0.000000
vt  0.062500 1.250000 0.000000
vt  0.312500 1.250000 0.000000
vt  0.312500 1.062500 0.000000
vt  0.062500 1.062500 0.000000
vt  0.062500 1.250000 0.000000
vt  0.239277 1.250000 0.000000
vt  0.239277 1.062500 0.000000
vt  0.062500 1.062500 0.000000
vt  0.062500 1.250000 0.000000
vt  0.312500 1.250000 0.000000
vt  0.312500 1.062500 0.000000
vt  0.062500 1.062500 0.000000
vt  0.062500 1.250000 0.000000
vt  0.239277 1.250000 0.000000
vt  0.239277 1.062500 0.000000
vt  0.062500 1.062500 0.000000
vt  0.062500 1.250000 0.000000
vt  0.312500 1.250000 0.000000
vt  0.312500 1.062500 0.000000
vt  0.062500 1.062500 0.000000
vt  0.062500 1.250000 0.000000
vt  0.239277 1.250000 0.000000
vt  0.239277 1.062500 0.000000
vt  0.062500 1.062500 0.000000
vt  0.062500 1.250000 0.000000

vn  0.252725 -0.967538 0.000000
vn  0.505449 -0.862856 0.000000
vn  -0.252725 -0.967538 0.000000
vn  -0.505449 -0.862856 0.000000
vn  0.862856 -0.505449 0.000000
vn  0.967538 -0.252725 0.000000
vn  0.505449 -0.862856 0.000000
vn  0.252725 -0.967538 0.000000
vn  0.967538 0.252725 0.000000
vn  0.862856 0.505449 0.000000
vn  0.967538 -0.252725 0.000000
vn  0.862856 -0.505449 0.000000
vn  0.505449 0.862856 0.000000
vn  0.252725 0.967538 0.000000
vn  0.862856 0.505449 0.000000
vn  0.967538 0.252725 0.000000
vn  -0.252725 0.967538 0.000000
vn  -0.505449 0.862856 0.000000
vn  0.252725 0.967538 0.000000
vn  0.505449 0.862856 0.000000
vn  -0.862856 0.505449 0.000000
vn  -0.967538 0.252725 0.000000
vn  -0.505449 0.862856 0.000000
vn  -0.252725 0.967538 0.000000
vn  -0.967538 -0.252725 0.000000
vn  -0.862856 -0.505449 0.000000
vn  -0.967538 0.252725 0.000000
vn  -0.862856 0.505449 0.000000
vn  -0.505449 -0.862856 0.000000
vn  -0.252725 -0.967538 0.000000
vn  -0.862856 -0.505449 0.000000
vn  -0.967538 -0.252725 0.000000

g rdmobj48
usemtl TEKWALL1
f  3067/3067/3067 3068/3068/3068 3069/3069/3069
f  3070/3070/3070 3067/3067/3067 3069/3069/3069
f  3071/3071/3071 3072/3072/3072 3073/3073/3073
f  3074/3074/3074 3071/3071/3071 3073/3073/3073
f  3075/3075/3075 3076/3076/3076 3077/3077/3077
f  3078/3078/3078 3075/3075/3075 3077/3077/3077
f  3079/3079/3079 3080/3080/3080 3081/3081/3081
f  3082/3082/3082 3079/3079/3079 3081/3081/3081
f  3083/3083/3083 3084/3084/3084 3085/3085/3085
f  3086/3086/3086 3083/3083/3083 3085/3085/3085
f  3087/3087/3087 3088/3088/3088 3089/3089/3089
f  3090/3090/3090 3087/3087/3087 3089/3089/3089
f  3091/3091/3091 3092/3092/3092 3093/3093/3093
f  3094/3094/3094 3091/3091/3091 3093/3093/3093
f  3095/3095/3095 3096/3096/3096 3097/3097/3097
f  3098/3098/3098 3095/3095/3095 3097/3097/3097

g
v  1664.000000 -2112.000000 88.000000
v  1664.000000 -2112.000000 224.000000
v  1664.000000 -2368.000000 224.000000
v  1664.000000 -2368.000000 88.000000
v  2496.000000 -2112.000000 88.000000
v  2496.000000 -2112.000000 224.000000
v  1664.000000 -2112.000000 224.000000
v  1664.000000 -2112.000000 88.000000
v  2496.000000 -2496.000000 88.000000
v  2496.000000 -2496.000000 224.000000
v  2496.000000 -2112.000000 224.000000
v  2496.000000 -2112.000000 88.000000
v  1664.000000 -2752.000000 88.000000
v  1664.000000 -2752.000000 224.000000
v  2176.000000 -2752.000000 224.000000
v  2176.000000 -2752.000000 88.000000
v  1664.000000 -2624.000000 88.000000
v  1664.000000 -2624.000000 224.000000
v  1664.000000 -2752.000000 224.000000
v  1664.000000 -2752.000000 88.000000

vt  1.000000 1.062500 0.000000
vt  1.000000 0.000000 0.000000
vt  0.000000 0.000000 0.000000
vt  0.000000 1.062500 0.000000
vt  3.250000 1.062500 0.000000
vt  3.250000 0.000000 0.000000
vt  0.000000 0.000000 0.000000
vt  0.000000 1.062500 0.000000
vt  1.500000 1.062500 0.000000
vt  1.500000 0.000000 0.000000
vt  0.000000 0.000000 0.000000
vt  0.000000 1.062500 0.000000
vt  2.000000 1.062500 0.000000
vt  2.000000 0.000000 0.000000
vt  0.000000 0.000000 0.000000
vt  0.000000 1.062500 0.000000
vt  0.500000 1.062500 0.000000
vt  0.500000 0.000000 0.000000
vt  0.000000 0.000000 0.000000
vt  0.000000 1.062500 0.000000

vn  0.894427 -0.447214 0.000000
vn  0.447214 -0.894427 0.000000
vn  1.000000 0.000000 0.000000
vn  1.000000 0.000000 0.000000
vn  -0.447214 -0.894427 0.000000
vn  -0.894427 -0.447214 0.000000
vn  0.447214 -0.894427 0.000000
vn  0.894427 -0.447214 0.000000
vn  -1.000000 0.000000 0.000000
vn  -1.000000 0.000000 0.000000
vn  -0.894427 -0.447214 0.000000
vn  -0.447214 -0.894427 0.000000
vn  0.447214 0.894427 0.000000
vn  0.894427 0.447214 0.000000
vn  0.000000 1.000000 0.000000
vn  0.000000 1.000000 0.000000
vn  1.000000 0.000000 0.000000
vn  1.000000 0.000000 0.000000
vn  0.894427 0.447214 0.000000
vn  0.447214 0.894427 0.000000

g rdmobj49
usemtl COMPTALL
f  3099/3099/3099 3100/3100/3100 3101/3101/3101
f  3102/3102/3102 3099/3099/3099 3101/3101/3101
f  3103/3103/3103 3104/3104/3104 3105/3105/3105
f  3106/3106/3106 3103/3103/3103 3105/3105/3105
f  3107/3107/3107 3108/3108/3108 3109/3109/3109
f  3110/3110/3110 3107/3107/3107 3109/3109/3109
f  3111/3111/3111 3112/3112/3112 3113/3113/3113
f  3114/3114/3114 3111/3111/3111 3113/3113/3113
f  3115/3115/3115 3116/3116/3116 3117/3117/3117
f  3118/3118/3118 3115/3115/3115 3117/3117/3117

g
v  1664.000000 -2112.000000 0.000000
v  1664.000000 -2112.000000 32.000000
v  1664.000000 -2368.000000 32.000000
v  1664.000000 -2368.000000 0.000000
v  2496.000000 -2112.000000 0.000000
v  2496.000000 -2112.000000 32.000000
v  1664.000000 -2112.000000 32.000000
v  1664.000000 -2112.000000 0.000000
v  2496.000000 -2496.000000 0.000000
v  2496.000000 -2496.000000 32.000000
v  2496.000000 -2112.000000 32.000000
v  2496.000000 -2112.000000 0.000000
v  1664.000000 -2752.000000 0.000000
v  1664.000000 -2752.000000 32.000000
v  2176.000000 -2752.000000 32.000000
v  2176.000000 -2752.000000 0.000000
v  1664.000000 -2624.000000 0.000000
v  1664.000000 -2624.000000 32.000000
v  1664.000000 -2752.000000 32.000000
v  1664.000000 -2752.000000 0.000000

vt  8.000000 0.250000 0.000000
vt  8.000000 0.000000 0.000000
vt  0.000000 0.000000 0.000000
vt  0.000000 0.250000 0.000000
vt  26.000000 0.250000 0.000000
vt  26.000000 0.000000 0.000000
vt  0.000000 0.000000 0.000000
vt  0.000000 0.250000 0.000000
vt  12.000000 0.250000 0.000000
vt  12.000000 0.000000 0.000000
vt  0.000000 0.000000 0.000000
vt  0.000000 0.250000 0.000000
vt  16.000000 0.250000 0.000000
vt  16.000000 0.000000 0.000000
vt  0.000000 0.000000 0.000000
vt  0.000000 0.250000 0.000000
vt  4.000000 0.250000 0.000000
vt  4.000000 0.000000 0.000000
vt  0.000000 0.000000 0.000000
vt  0.000000 0.250000 0.000000

vn  0.894427 -0.447214 0.000000
vn  0.447214 -0.894427 0.000000
vn  1.000000 0.000000 0.000000
vn  1.000000 0.000000 0.000000
vn  -0.447214 -0.894427 0.000000
vn  -0.894427 -0.447214 0.000000
vn  0.447214 -0.894427 0.000000
vn  0.894427 -0.447214 0.000000
vn  -1.000000 0.000000 0.000000
vn  -1.000000 0.000000 0.000000
vn  -0.894427 -0.447214 0.000000
vn  -0.447214 -0.894427 0.000000
vn  0.447214 0.894427 0.000000
vn  0.894427 0.447214 0.000000
vn  0.000000 1.000000 0.000000
vn  0.000000 1.000000 0.000000
vn  1.000000 0.000000 0.000000
vn  1.000000 0.000000 0.000000
vn  0.894427 0.447214 0.000000
vn  0.447214 0.894427 0.000000

g rdmobj50
usemtl COMPSPAN
f  3119/3119/3119 3120/3120/3120 3121/3121/3121
f  3122/3122/3122 3119/3119/3119 3121/3121/3121
f  3123/3123/3123 3124/3124/3124 3125/3125/3125
f  3126/3126/3126 3123/3123/3123 3125/3125/3125
f  3127/3127/3127 3128/3128/3128 3129/3129/3129
f  3130/3130/3130 3127/3127/3127 3129/3129/3129
f  3131/3131/3131 3132/3132/3132 3133/3133/3133
f  3134/3134/3134 3131/3131/3131 3133/3133/3133
f  3135/3135/3135 3136/3136/3136 3137/3137/3137
f  3138/3138/3138 3135/3135/3135 3137/3137/3137

g
v  1984.000000 -2240.000000 96.000000
v  1984.000000 -2240.000000 224.000000
v  1984.000000 -2304.000000 224.000000
v  1984.000000 -2304.000000 96.000000
v  1792.000000 -2240.000000 96.000000
v  1792.000000 -2240.000000 224.000000
v  1984.000000 -2240.000000 224.000000
v  1984.000000 -2240.000000 96.000000
v  1792.000000 -2304.000000 96.000000
v  1792.000000 -2304.000000 224.000000
v  1792.000000 -2240.000000 224.000000
v  1792.000000 -2240.000000 96.000000
v  1984.000000 -2304.000000 96.000000
v  1984.000000 -2304.000000 224.000000
v  1792.000000 -2304.000000 224.000000
v  1792.000000 -2304.000000 96.000000
v  1984.000000 -2560.000000 96.000000
v  1984.000000 -2560.000000 224.000000
v  1984.000000 -2624.000000 224.000000
v  1984.000000 -2624.000000 96.000000
v  1792.000000 -2560.000000 96.000000
v  1792.000000 -2560.000000 224.000000
v  1984.000000 -2560.000000 224.000000
v  1984.000000 -2560.000000 96.000000
v  1792.000000 -2624.000000 96.000000
v  1792.000000 -2624.000000 224.000000
v  1792.000000 -2560.000000 224.000000
v  1792.000000 -2560.000000 96.000000
v  1984.000000 -2624.000000 96.000000
v  1984.000000 -2624.000000 224.000000
v  1792.000000 -2624.000000 224.000000
v  1792.000000 -2624.000000 96.000000

vt  0.250000 1.000000 0.000000
vt  0.250000 0.000000 0.000000
vt  0.000000 0.000000 0.000000
vt  0.000000 1.000000 0.000000
vt  0.750000 1.000000 0.000000
vt  0.750000 0.000000 0.000000
vt  0.000000 0.000000 0.000000
vt  0.000000 1.000000 0.000000
vt  0.250000 1.000000 0.000000
vt  0.250000 0.000000 0.000000
vt  0.000000 0.000000 0.000000
vt  0.000000 1.000000 0.000000
vt  0.750000 1.000000 0.000000
vt  0.750000 0.000000 0.000000
vt  0.000000 0.000000 0.000000
vt  0.000000 1.000000 0.000000
vt  0.250000 1.000000 0.000000
vt  0.250000 0.000000 0.000000
vt  0.000000 0.000000 0.000000
vt  0.000000 1.000000 0.000000
vt  0.750000 1.000000 0.000000
vt  0.750000 0.000000 0.000000
vt  0.000000 0.000000 0.000000
vt  0.000000 1.000000 0.000000
vt  0.250000 1.000000 0.000000
vt  0.250000 0.000000 0.000000
vt  0.000000 0.000000 0.000000
vt  0.000000 1.000000 0.000000
vt  0.750000 1.000000 0.000000
vt  0.750000 0.000000 0.000000
vt  0.000000 0.000000 0.000000
vt  0.000000 1.000000 0.000000

vn  0.894427 0.447214 0.000000
vn  0.447214 0.894427 0.000000
vn  0.894427 -0.447214 0.000000
vn  0.447214 -0.894427 0.000000
vn  -0.447214 0.894427 0.000000
vn  -0.894427 0.447214 0.000000
vn  0.447214 0.894427 0.000000
vn  0.894427 0.447214 0.000000
vn  -0.894427 -0.447214 0.000000
vn  -0.447214 -0.894427 0.000000
vn  -0.894427 0.447214 0.000000
vn  -0.447214 0.894427 0.000000
vn  0.447214 -0.894427 0.000000
vn  0.894427 -0.447214 0.000000
vn  -0.447214 -0.894427 0.000000
vn  -0.894427 -0.447214 0.000000
vn  0.894427 0.447214 0.000000
vn  0.447214 0.894427 0.000000
vn  0.894427 -0.447214 0.000000
vn  0.447214 -0.894427 0.000000
vn  -0.447214 0.894427 0.000000
vn  -0.894427 0.447214 0.000000
vn  0.447214 0.894427 0.000000
vn  0.894427 0.447214 0.000000
vn  -0.894427 -0.447214 0.000000
vn  -0.447214 -0.894427 0.000000
vn  -0.894427 0.447214 0.000000
vn  -0.447214 0.894427 0.000000
vn  0.447214 -0.894427 0.000000
vn  0.894427 -0.447214 0.000000
vn  -0.447214 -0.894427 0.000000
vn  -0.894427 -0.447214 0.000000

g rdmobj51
usemtl PLANET1
f  3139/3139/3139 3140/3140/3140 3141/3141/3141
f  3142/3142/3142 3139/3139/3139 3141/3141/3141
f  3143/3143/3143 3144/3144/3144 3145/3145/3145
f  3146/3146/3146 3143/3143/3143 3145/3145/3145
f  3147/3147/3147 3148/3148/3148 3149/3149/3149
f  3150/3150/3150 3147/3147/3147 3149/3149/3149
f  3151/3151/3151 3152/3152/3152 3153/3153/3153
f  3154/3154/3154 3151/3151/3151 3153/3153/3153
f  3155/3155/3155 3156/3156/3156 3157/3157/3157
f  3158/3158/3158 3155/3155/3155 3157/3157/3157
f  3159/3159/3159 3160/3160/3160 3161/3161/3161
f  3162/3162/3162 3159/3159/3159 3161/3161/3161
f  3163/3163/3163 3164/3164/3164 3165/3165/3165
f  3166/3166/3166 3163/3163/3163 3165/3165/3165
f  3167/3167/3167 3168/3168/3168 3169/3169/3169
f  3170/3170/3170 3167/3167/3167 3169/3169/3169

g
v  2336.000000 -2592.000000 0.000000
v  2336.000000 -2592.000000 224.000000
v  2112.000000 -2592.000000 224.000000
v  2112.000000 -2592.000000 0.000000
v  2336.000000 -2272.000000 0.000000
v  2336.000000 -2272.000000 224.000000
v  2336.000000 -2592.000000 224.000000
v  2336.000000 -2592.000000 0.000000
v  2112.000000 -2272.000000 0.000000
v  2112.000000 -2272.000000 224.000000
v  2336.000000 -2272.000000 224.000000
v  2336.000000 -2272.000000 0.000000
v  2112.000000 -2304.000000 0.000000
v  2112.000000 -2304.000000 224.000000
v  2112.000000 -2272.000000 224.000000
v  2112.000000 -2272.000000 0.000000
v  2176.000000 -2304.000000 8.000000
v  2176.000000 -2304.000000 152.000000
v  2144.000000 -2304.000000 152.000000
v  2144.000000 -2304.000000 8.000000
v  2208.000000 -2304.000000 16.000000
v  2208.000000 -2304.000000 152.000000
v  2176.000000 -2304.000000 152.000000
v  2176.000000 -2304.000000 16.000000
v  2304.000000 -2304.000000 24.000000
v  2304.000000 -2304.000000 152.000000
v  2208.000000 -2304.000000 152.000000
v  2208.000000 -2304.000000 24.000000
v  2304.000000 -2560.000000 24.000000
v  2304.000000 -2560.000000 152.000000
v  2304.000000 -2304.000000 152.000000
v  2304.000000 -2304.000000 24.000000
v  2208.000000 -2560.000000 24.000000
v  2208.000000 -2560.000000 152.000000
v  2304.000000 -2560.000000 152.000000
v  2304.000000 -2560.000000 24.000000
v  2176.000000 -2560.000000 16.000000
v  2176.000000 -2560.000000 152.000000
v  2208.000000 -2560.000000 152.000000
v  2208.000000 -2560.000000 16.000000
v  2144.000000 -2560.000000 8.000000
v  2144.000000 -2560.000000 152.000000
v  2176.000000 -2560.000000 152.000000
v  2176.000000 -2560.000000 8.000000
v  2112.000000 -2592.000000 0.000000
v  2112.000000 -2592.000000 224.000000
v  2112.000000 -2560.000000 224.000000
v  2112.000000 -2560.000000 0.000000
v  2144.000000 -2560.000000 152.000000
v  2144.000000 -2560.000000 224.000000
v  2144.000000 -2304.000000 224.000000
v  2144.000000 -2304.000000 152.000000

vt  1.750000 1.750000 0.000000
vt  1.750000 0.000000 0.000000
vt  0.000000 0.000000 0.000000
vt  0.000000 1.750000 0.000000
vt  2.500000 1.750000 0.000000
vt  2.500000 0.000000 0.000000
vt  0.000000 0.000000 0.000000
vt  0.000000 1.750000 0.000000
vt  1.750000 1.750000 0.000000
vt  1.750000 0.000000 0.000000
vt  0.000000 0.000000 0.000000
vt  0.000000 1.750000 0.000000
vt  0.250000 1.750000 0.000000
vt  0.250000 0.000000 0.000000
vt  0.000000 0.000000 0.000000
vt  0.000000 1.750000 0.000000
vt  0.250000 1.125000 0.000000
vt  0.250000 0.000000 0.000000
vt  0.000000 0.000000 0.000000
vt  0.000000 1.125000 0.000000
vt  1.000000 1.062500 0.000000
vt  1.000000 0.000000 0.000000
vt  0.750000 0.000000 0.000000
vt  0.750000 1.062500 0.000000
vt  0.750000 1.000000 0.000000
vt  0.750000 0.000000 0.000000
vt  0.000000 0.000000 0.000000
vt  0.000000 1.000000 0.000000
vt  2.000000 1.000000 0.000000
vt  2.000000 0.000000 0.000000
vt  0.000000 0.000000 0.000000
vt  0.000000 1.000000 0.000000
vt  0.750000 1.000000 0.000000
vt  0.750000 0.000000 0.000000
vt  0.000000 0.000000 0.000000
vt  0.000000 1.000000 0.000000
vt  0.250000 1.062500 0.000000
vt  0.250000 0.000000 0.000000
vt  0.000000 0.000000 0.000000
vt  0.000000 1.062500 0.000000
vt  1.000000 1.125000 0.000000
vt  1.000000 0.000000 0.000000
vt  0.750000 0.000000 0.000000
vt  0.750000 1.125000 0.000000
vt  0.250000 1.750000 0.000000
vt  0.250000 0.000000 0.000000
vt  0.000000 0.000000 0.000000
vt  0.000000 1.750000 0.000000
vt  2.000000 0.562500 0.000000
vt  2.000000 0.000000 0.000000
vt  0.000000 0.000000 0.000000
vt  0.000000 0.562500 0.000000

vn  0.447214 -0.894427 0.000000
vn  0.894427 -0.447214 0.000000
vn  -0.447214 -0.894427 0.000000
vn  -0.894427 -0.447214 0.000000
vn  0.894427 0.447214 0.000000
vn  0.447214 0.894427 0.000000
vn  0.894427 -0.447214 0.000000
vn  0.447214 -0.894427 0.000000
vn  -0.447214 0.894427 0.000000
vn  -0.894427 0.447214 0.000000
vn  0.447214 0.894427 0.000000
vn  0.894427 0.447214 0.000000
vn  -1.000000 0.000000 0.000000
vn  -1.000000 0.000000 0.000000
vn  -0.894427 0.447214 0.000000
vn  -0.447214 0.894427 0.000000
vn  0.000000 -1.000000 0.000000
vn  0.000000 -1.000000 0.000000
vn  -0.447214 -0.894427 0.000000
vn  0.000000 -1.000000 0.000000
vn  0.000000 -1.000000 0.000000
vn  0.000000 -1.000000 0.000000
vn  0.000000 -1.000000 0.000000
vn  0.000000 -1.000000 0.000000
vn  -0.447214 -0.894427 0.000000
vn  -0.894427 -0.447214 0.000000
vn  0.000000 -1.000000 0.000000
vn  0.000000 -1.000000 0.000000
vn  -0.894427 0.447214 0.000000
vn  -0.447214 0.894427 0.000000
vn  -0.894427 -0.447214 0.000000
vn  -0.447214 -0.894427 0.000000
vn  0.000000 1.000000 0.000000
vn  0.000000 1.000000 0.000000
vn  -0.447214 0.894427 0.000000
vn  -0.894427 0.447214 0.000000
vn  0.000000 1.000000 0.000000
vn  0.000000 1.000000 0.000000
vn  0.000000 1.000000 0.000000
vn  0.000000 1.000000 0.000000
vn  0.000000 1.000000 0.000000
vn  -0.894427 0.447214 0.000000
vn  0.000000 1.000000 0.000000
vn  0.000000 1.000000 0.000000
vn  -0.894427 -0.447214 0.000000
vn  -0.447214 -0.894427 0.000000
vn  -1.000000 0.000000 0.000000
vn  -1.000000 0.000000 0.000000
vn  -0.894427 0.447214 0.000000
vn  -1.000000 0.000000 0.000000
vn  -1.000000 0.000000 0.000000
vn  -0.447214 -0.894427 0.000000

g rdmobj52
usemtl COMPTILE
f  3171/3171/3171 3172/3172/3172 3173/3173/3173
f  3174/3174/3174 3171/3171/3171 3173/3173/3173
f  3175/3175/3175 3176/3176/3176 3177/3177/3177
f  3178/3178/3178 3175/3175/3175 3177/3177/3177
f  3179/3179/3179 3180/3180/3180 3181/3181/3181
f  3182/3182/3182 3179/3179/3179 3181/3181/3181
f  3183/3183/3183 3184/3184/3184 3185/3185/3185
f  3186/3186/3186 3183/3183/3183 3185/3185/3185
f  3187/3187/3187 3188/3188/3188 3189/3189/3189
f  3190/3190/3190 3187/3187/3187 3189/3189/3189
f  3191/3191/3191 3192/3192/3192 3193/3193/3193
f  3194/3194/3194 3191/3191/3191 3193/3193/3193
f  3195/3195/3195 3196/3196/3196 3197/3197/3197
f  3198/3198/3198 3195/3195/3195 3197/3197/3197
f  3199/3199/3199 3200/3200/3200 3201/3201/3201
f  3202/3202/3202 3199/3199/3199 3201/3201/3201
f  3203/3203/3203 3204/3204/3204 3205/3205/3205
f  3206/3206/3206 3203/3203/3203 3205/3205/3205
f  3207/3207/3207 3208/3208/3208 3209/3209/3209
f  3210/3210/3210 3207/3207/3207 3209/3209/3209
f  3211/3211/3211 3212/3212/3212 3213/3213/3213
f  3214/3214/3214 3211/3211/3211 3213/3213/3213
f  3215/3215/3215 3216/3216/3216 3217/3217/3217
f  3218/3218/3218 3215/3215/3215 3217/3217/3217
f  3219/3219/3219 3220/3220/3220 3221/3221/3221
f  3222/3222/3222 3219/3219/3219 3221/3221/3221

g
v  2144.000000 -2560.000000 0.000000
v  2144.000000 -2560.000000 8.000000
v  2144.000000 -2304.000000 8.000000
v  2144.000000 -2304.000000 0.000000
v  2176.000000 -2560.000000 8.000000
v  2176.000000 -2560.000000 16.000000
v  2176.000000 -2304.000000 16.000000
v  2176.000000 -2304.000000 8.000000
v  2208.000000 -2560.000000 16.000000
v  2208.000000 -2560.000000 24.000000
v  2208.000000 -2304.000000 24.000000
v  2208.000000 -2304.000000 16.000000

vt  8.000000 1.000000 0.000000
vt  8.000000 0.000000 0.000000
vt  0.000000 0.000000 0.000000
vt  0.000000 1.000000 0.000000
vt  8.000000 1.000000 0.000000
vt  8.000000 0.000000 0.000000
vt  0.000000 0.000000 0.000000
vt  0.000000 1.000000 0.000000
vt  8.000000 1.000000 0.000000
vt  8.000000 0.000000 0.000000
vt  0.000000 0.000000 0.000000
vt  0.000000 1.000000 0.000000

vn  -1.000000 0.000000 0.000000
vn  -1.000000 0.000000 0.000000
vn  -1.000000 0.000000 0.000000
vn  -1.000000 0.000000 0.000000
vn  -1.000000 0.000000 0.000000
vn  -1.000000 0.000000 0.000000
vn  -1.000000 0.000000 0.000000
vn  -1.000000 0.000000 0.000000
vn  -1.000000 0.000000 0.000000
vn  -1.000000 0.000000 0.000000
vn  -1.000000 0.000000 0.000000
vn  -1.000000 0.000000 0.000000

g rdmobj53
usemtl STEP1
f  3223/3223/3223 3224/3224/3224 3225/3225/3225
f  3226/3226/3226 3223/3223/3223 3225/3225/3225
f  3227/3227/3227 3228/3228/3228 3229/3229/3229
f  3230/3230/3230 3227/3227/3227 3229/3229/3229
f  3231/3231/3231 3232/3232/3232 3233/3233/3233
f  3234/3234/3234 3231/3231/3231 3233/3233/3233

g
